 순번 , 제안코드 , 과제유형 , 과제코드 , 과제명 , 착수일 , 완료일 , 완료평가결재일 , 연구비 , 총연구비 , 집행실적 , 총단계 , 현단계 , 연구부서 , 파견부서 , 완료당시 연구부서 , 완료평가 결재부서 , 연구책임자 , 활용부서 , 활용책임자 , 기술분야 , 활용예정일자 , 정성효과유형 , 사업분야 , 완료평가성과유형 , 생산성향상 , 원단위절감 , 제품개발/수입대체 , 자재수명향상 , 분석기술개발 , 부산물/폐기물재활용 , 신수요창출 , 실수율/품질향상 , 공정개선 , 에너지절감 , 장치제작개발 , 자동화에의한인력합리 , 환경비용절감 , 기타 , 정량효과유형 , 산출내역 , 총비용 , 년간기대이익 , 기술지속년수 , 연구기여도 , 총기대이익 , 투자효율 , 진행상태 
1,20209078, 현업과제 , 2020P193 , 3-2연주기 On-Line 면 Scarfer 용삭 Profile 및 용삭량 계측 시스템 개발 (1/1) , 2020-06-22 , 2023-12-29 , 2024-04-05 ,"1,147,892,941","1,147,892,941","1,360,379,547",1,1, 공정DX연구소 로봇AI연구그룹 ,  , 포스코홀딩스 , 친환경제조공정솔루션센터 , 이종학 , (광양)후판부 연주기술개발섹션 , 최현규 , (엔지니어링)제어계측-생산성향상기술 , 2024-02-26 , 기술축적 , 철강분야 , 정량효과 ,0,0,0,0,0,0,0,"140,000,000",0,0,0,0,0,0, 실수율/품질향상 ," ○ 과스카핑 소재 정상 스카핑될 시, 실평중량 계산값 : 25.0톤 / 100.4 * 100.8 = 25.1톤 ▶ 과스카핑 량 : 25.1톤 – 25.0톤 = 0.1톤 (100kg) ▶ 계산식 : 과스카핑량 x (‘20년 한계원가 – 제강 Dust 단광 內 Scale 단가(회수/배합비 고려)) = 1,629톤 x (424 – 340천원/톤) = 1.4억원/년 ","1,727,892,941","140,000,000",4,100,"560,000,000",0.32, 과제종결(완료평가) 
2,20209354, 미래기술과제 , 2020P094 , 고내식 AlZn 1470HPF 도금 공정 기술 개발 , 2020-03-23 , 2023-03-17 , 2023-03-09 ,"2,501,641,310","2,501,641,310","2,820,309,146",1,1, 제품연구소 표면연구그룹 ,  , 자동차소재연구소 자동차소재표면연구그룹 , 자동차소재연구소 자동차소재표면연구그룹 , 황현석 , 자동차소재연구소 자동차소재표면연구그룹 , 백두진 , (공정)표면처리공정-제품양산기술 , 2023-07-01 , 기술축적 , 철강분야 , 정량효과 ,0,0,0,0,0,0,"2,140,000,000",0,0,0,0,0,0,0, 신수요창출 , 신수요 창출 = (신규 수요 예상량) * 톤당 영업이익 = 2.3만톤 * 9.3만원/톤 = 21.4억 (* 신규수요예상량 : ‘25년 당사 Al 판매목표량 (23만톤) * 10% = 2.3만톤)) (* 당사판매가격 : ‘21년 AL-HPF강 ERP자료 ) ,"2,501,641,310","2,140,000,000",1.5,80,"3,210,000,000",1.28, 과제종결(완료평가) 
3,20209392, 현업과제 , 2020P200 , 3후판 압연구간 ACR-가속냉각 복합냉각 제어기술개발 , 2020-06-26 , 2023-04-28 , 2023-04-25 ,"1,361,390,114","1,361,390,114","955,500,969",1,1, 포스코홀딩스 ,  , 공정연구소 철강엔지니어링연구그룹 , 공정연구소 철강엔지니어링연구그룹 , 민관식 , (포항)후판부 , 홍헌호 , (공정)후판공정-제품양산기술 , 2024-07-01 , 기술축적 , 철강분야 , 정량효과 ,0,"300,000,000",0,0,0,0,0,"1,050,000,000",0,0,0,0,0,0," 실수율/품질향상,원단위절감 "," - ACR을 이용한 페라이트 미세화 효과로 X70의 성분원소 절감 : 3억원/년 . 기대효과 산출강종 성분계 : Mn 1.55 Nb 0.04 Ni 0.1 Mo 0.08 를 Mn 1.6 Nb 0.05 Ni/Mo 변경 . X70 판매량 (20t이하, 협폭재) 20,000톤/년, X70 성분원가 (Ni/Mo) 저감 3만원/톤 (3만~3.2만으로 보수적 설정) - 표면 저경도, 중심부 고강도부 동시 확보 HARD SPOT 보증 냉각기술 확보 : 10.5억원/년 . 판매량 29,000톤/년, 영업이익 72,250원/톤, 기여율 50% ","1,361,390,114","1,350,000,000",4,100,"5,400,000,000",3.97, 과제종결(완료평가) 
4,20213007, 현업과제 , 2021P511 , 2제강 표준 ATOM 설비 도출 및 상시 버블링 조업/운용 기술 개발 , 2021-12-13 , 2023-06-30 , 2023-07-07 ,"666,161,798","666,161,798","743,866,721",1,1, 공정DX연구소 제강연구그룹 ,  , 강재연구소 제강연구그룹 , 강재연구소 제강연구그룹 , 김성줄 , (포항)제강부 , 최웅렬 , (공정)제강공정-불량율저감기술 , 2024-01-01 , 기술축적 , 철강분야 , 정성효과 ,0,0,0,0,0,0,0,0,0,0,0,0,0,0,  ,  ,"666,161,798",0,  ,  ,0,0, 과제종결(완료평가) 
5,20213034, 미래기술과제 , 2021P492 , PosH690(STG800)을 적용한 PC 세그먼트 및 궤도슬래브 구조시스템 개발 , 2021-10-25 , 2023-02-03 , 2023-02-06 ,"927,605,000","927,605,000","858,658,303",1,1, 솔루션연구소 강건재솔루션연구그룹 ,  , 철강솔루션연구소 구조연구그룹 , 철강솔루션연구소 구조연구그룹 , 노명현 , 철강솔루션연구소 구조연구그룹 , 박찬희 , (이용)강구조 , 2024-05-01 , 철강신수요창출 , 철강분야 , 정성효과 ,0,0,0,0,0,0,0,0,0,0,0,0,0,0,  ,  ,"927,605,000",0,  ,  ,0,0, 과제종결(완료평가) 
6,20213056, 현업과제 , 2021P369 , STS2제강 AOD 노전 배재기 설치로 Skimmer 공정생략 프로세스 구축 , 2021-06-07 , 2023-03-31 , 2023-03-31 ,"1,612,528,500","1,612,528,500","1,334,968,529",1,1, 공정DX연구소 압연엔지니어링연구그룹 ,  , (포항)PosMC기술개발TF팀 , 공정연구소 철강엔지니어링연구그룹 , 박철민 , (포항)STS제강부 , 조용석 , (공정)STS공정-원가절감기술 , 2023-04-03 , 기술축적 , 철강분야 , 정량효과 ,0,"536,000,000",0,0,0,0,0,0,0,0,0,0,0,0, 원단위절감 ," Mn환원성 : +8,823원/톤, Cr환원성 : +4,784원/톤, 부원료증가 : -879원/톤, 열Loss저감금액 : +4,688원/톤, 총 경제성 : +17,416원/톤 총 경제성(원/톤) × 수입용강량(톤/Ch) × Seq' 內 노전배재 횟수(Ch/Seq) × 연간 304 Seq'(Seq/년) × Cr2O3 달성률(%) ☞ 17,416원/톤 × 99.2톤/Ch × 1Ch/Seq × 388Seq/년 × 80% = +536백만원/년 노전배재기 투자비 :+852백만원 ","1,612,528,500","536,000,000",4,50,"2,144,000,000",1.33, 과제종결(완료평가) 
7,20213148, 미래기술과제 , 2021P507 , 해상풍력 모노파일 S-N Curve 설계승인을 위한 EN-S355ML 피로성능 평가 , 2021-11-15 , 2023-06-02 , 2023-06-05 ,"332,224,000","332,224,000","288,350,335",1,1, 솔루션연구소 강건재솔루션연구그룹 ,  , 철강솔루션연구소 구조연구그룹 , 철강솔루션연구소 구조연구그룹 , 김종민 , 철강솔루션연구소 구조연구그룹 , 박찬희 , (이용)강구조 , 2024-12-31 , 철강신수요창출 , 철강분야 , 정량효과 ,0,0,0,0,0,0,"350,000,000",0,0,0,0,0,0,0, 신수요창출 , 연간기대이익 3.5억원 (= 내피로 EN-S355ML 신규수요창출 5천톤/년 x 영엽이익 70천원/톤) ,"332,224,000","350,000,000",4,50,"1,400,000,000",4.21, 과제종결(완료평가) 
8,20213186, 미래기술과제 , 2021P525 , AHSS 냉간 성형성 향상을 위한 윤활코팅 강판 개발 , 2021-12-27 , 2023-03-31 , 2023-03-24 ,"491,346,100","491,346,100","742,529,175",1,1, 제품연구소 표면연구그룹 ,  , 자동차소재연구소 자동차소재표면연구그룹 , 자동차소재연구소 자동차소재표면연구그룹 , 최하나 , 자동차소재연구소 자동차소재표면연구그룹 , 백두진 , (제품)표면처리제품-선도제품개발기술 , 2023-12-29 , 철강신수요창출 , 철강분야 , 정성효과 ,0,0,0,0,0,0,0,0,0,0,0,0,0,0,  ,  ,"491,346,100",0,  ,  ,0,0, 과제종결(완료평가) 
9,20213226, 미래기술과제 , 2021P313 , 고로 본체 설비 Smart 관리모델 개발 , 2021-04-05 , 2023-01-27 , 2023-02-01 ,"961,706,000","1,881,690,000","958,336,153",2,2, 공정DX연구소 압연엔지니어링연구그룹 ,  , 공정연구소 철강엔지니어링연구그룹 , 공정연구소 철강엔지니어링연구그룹 , 김정일 , 공정연구소 철강엔지니어링연구그룹 , 황종연 , (엔지니어링)열유체-Smart solution기술(AI/Big Data/IoT) , 2023-02-01 , 기술축적 , 철강분야 , 정량효과 ,0,"96,286,770",0,"1,087,219,688",0,0,0,0,0,0,0,0,0,0," 원단위절감,자재수명향상 "," 개수시 본체 투자비 386,567,000,000 이자비용 3% 개수연장 연수 1 연장된 고로수명 16 대상고로 수 3 설비 수명연장 1,087,219,688 기여율 1일 생산량 50% 2고로 3고로 4고로 비고/비율/합계 일생산량 5,581 12,628 12,603 1년평균 6시간 감산량 1,395 3,157 3,151 0.25 고정가공비 고려 34,882,418 78,922,442 78,768,681 96,286,770 ","961,706,000","1,183,506,458",4,50,"4,734,025,832",4.92, 과제종결(완료평가) 
10,20213251, 현업과제 , 2021P488 , STS제강 전기로 집진효율 향상기술 개발(2/2) , 2021-10-18 , 2023-06-30 , 2023-06-28 ,"3,086,455,800","3,629,515,800","3,202,955,888",2,2, 공정DX연구소 압연엔지니어링연구그룹 ,  , 공정연구소 철강엔지니어링연구그룹 , 공정연구소 철강엔지니어링연구그룹 , 김구화 , (포항)STS제강부 , 조용석 , (환경/에너지)환경-대기기술 , 2023-07-03 , 법/제도규제대응 , 철강분야 , 정성효과 ,0,0,0,0,0,0,0,0,0,0,0,0,0,0,  ,  ,"3,086,455,800",0,  ,  ,0,0, 과제종결(완료평가) 
11,20213348, 현업과제 , 2021P372 , 블랜딩 Pile 적치상태 진단 및 편심 자동추적을 통한 구간별 성분변화 예측 기술 , 2021-05-31 , 2022-11-25 , 2023-01-20 ,"917,444,500","917,444,500","939,766,016",1,1, 공정연구소 LiB건식리사이클링연구TF팀 ,  , 저탄소공정연구소 제선FINEX연구그룹 , 저탄소공정연구소 제선FINEX연구그룹 , 박종력 , (포항)제선부 , 최규택 , (공정)제선공정-원가절감기술 , 2023-06-30 , 기술축적 , 철강분야 , 정량효과 ,0,0,0,0,0,0,0,"1,120,000,000",0,"470,000,000",0,0,0,0," 실수율/품질향상,에너지절감 "," 1) 전제조건 - 포 3소결 년간 총생산량; 5,380,000 톤/년 ('18년 실적) - 소결광 고정비; 10,131원/톤 ('18년 기준) - 소결결합재 단가; 208,000원/톤 (‘18년 평균) - CO2 배출권거래제 단가: 29,000원/톤-CO2 (‘19년 10월 기준) 2) 성품회수율 +1.0% 증가에 따른 결합재비 저감 효과 - [(개선 전 결합재비 – 개선 후 결합재비) X (연간생산량) X (결합재단가)] = [1.0kg/t-s X 5,380,000t/년 X 208,000원/t] = 11.2억 3) 결합재비 -1.0 kg/t-sinter 저감에 따른 원가/CO2 저감 효과 - [(CO2 배출권) X 연간 결합재 저감량 X 배출계수] = [29,000원/CO2-톤 X 5,380톤/년 X 3.046] = 4.7억 4) 총 기대효과 - [(결합재 저감효과) + (CO2저감 효과))] = [11.2억 + 4.7억] = 15.9억/년 ","917,444,500","1,590,000,000",2,30,"3,180,000,000",3.47, 과제종결(완료평가) 
12,20213386, 현업과제 , 2021P421 , 주거용 트랜스퍼거더 및 합성구조 일체형 시스템 기술 개발 , 2021-08-02 , 2023-03-24 , 2023-04-01 ,"669,963,500","669,963,500","587,550,978",1,1, RIST ,  , 철강솔루션연구소 구조연구그룹 , 철강솔루션연구소 구조연구그룹 , 김진원 , 강건재마케팅실 강건재솔루션그룹 , 전형준 , (이용)강구조 , 2023-06-30 , 철강신수요창출 , 철강분야 , 정량효과 ,0,0,0,0,0,0,"800,000,000",0,0,0,0,0,0,0, 신수요창출 ," SM355, SM420 10,000톤 x 100,000원/톤 x 80%(기여율) = 800,000,000원/년 ","669,963,500","800,000,000",4,80,"3,200,000,000",4.78, 과제종결(완료평가) 
13,20213387, 미래기술과제 , 2021P445 , 기가스틸 재질편차 저감 열연 정정 후열처리 설비 개념 설계 , 2021-08-30 , 2023-01-27 , 2023-01-24 ,"556,414,200","556,414,200","522,364,082",1,1, 공정DX연구소 엔지니어링연구그룹 ,  , 공정연구소 압연공정연구그룹 , 공정연구소 압연공정연구그룹 , 송길호 , 공정연구소 압연공정연구그룹 , 강윤희 , (엔지니어링)기계설비-불량율저감기술 , 2023-02-01 , 기술축적 , 철강분야 , 정성효과 ,0,0,0,0,0,0,0,0,0,0,0,0,0,0,  ,  ,"556,414,200",0,  ,  ,0,0, 과제종결(완료평가) 
14,20213398, 미래기술과제 , 2021P413 , 고장력 저철손 상압 Plasma 화학증착 공정 개발 (3/3) , 2021-07-26 , 2023-03-31 , 2023-06-02 ,"1,737,619,000","3,344,739,849","1,923,399,573",3,3, 포스코홀딩스 ,  , 공정연구소 철강엔지니어링연구그룹 , 공정연구소 철강엔지니어링연구그룹 , 이상원 , 공정연구소 철강엔지니어링연구그룹 , 황종연 , (공정)전기강판공정-제품양산기술 , 2026-01-01 , 철강신수요창출 , 철강분야 , 정성효과 ,0,0,0,0,0,0,0,0,0,0,0,0,0,0,  ,  ,"1,737,619,000",0,  ,  ,0,0, 과제종결(완료평가) 
15,20213467, 현업과제 , 2021P521 , 열연 AHSS강 냉각 Profile 및 평탄도 제어기술 개발 , 2021-12-13 , 2023-10-27 , 2024-01-22 ,"839,190,500","839,190,500","648,113,295",1,1, 기술연구원 공정연구소 ,  , 기술연구원 공정연구소 , 공정연구소 압연공정연구그룹 , 이필종 , (광양)열연부 , 최석찬 , (공정)열연공정-불량율저감기술 , 2024-02-01 , 기술축적 , 철강분야 , 정량효과 ,0,"48,000,000","3,970,000,000",0,0,0,0,"77,000,000",0,0,0,0,0,0," 실수율/품질향상,원단위절감,제품개발/수입대체 "," 생산기술전략실 검증완료 - 판매량 증대: ’21년 HR 영업이익 : 272,741원/톤, ’20년 CT 500℃ 이하재 생산량 : 258,180톤 , ’21년 CT 500℃ 이하재 생산량 : 294,935톤 계산식 = (개선 전 생산량 – 개선 후 생산량) X 영업이익 X 기여율 40% = (294,593톤-258,180톤) X 272,741원/톤 X 0.4 = 39.7억원/년 - 차공정 생략 1) 비용절감: ‘21년 실적 반영. 3열연 HSL 810원/톤, 4열연 HSL 644원/톤 2) 실수율 향상: 변동가공비(전공정누계) : ‘21년 실적 반영 . 3열연 39,133원/톤 : 제강 17,985원/톤, 열연 20,338원/톤, HSL 810원/톤 . 4열연 36,600원/톤 : 제강 12,446원/톤, 열연 23,510원/톤, HSL 644원/톤 ","839,190,500","4,095,000,000",4,50,"16,380,000,000",19.52, 과제종결(완료평가) 
16,20213514, 현업과제 , 2021P387 , 후판 FM 하중구간별 Mill정수 특성을 고려한 롤갭보정 모델개발 , 2021-06-21 , 2023-03-17 , 2023-03-23 ,"321,052,400","321,052,400","249,444,058",1,1, (포항)에너지후판프로젝트팀 ,  , 공정연구소 압연공정연구그룹 , 공정연구소 압연공정연구그룹 , 서재형 , (광양)후판부 , 이영춘 , (공정)열연공정-불량율저감기술 , 2023-12-15 , 기술축적 , 철강분야 , 정량효과 ,0,0,0,0,0,0,0,"107,165,000",0,0,0,0,0,0, 실수율/품질향상 ," 광)후판 두께편차 저감 통한 실수율 개선 0.1% = 1.07 억원/년 = +0.1% * 2,500,000 톤/년 * (11,670 원/톤 + 7,409 원/톤 + 23,787 원/톤) ","321,052,400","107,165,000",4,100,"428,660,000",1.34, 과제종결(완료평가) 
17,20213538, 현업과제 , 2021P522 , 건축구조용 1.4GPa급 초고장력 볼트 상용화 기술 개발 , 2021-12-20 , 2023-06-09 , 2023-06-08 ,"345,983,600","345,983,600","281,006,258",1,1, 솔루션연구소 강재솔루션연구그룹 ,  , 철강솔루션연구소 성능연구그룹 , 철강솔루션연구소 성능연구그룹 , 박성수 , 열연선재마케팅실 선재판매그룹 솔루션개발섹션 , 박병주 , (이용)강구조 , 2024-02-29 , 철강신수요창출 , 철강분야 , 정량효과 ,0,0,0,0,0,0,"1,000,000,000",0,0,0,0,0,0,0, 신수요창출 , 건설용 고장력 볼트 사용화 시 예상판매량 5000톤 X 영업이익 200천원/톤 10T 급 대체(10T이상 고장력 볼트 판매량 480천톤/년) ,"345,983,600","1,000,000,000",4,50,"4,000,000,000",11.56, 과제종결(완료평가) 
18,20213543, 현업과제 , 2021P088 ," 1선재 통합정정 D라인 #3, 4 M/C 자동연마 및 무인화 기술 개발 ", 2021-01-04 , 2022-09-09 , 2024-12-03 ,"1,112,246,000","1,112,246,000","1,315,472,544",1,1, 공정DX연구소 포장자동화TF팀 ,  , 저탄소공정연구소 로봇솔루션연구센터 , 저탄소공정연구소 로봇솔루션연구센터 , 류창우 , (포항)선재부 , 김경원 , (공정)선재공정-원가절감기술 , 2022-10-28 , 기술축적 , 철강분야 , 정량효과 ,0,0,0,0,0,0,0,0,0,0,0,"272,000,000",0,0, 자동화에의한인력합리 , ○ 정량 효과 : 연마기 자동화 및 무인화 작업을 통한 협력 인원 효율화 4명 (2.72억원/년) - 협력작업 Item Code S0113416 x 4명 = 68백만원 x 4명 = 2.72억원/년 ,"1,112,246,000","272,000,000",4,100,"1,088,000,000",0.98, 과제종결(완료평가) 
19,20213601, 미래기술과제 , 2021P498 , 수소환원 유동로 내 고환원율 DRI의 Sticking 현상 규명 및 방지 기술 개발 , 2021-11-08 , 2023-01-27 , 2023-02-17 ,"443,578,500","443,578,500","522,392,816",1,1, 미래철강연구소 수소환원제철연구그룹 ,  , 저탄소제철연구소 수소환원연구그룹 , 저탄소제철연구소 수소환원연구그룹 , 고창국 , 저탄소제철연구소 수소환원연구그룹 , 이영석 , (공정)제선공정-환경에너지기술 , 2024-07-30 , 기술축적 , 철강분야 , 정성효과 ,0,0,0,0,0,0,0,0,0,0,0,0,0,0,  ,  ,"443,578,500",0,  ,  ,0,0, 과제종결(완료평가) 
20,20213777, 현업과제 , 2021P468 , AI를 이용한 4선재 가열로 온도 및 유량 자동 제어 , 2021-10-04 , 2023-05-26 , 2023-06-12 ,"441,992,000","441,992,000","541,615,988",1,1, 미래철강연구소 차세대철강연구그룹 ,  , 공정연구소 철강엔지니어링연구그룹 , 공정연구소 철강엔지니어링연구그룹 , 이동은 , (포항)선재부 , 김경원 , (공정)선재공정-원가절감기술 , 2023-06-30 , 기술축적 , 철강분야 , 정량효과 ,0,"131,424,497",0,0,0,0,0,0,0,0,0,0,0,0, 원단위절감 ," ○ 년간기대이익 산출내역 (단위:천원) (개선 전 – 개선 후) 연료원단위 x 생산량 x 연료단가 = (252.50-247.45)Mcal/Ton x 728,166Ton x 35.74원/Mcal = 131,424 천원 ","441,992,000","131,424,497",4,100,"525,697,988",1.19, 과제종결(완료평가) 
21,20213778, 현업과제 , 2021P299 , 날바람 예측 및 조업 지수를 이용한 자동 감풍 시스템 개발 , 2021-07-19 , 2022-10-21 , 2023-02-13 ,"187,311,200","187,311,200","239,624,540",1,1, 공정DX연구소 제선연구그룹 ,  , 저탄소제철연구소 제선연구그룹 , 저탄소제철연구소 제선연구그룹 , 신민수 , (광양)제선부 , 손병연 , (공정)제선공정-불량율저감기술 , 2023-02-01 , 기술축적 , 철강분야 , 정성효과 ,0,0,0,0,0,0,0,0,0,0,0,0,0,0,  ,  ,"187,311,200",0,  ,  ,0,0, 과제종결(완료평가) 
22,20213881, 현업과제 , 2021P459 , AI 석탄 조직/입도 분석 기술 활용 석탄 배합 최적화 기술 개발 , 2021-09-20 , 2023-03-03 , 2023-03-16 ,"514,794,700","514,794,700","562,137,149",1,1, 저탄소제철연구소 제선연구그룹 ,  , 저탄소제철연구소 제선연구그룹 , 저탄소제철연구소 제선연구그룹 , 장동민 , (포항)화성부 , 성형기 , (공정)제선공정-원가절감기술 , 2023-09-30 , 기술축적 , 철강분야 , 정량효과 ,0,"4,145,000,000",0,0,0,0,0,0,0,0,0,0,0,0, 원단위절감 ," [석탄 입도 조절 시 DI 강도 향상에 따른 미점탄 사용비 증대로 기대 효과 41억원/년] 1. High TI 석탄의 미파쇄를 통해 DI 강도 향상 0.13% 적용(미점탄 증사용 환산 1.56% (1% DI ↑=12% 미점탄 ↑) 2. 포항 2, 3 화성 공장 적용 년간 석탄 사용량 470만톤/년(22년 총사용량 기준) 3. 석탄 강점탄 미점탄 단가차 56,000원/톤 적용 (강점탄: 547,000원/톤, 미점탄:491,000원/톤; ’22년 평균) 기대이익 = (년간 석탄 사용량 x 미점탄 사용 증대비) x 강점탄과 미점탄 단가 차이 = 470만톤 x 1.56% x 56천원/톤 = 41억 5천만원 ","612,794,700","4,145,000,000",3,30,"12,435,000,000",20.29, 과제종결(완료평가) 
23,20213929, 미래기술과제 , 2021P502 , Giga급 생산대응 CAL 분무수냉각시 냉각 및 평탄도 제어 개념 도출 , 2021-11-08 , 2023-11-24 , 2024-01-11 ,"590,720,600","590,720,600","561,765,473",1,1, 기술연구원 공정연구소 ,  , 기술연구원 공정연구소 , 공정연구소 압연공정연구그룹 , 이필종 , 임원 , 김기수 , (엔지니어링)열유체-제품양산기술 , 2024-01-31 , 기술축적 , 철강분야 , 정성효과 ,0,0,0,0,0,0,0,0,0,0,0,0,0,0,  ,  ,"590,720,600",0,  ,  ,0,0, 과제종결(완료평가) 
24,20213966, 현업과제 , 2021P512 , 석탄 특성을 반영한 Silo 이용률 향상 기술 개발 , 2021-11-29 , 2023-02-24 , 2023-04-03 ,"648,116,300","648,116,300","616,538,279",1,1, 공정DX연구소 제선연구그룹 , 기술연구원 연구기획그룹 , 저탄소제철연구소 제선연구그룹 , 저탄소제철연구소 제선연구그룹 , 박관욱 , (포항)화성부 , 성형기 , (공정)제선공정-생산성향상기술 , 2023-04-28 , 기술축적 , 철강분야 , 정량효과 ,0,0,0,0,0,0,0,0,"830,000,000",0,0,0,0,0, 공정개선 ," 8.3억원/년: 1. 석탄 유실 방지 6.4억원/년, 2. 석탄 복개포 비용 저감 1.3억원/년, 3. 하절기(3.5개월) 수분 2% 저감 효과: 0.6억원/년 ","648,116,300","830,000,000",2,70,"1,660,000,000",2.56, 과제종결(완료평가) 
25,20213975, 현업과제 , 2021P276 , SDD 정보를 활용한 RCL 검사자 작업 Guide 시스템 개발 , 2021-03-22 , 2022-12-30 , 2023-01-09 ,"451,501,000","451,501,000","499,632,026",1,1, 공정DX연구소 로봇AI연구그룹 , (광양)냉연부 기술개발섹션 , 저탄소공정연구소 제어계측연구그룹 , 저탄소공정연구소 제어계측연구그룹 , 박정훈 , (광양)품질기술부 , 이승복 , (엔지니어링)제어계측-Smart solution기술(AI/Big Data/IoT) , 2023-01-16 , 기술축적 , 철강분야 , 정성효과 ,0,0,0,0,0,0,0,0,0,0,0,0,0,0,  ,  ,"451,501,000",0,  ,  ,0,0, 과제종결(완료평가) 
26,20214009, 현업과제 , 2021P495 , 후판 가열로 추출 Slab 표면(형상) 분석 시스템 개발 , 2021-10-25 , 2022-12-30 , 2023-01-03 ,"537,246,000","537,246,000","345,428,962",1,1, 공정DX연구소 로봇AI연구그룹 ,  , 저탄소공정연구소 제어계측연구그룹 , 저탄소공정연구소 제어계측연구그룹 , 허형준 , (광양)후판부 , 이영춘 , (공정)후판공정-불량율저감기술 , 2022-12-31 , 기술축적 , 철강분야 , 정성효과 ,0,0,0,0,0,0,0,0,0,0,0,0,0,0,  ,  ,"537,246,000",0,  ,  ,0,0, 과제종결(완료평가) 
27,20214146, 현업과제 , 2021P519 , STS CAF 대체 대류 순환형 新CAF 소둔공정 개발 , 2021-12-27 , 2023-12-15 , 2024-01-26 ,"5,015,656,300","5,015,656,300","4,633,715,782",1,1, 포스코홀딩스 ,  , 포스코홀딩스 , 공정연구소 철강엔지니어링연구그룹 , 장권우 , (포항)STS압연부 , 강태형 , (공정)STS공정-원가절감기술 , 2024-01-05 , 법/제도규제대응 , 철강분야 , 정량효과 ,0,0,0,0,0,0,0,0,0,0,"2,520,000,000",0,0,0, 장치제작개발 ," 25.2억원/년 BAF-CAF PLUS 가공비 차이(105,000원/톤) * BAF-CAF PLUS 전환량 (24천톤/년) ","5,015,656,300","2,520,000,000",4,100,"10,080,000,000",2.01, 과제종결(완료평가) 
28,20214438, 현업과제 , 2021P520 , 출선구와 풍구 Image 분석을 통한 용선 및 노심온도 측정 기술 개발 , 2021-12-27 , 2022-12-23 , 2023-02-13 ,"632,670,000","632,670,000","708,002,461",1,1, 공정DX연구소 제선연구그룹 ,  , 저탄소공정연구소 제선FINEX연구그룹 , 저탄소공정연구소 제선FINEX연구그룹 , 권기웅 , (광양)제선부 , 손병연 , (공정)제선공정-불량율저감기술 , 2023-06-01 , 기술축적 , 철강분야 , 정성효과 ,0,0,0,0,0,0,0,0,0,0,0,0,0,0,  ,  ,"632,670,000",0,  ,  ,0,0, 과제종결(완료평가) 
29,20214452, 현업과제 , 2021P472 , 후판 침투탐상 검사 및 비자성 시편 이송 수작업 저감 기술개발 , 2021-09-20 , 2023-02-24 , 2023-03-04 ,"446,477,200","446,477,200","515,038,346",1,1, 공정DX연구소 로봇AI연구그룹 ,  , 공정연구소 로봇솔루션연구그룹 , 공정연구소 로봇솔루션연구그룹 , 원성연 , (광양)후판부 , 이영춘 , (공정)후판공정-생산성향상기술 , 2023-03-06 , 기술축적 , 철강분야 , 정성효과 ,0,0,0,0,0,0,0,0,0,0,0,0,0,0,  ,  ,"446,477,200",0,  ,  ,0,0, 과제종결(완료평가) 
30,20214486, 현업과제 , 2021P433 , PosMAC 3.0 무기계 Cr(Ⅲ) 강판 양산 적용 기술 개발 및 계절성 고객 품질 최적화 , 2021-08-16 , 2023-09-01 , 2023-09-27 ,"1,076,665,600","1,076,665,600","1,557,242,383",1,1, (포항)신재생에너지용PosMAC프로젝트팀 ,  , 자동차소재연구소 자동차소재표면연구그룹 , 자동차소재연구소 자동차소재표면연구그룹 , 곽영진 , 글로벌품질서비스실 품질설계2그룹 , 김태규 , (공정)표면처리공정-제품양산기술 , 2024-10-01 , 기타 , 철강분야 , 정량효과 ,0,0,0,0,0,0,0,"450,800,000",0,0,0,0,0,0, 실수율/품질향상 , 표면품질 개선 : (개선전 주문외 판매율 - 개선 후 주문외 판매율) X 판매량 X (개선 후 정품 판매가 - 개선 후 주문외 판매가) ,"1,076,665,600","450,800,000",4,100,"1,803,200,000",1.67, 과제종결(완료평가) 
31,20229010, 현업과제 , 2022P159 , 광양 3고로 노체 부착물 관리를 위한 장입모드 자동 제어 모델 개발 , 2022-01-17 , 2023-03-03 , 2023-11-20 ,"506,545,800","506,545,800","699,757,675",1,1, 공정DX연구소 압연엔지니어링연구그룹 ,  , 공정연구소 철강엔지니어링연구그룹 , 공정연구소 철강엔지니어링연구그룹 , 김정일 , (광양)제선부 , 손병연 , (공정)제선공정-생산성향상기술 , 2023-12-29 , 기술축적 , 철강분야 , 정성효과 ,0,0,0,0,0,0,0,0,0,0,0,0,0,0,  ,  ,"506,545,800",0,  ,  ,0,0, 과제종결(완료평가) 
32,20229022, 미래기술과제 , 2022P287 , 포스코형 연주 Smart Digital Twin 구축을 위한 주편크랙 예측 모듈개발 , 2022-04-04 , 2023-04-28 , 2023-04-19 ,"1,534,692,590","1,534,692,590","1,563,672,679",1,1, 공정DX연구소 제강연구그룹 ,  , 강재연구소 제강연구그룹 , 강재연구소 제강연구그룹 , 조경철 , 공정DX연구소 제강연구그룹 , 서성모 , (공정)제강공정-불량율저감기술 , 2024-01-08 , 기술축적 , 철강분야 , 정성효과 ,0,0,0,0,0,0,0,0,0,0,0,0,0,0,  ,  ,"1,534,692,590",0,  ,  ,0,0, 과제종결(완료평가) 
33,20229023, 현업과제 , 2022P372 , LME 저항성이 우수한 GI 1180TRIP 현장 적용연구 , 2022-07-04 , 2023-06-30 , 2023-07-28 ,"320,049,900","320,049,900","175,702,984",1,1, (광양)GigaSteel프로젝트팀 ,  , 자동차소재연구소 자동차소재연구그룹 , 자동차소재연구소 자동차소재연구그룹 , 서창효 , 자동차소재마케팅실 자동차강판수출1그룹 , 옥봉성 , (제품)냉연제품-양산제품개발기술 , 2024-06-28 , 철강신수요창출 , 철강분야 , 정량효과 ,0,0,"360,000,000",0,0,0,0,0,0,0,0,0,0,0, 제품개발/수입대체 ," 북미 및 유렵계 자동차사 판매확대 3.6억/년 (연간 수요량: 2천톤/ 톤당 영업이익: 18만원, 양산 공급 시점: 24년 6월) ","380,049,900","360,000,000",3,50,"1,080,000,000",2.84, 과제종결(완료평가) 
34,20229032, 현업과제 , 2022P167 , 열연 정정 파임 결함 저감 기술 개발 , 2022-01-31 , 2023-09-01 , 2023-09-11 ,"458,275,500","458,275,500","548,215,261",1,1, 공정DX연구소 압연엔지니어링연구그룹 ,  , 공정연구소 철강엔지니어링연구그룹 , 공정연구소 철강엔지니어링연구그룹 , 이혁준 , (광양)열연부 , 최석찬 , (공정)열연공정-불량율저감기술 , 2023-10-01 , 기술축적 , 철강분야 , 정량효과 ,0,0,0,0,0,0,0,"784,887,494",0,0,0,0,0,0, 실수율/품질향상 ," ○ 정량적효과 : 7.85억 원/년 - 산식 : 파임 발생량 X 개선효과 X (대상 강종 평균 판매가 - 고급 스크랩 평균 가격) - 파임발생량: 11,095 ton ('22년 1~4열연 정정 통과재 中 파임 발생량) - 개선실적 17% - 대상 강종 평균 판매가: 1,094,671원('22년도 PO, CR, GA, GI 고급 강종 평균 판매가) - 고급 스크랩 평균 가격: 678,513원('22년도 평균 스크랩가) ","458,275,500","784,887,494",4,100,"3,139,549,976",6.85, 과제종결(완료평가) 
35,20229034, 현업과제 , 2022P255 , SN490B/CTM적용 내진접합부 로보트 용접 제품 기술 개발(1/2) , 2022-03-07 , 2023-01-27 , 2023-01-09 ,"525,954,000","1,127,470,200","483,644,755",2,1, 솔루션연구소 강건재솔루션연구그룹 ,  , 철강솔루션연구소 구조연구그룹 , 철강솔루션연구소 구조연구그룹 , 정진안 , 강건재마케팅실 강건재솔루션그룹 , 전형준 , (이용)강구조 , 2024-03-05 , 철강신수요창출 , 철강분야 , 정량효과 ,0,0,0,0,0,0,"600,000,000",0,0,0,0,0,0,0, 신수요창출 , 6천톤 신수요창출x영업이익 10만원 = 6억원 ,"525,954,000","600,000,000",4,50,"2,400,000,000",4.56, 과제종결(단계완료평가) 
36,20229039, 현업과제 , 2022P371 , 대원강업향 Pre-QT 강관 및 냉간성형 Stabilizer용 고벤딩 1.7GPa급 PO 후열처리강 현장 적용연구 , 2022-06-27 , 2023-06-02 , 2023-06-28 ,"299,058,000","299,058,000","460,062,663",1,1, 제품연구소 자동차소재연구그룹 ,  , 자동차소재연구소 자동차소재연구그룹 , 자동차소재연구소 자동차소재연구그룹 , 성환구 , 자동차소재마케팅실 자동차강판판매그룹 , 홍윤식 , (제품)열연제품-양산제품개발기술 , 2023-06-12 , 철강신수요창출 , 철강분야 , 정량효과 ,0,0,0,0,0,0,"478,928,751",0,0,0,0,0,0,0, 신수요창출 ," 기대이익 = 예상 판매량 x 규격 Extra = 3,227 톤/년 x 148,413 원/톤 = 478,928,751 원 = 4.78 억원/년 ","299,058,000","478,928,751",4,60,"1,915,715,004",6.41, 과제종결(완료평가) 
37,20229044, 현업과제 , 2022P286 , 2022년 국내 자동차 3사와의 공동 테어다운을 통한 고객 활용 철강 솔루션 기술 개발 , 2022-04-04 , 2023-05-26 , 2023-05-30 ,"720,458,500","720,458,500","552,537,604",1,1, 솔루션연구소 자동차소재솔루션연구그룹 ,  , 철강솔루션연구소 성형연구그룹 , 철강솔루션연구소 성형연구그룹 , 최한호 , 자동차소재마케팅실 자동차소재솔루션그룹 , 조용균 , (이용)가공 , 2023-07-01 , 고객기술지원 , 철강분야 , 정성효과 ,0,0,0,0,0,0,0,0,0,0,0,0,0,0,  ,  ,"720,458,500",0,  ,  ,0,0, 과제종결(완료평가) 
38,20229051, 미래기술과제 , 2022P347 , 저HMR 조업을 위한 철원류 열간 공급기술 개발 , 2022-06-06 , 2023-09-29 , 2023-04-05 ,"385,959,940","385,959,940","232,041,504",1,1, 강재연구소 제강연구그룹 ,  , 강재연구소 제강연구그룹 , 강재연구소 제강연구그룹 , 서성모 , 공정DX연구소 제강연구그룹 , 서성모 , (공정)제강공정-원가절감기술 , 2025-01-01 , 기술축적 , 철강분야 , 정성효과 ,0,0,0,0,0,0,0,0,0,0,0,0,0,0,  ,  ,"385,959,940",0,  ,  ,0,0, 과제종결(단계완료평가) 
39,20229052, 미래기술과제 , 2022P215 , 폐음극재 활용 FINEX 성형탄 제조 기술 , 2022-03-07 , 2023-03-03 , 2023-02-24 ,"378,446,020","378,446,020","494,686,989",1,1, 미래철강연구소 수소환원제철연구센터 ,  , 저탄소제철연구소 수소환원연구그룹 , 저탄소제철연구소 수소환원연구그룹 , 이운재 , 저탄소제철연구소 수소환원연구그룹 , 이영석 , (공정)제선공정-생산성향상기술 , 2024-09-30 , 기술축적 , 철강분야 , 정성효과 ,0,0,0,0,0,0,0,0,0,0,0,0,0,0,  ,  ,"378,446,020",0,  ,  ,0,0, 과제종결(완료평가) 
40,20229057, 현업과제 , 2022P098 , 3-2MC AHSS강 top charge 주편 표면크랙 저감 기술 개발 , 2022-01-10 , 2023-02-24 , 2023-02-21 ,"327,911,100","327,911,100","363,551,836",1,1, 공정DX연구소 제강연구그룹 ,  , 강재연구소 제강연구그룹 , 강재연구소 제강연구그룹 , 박민석 , (광양)후판부 , 이영춘 , (공정)후판공정-불량율저감기술 , 2023-04-01 , 기술축적 , 철강분야 , 정량효과 ,"41,420,384",0,0,0,0,0,0,"306,314,190",0,0,0,0,0,0," 생산성향상,실수율/품질향상 "," (1)생산성향상: Scarfing저감 예상효과 325,108톤/년(22년도 생산량)*0.083(크랙저감 백분율)*1,535원/톤(Q코드 비용) = 41.4백만원/년 (2)실수율/품질향상: 코일 부적합 저감 예상효과 819톤(연간 코일 부적합량)*374,010(정품가-Scrab가)=306.3백만원/년 *HR재 톤당 코일 평균가(’22년 Tot): 1,052,083원 *제조품 고철 평균가(’22년 Tot): 678,073 ","327,911,100","347,734,574",4,50,"1,390,938,296",4.24, 과제종결(완료평가) 
41,20229063, 현업과제 , 2022P448 , SK에코플랜트 공동개발 부유체 성능향상강 적용 경량화 설계기술 개발 , 2022-10-03 , 2023-11-17 , 2023-11-21 ,"682,752,000","682,752,000","659,827,692",1,1, 솔루션연구소 강건재솔루션연구그룹 ,  , 철강솔루션연구소 구조연구그룹 , 철강솔루션연구소 구조연구그룹 , 김응수 , 에너지조선마케팅실 친환경에너지소재판매그룹 , 이동은 , (이용)강구조 , 2024-01-01 , 철강신수요창출 , 철강분야 , 정량효과 ,0,0,0,0,0,0,"1,300,000,000",0,0,0,0,0,0,0, 신수요창출 , 연간 부유체 제작기수(예상) = 200MW/15MW = 33.3기 소요강재량 = 33기 * 4000(톤/기) = 52000톤 연간 기대이익 = 52000톤 * 50000(원/ton) * 50% = 13억원 ,"682,752,000","1,300,000,000",4,50,"5,200,000,000",7.62, 과제종결(완료평가) 
42,20229065, 현업과제 , 2022P325 , AHSS의 pre-strain에 따른 bake hardening 고려 해석기법 개발 , 2022-05-02 , 2023-04-28 , 2023-04-28 ,"955,788,600","955,788,600","793,740,479",1,1, 솔루션연구소 자동차소재솔루션연구그룹 ,  , 철강솔루션연구소 성형연구그룹 , 철강솔루션연구소 성형연구그룹 , 임지호 , 자동차소재마케팅실 자동차소재솔루션그룹 , 조용균 , (이용)가공 , 2023-05-01 , 고객기술지원 , 철강분야 , 정성효과 ,0,0,0,0,0,0,0,0,0,0,0,0,0,0,  ,  ,"955,788,600",0,  ,  ,0,0, 과제종결(완료평가) 
43,20229066, 현업과제 , 2022P300 , 저HMR 대응을 위한 전로 요소기술 개발 , 2022-04-11 , 2023-06-30 , 2023-07-01 ,"543,686,000","543,686,000","615,252,253",1,1, 공정DX연구소 제강연구그룹 ,  , 강재연구소 제강연구그룹 , 강재연구소 제강연구그룹 , 박현서 , (광양)제강부 , 최등모 , (공정)제강공정-부산물기술 , 2024-01-01 , 기술축적 , 철강분야 , 정성효과 ,0,0,0,0,0,0,0,0,0,0,0,0,0,0,  ,  ,"543,686,000",0,  ,  ,0,0, 과제종결(완료평가) 
44,20229068, 현업과제 , 2022P214 , 아파트 수직증축 리모델링용 구조 및 내외장재 시스템 기술 개발 (1/2) , 2022-02-14 , 2023-02-24 , 2023-02-24 ,"993,224,000","2,000,035,000","800,570,333",2,1, 솔루션연구소 강건재솔루션연구그룹 ,  , 철강솔루션연구소 구조연구그룹 , 철강솔루션연구소 구조연구그룹 , 유홍식 , 강건재마케팅실 강건재솔루션그룹 , 전형준 , (이용)강구조 , 2024-01-31 , 철강신수요창출 , 철강분야 , 정량효과 ,0,0,0,0,0,0,"1,000,000,000",0,0,0,0,0,0,0, 신수요창출 ," 10,000톤(강구조 수직증축 리모델링 5개동 적용시) x 10만원/톤(SN재 톤당 영업이익) ","993,224,000","1,000,000,000",4,50,"4,000,000,000",4.03, 과제종결(단계완료평가) 
45,20229071, 현업과제 , 2022P407 , 10MW급 반잠수식 부유식풍력 와이어적용 복합계류시스템 최적배치설계 기술개발 , 2022-08-01 , 2023-09-22 , 2023-10-04 ,"544,376,000","544,376,000","502,829,730",1,1, 솔루션연구소 강건재솔루션연구그룹 ,  , 철강솔루션연구소 구조연구그룹 , 철강솔루션연구소 구조연구그룹 , 김응수 , 열연선재마케팅실 선재판매그룹 솔루션개발섹션 , 박병주 , (이용)강구조 , 2024-01-01 , 철강신수요창출 , 철강분야 , 정량효과 ,0,0,0,0,0,0,"500,000,000",0,0,0,0,0,0,0, 신수요창출 ," -연간 설치 부유식풍력 단지 : 500MW -200m 수심기준 10MW급 부유체 1기당 steel wire 물량 : 200톤 -연간 계류 steel wire 판매물량 = 500/10 * 200 = 10,000톤 -연간 기대이익 = 10,000 * 50,000원/톤(추정치) = 500,000,000원 ","544,376,000","500,000,000",4,50,"2,000,000,000",3.67, 과제종결(완료평가) 
46,20229072, 현업과제 , 2022P324 , AlSi-HPF강 고객사 적용 가속화 기술 개발 , 2022-04-25 , 2023-01-20 , 2023-01-19 ,"595,196,800","1,533,044,800","523,041,825",2,1, 솔루션연구소 자동차소재솔루션연구그룹 ,  , 철강솔루션연구소 성형연구그룹 , 철강솔루션연구소 성형연구그룹 , 김홍기 , 자동차소재마케팅실 자동차소재솔루션그룹 , 조용균 , (이용)가공 , 2024-01-01 , 고객기술지원 , 철강분야 , 정성효과 ,0,0,0,0,0,0,0,0,0,0,0,0,0,0,  ,  ,"595,196,800",0,  ,  ,0,0, 과제종결(단계완료평가) 
47,20229078, 미래기술과제 , 2022P398 , 도장생략형 친환경 스테인리스강 차체 부품 개발 , 2022-08-01 , 2023-06-30 , 2023-06-23 ,"594,655,000","594,655,000","476,205,824",1,1, 솔루션연구소 강재솔루션연구그룹 ,  , 철강솔루션연구소 성형연구그룹 , 철강솔루션연구소 성형연구그룹 , 안덕찬 , 철강솔루션연구소 성형연구그룹 , 정기석 , (이용)가공 , 2023-08-01 , 철강신수요창출 , 철강분야 , 정성효과 ,0,0,0,0,0,0,0,0,0,0,0,0,0,0,  ,  ,"594,655,000",0,  ,  ,0,0, 과제종결(완료평가) 
48,20229082, 현업과제 , 2022P420 , Hyper NO 최적 산세품질 확보기술개발 , 2022-08-15 , 2023-08-25 , 2023-10-11 ,"411,921,400","411,921,400","443,309,703",1,1, 제품연구소 냉연도금연구그룹 ,  , 강재연구소 전기전자연구그룹 , 강재연구소 전기전자연구그룹 , 문현우 , (포항)전기강판부 , 김진형 , (공정)전기강판공정-생산성향상기술 , 2023-09-01 , 기술축적 , 철강분야 , 정량효과 ,0,0,0,0,0,0,0,"200,000,000",0,0,0,0,0,0, 실수율/품질향상 , Work Roll 교체주기 저감으로 인한 생산량 T/H 증가(2억/년) *Ton per Hour 재무기준 = (개선후 - 개선전 T/H) x 개선 후 연간 순작업시간(순작업시간 = 처리량/(T/H)) x 실수율 x 고정가공비 ,"411,921,400","200,000,000",4,70,"800,000,000",1.94, 과제종결(완료평가) 
49,20229087, 현업과제 , 2022P089 , 극후물 원피스 휠 및 상용차 투피스 경량휠 용접부 가공성 및 내구성능 향상 기술 , 2022-01-03 , 2022-12-30 , 2023-01-03 ,"456,747,055","456,747,055","381,360,008",1,1, 솔루션연구소 자동차소재솔루션연구그룹 ,  , 철강솔루션연구소 접합연구그룹 , 철강솔루션연구소 접합연구그룹 , 배규열 , 자동차소재마케팅실 자동차강판수출2그룹 , 서용덕 , (이용)접합 , 2023-02-06 , 철강신수요창출 , 철강분야 , 정량효과 ,0,0,0,0,0,0,"4,000,000,000",0,0,0,0,0,0,0, 신수요창출 ," 기대이익 : 예상 판매량 50천톤/년 × 영업이익 80천원/톤('20년, 정원휠 영업이익률) = 40억 ","456,747,055","4,000,000,000",4,30,"16,000,000,000",35.03, 과제종결(완료평가) 
50,20229088, 현업과제 , 2022P246 , 미구주 자동차사향 17인치 TRIP590 스타일드 휠 개발 (2/2) , 2022-02-28 , 2023-08-11 , 2023-08-01 ,"863,233,600","1,584,027,600","763,936,707",2,2, 솔루션연구소 자동차소재솔루션연구그룹 , 자동차소재마케팅실 자동차소재솔루션그룹 개발1섹션 , 철강솔루션연구소 성형연구그룹 , 철강솔루션연구소 성형연구그룹 , 정연일 , 자동차소재마케팅실 자동차소재솔루션그룹 , 조용균 , (이용)가공 , 2023-08-31 , 철강신수요창출 , 철강분야 , 정성효과 ,0,0,0,0,0,0,0,0,0,0,0,0,0,0,  ,  ,"863,233,600",0,  ,  ,0,0, 과제종결(완료평가) 
51,20229091, 미래기술과제 , 2022P305 , 혼다향 1.2GPa급 고연신 고버링 냉연강판 1180B2M 미래선도제품 개발 , 2022-04-11 , 2023-05-12 , 2023-06-27 ,"548,100,000","548,100,000","830,508,087",1,1, 제품연구소 자동차소재연구그룹 ,  , 자동차소재연구소 자동차소재연구그룹 , 자동차소재연구소 자동차소재연구그룹 , 조항식 , 제품연구소 자동차소재연구그룹 , 김성일 , (제품)냉연제품-선도제품개발기술 , 2023-07-31 , 철강신수요창출 , 철강분야 , 정성효과 ,0,0,0,0,0,0,0,0,0,0,0,0,0,0,  ,  ,"548,100,000",0,  ,  ,0,0, 과제종결(완료평가) 
52,20229098, 현업과제 , 2022P244 , 광양1고로 노열 통합 제어 모델 개발 , 2022-02-21 , 2022-10-28 , 2023-02-21 ,"288,635,600","288,635,600","314,953,715",1,1, 공정DX연구소 제선연구그룹 ,  , 저탄소제철연구소 제선연구그룹 , 저탄소제철연구소 제선연구그룹 , 신민수 , (광양)제선부 , 손병연 , (공정)제선공정-원가절감기술 , 2023-02-24 , 기술축적 , 철강분야 , 정성효과 ,0,0,0,0,0,0,0,0,0,0,0,0,0,0,  ,  ,"288,635,600",0,  ,  ,0,0, 과제종결(완료평가) 
53,20229100, 현업과제 , 2022P128 , STS4제강 Smart VOD 기술 개발 (2/2) , 2022-01-03 , 2023-03-03 , 2023-04-03 ,"688,254,109","2,859,101,089","556,632,364",2,2, 공정DX연구소 제강연구그룹 ,  , 강재연구소 제강연구그룹 , 강재연구소 제강연구그룹 , 한승민 , (포항)STS제강부 , 조용석 , (공정)STS공정-원가절감기술 , 2023-04-03 , 기술축적 , 철강분야 , 정성효과 ,0,0,0,0,0,0,0,0,0,0,0,0,0,0,  ,  ,"688,254,109",0,  ,  ,0,0, 과제종결(완료평가) 
54,20229104, 현업과제 , 2022P344 , 기가급강재 적용 3차원 롤벤딩 기술 개발 , 2022-05-02 , 2023-06-30 , 2023-07-11 ,"857,461,800","857,461,800","728,606,589",1,1, 솔루션연구소 자동차소재솔루션연구그룹 ,  , 철강솔루션연구소 성형연구그룹 , 철강솔루션연구소 성형연구그룹 , 차명환 , 자동차소재마케팅실 자동차소재솔루션그룹 , 조용균 , (이용)가공 , 2023-08-01 , 철강신수요창출 , 철강분야 , 정성효과 ,0,0,0,0,0,0,0,0,0,0,0,0,0,0,  ,  ,"857,461,800",0,  ,  ,0,0, 과제종결(완료평가) 
55,20229108, 현업과제 , 2022P260 , 자동차 열연 650CP 일체형 및 초경량 상용휠 현장적용 연구 (2/2) , 2022-03-07 , 2023-05-19 , 2023-05-17 ,"690,217,600","1,424,690,600","627,492,120",2,2, 솔루션연구소 자동차소재솔루션연구그룹 ,  , 철강솔루션연구소 성형연구그룹 , 철강솔루션연구소 성형연구그룹 , 권혁선 , 자동차소재마케팅실 자동차소재솔루션그룹 , 조용균 , (이용)가공 , 2023-10-30 , 철강신수요창출 , 철강분야 , 정량효과 ,0,0,0,0,0,0,"1,500,000,000",0,0,0,0,0,0,0, 신수요창출 ," 중국 정원휠, 삼우휠 경량휠 650CP 2만톤/년 신수요창출 2만톤 * 150만원/톤 * 5%영업이익율 = 15억 ","690,217,600","1,500,000,000",4,50,"6,000,000,000",8.69, 과제종결(완료평가) 
56,20229111, 현업과제 , 2022P192 , 현대차 신차대상 TRIP/고버링강 적용 확대를 위한 부품화 솔루션 개발 , 2022-02-07 , 2023-02-03 , 2023-02-06 ,"834,075,500","834,075,500","610,480,625",1,1, 솔루션연구소 자동차소재솔루션연구그룹 ,  , 철강솔루션연구소 성형연구그룹 , 철강솔루션연구소 성형연구그룹 , 이석렬 , 자동차소재마케팅실 자동차소재솔루션그룹 , 조용균 , (이용)가공 , 2023-02-09 , 고객기술지원 , 철강분야 , 정량효과 ,0,0,0,0,0,0,"240,000,000",0,0,0,0,0,0,0, 신수요창출 ," O 예상 판매연계량 - 부품화 제안 부품 : 10개 - 40 kg/대 (10 부품 블랭크 총중량) x 20만대/년 (아반테 후속 생산량 예상) X 30% (10개 중 3개 부품 채택 가정) ≒ 2,400톤/년 O 기대이익 - 2,400톤/년 x 10만원/톤(이익) = 2.4억원/년 ","834,075,500","240,000,000",4,70,"960,000,000",1.15, 과제종결(완료평가) 
57,20229113, 현업과제 , 2022P449 , 쌍용 신차 KR10의 Door system 최적화 솔루션 개발 , 2022-10-03 , 2023-06-30 , 2023-06-28 ,"524,131,000","524,131,000","431,986,817",1,1, 솔루션연구소 자동차소재솔루션연구그룹 ,  , 철강솔루션연구소 성형연구그룹 , 철강솔루션연구소 성형연구그룹 , 이재욱 , 자동차소재마케팅실 자동차소재솔루션그룹 , 조용균 , (이용)가공 , 2024-03-04 , 고객기술지원 , 철강분야 , 정량효과 ,0,0,0,0,0,0,"136,000,000",0,0,0,0,0,0,0, 신수요창출 ," O 년간기대이익 산출내역 1) 개발부품의 차량당 중량 : 16.45 kg 2) 차량당 개발 부품 적용수 : 2 EA 3) 대상차량 연간 판매실적 (2020년 기준) : 42,619 대 - B 세그먼트 + C 세그먼트 = 23,453 + 19,166 - 상기를 근거로 약 40,000 대/년 예상 4) 당사 판매금액 : 1,000,000 원 / 톤 5) 톤당 이익률 : 10 % 6) 기대이익= 1) X 2) X 3) X 4) x 5) ","524,131,000","136,000,000",4,100,"544,000,000",1.04, 과제종결(완료평가) 
58,20229118, 현업과제 , 2022P473 , 선박용 CO2 저장탱크 설계최적화를 위한 당사 강재 물성 기반 ECA 가이드라인 개발 , 2022-11-07 , 2024-01-26 , 2024-01-29 ,"488,257,000","488,257,000","482,648,115",1,1, 솔루션연구소 강건재솔루션연구그룹 ,  , 철강솔루션연구소 구조연구그룹 , 철강솔루션연구소 구조연구그룹 , 박규식 , 에너지조선마케팅실 조선소재판매그룹 , 이재혁 , (이용)강구조 , 2024-06-28 , 철강신수요창출 , 철강분야 , 정량효과 ,0,0,0,0,0,0,"300,000,000",0,0,0,0,0,0,0, 신수요창출 ," 판매량 2,000톤 (20K 1척기준) X 1,500,000원 (판매가 원/톤) X 10% (영업이익율) ","488,257,000","300,000,000",4,50,"1,200,000,000",2.46, 과제종결(완료평가) 
59,20229119, 미래기술과제 , 2022P317 , 유해원소 함유 부산물 소내활용 공정개발 기초연구 , 2022-04-04 , 2023-05-19 , 2023-06-01 ,"1,524,712,637","1,524,712,637","1,791,670,001",1,1, 공정DX연구소 압연엔지니어링연구그룹 ,  , 공정연구소 철강엔지니어링연구그룹 , 공정연구소 철강엔지니어링연구그룹 , 조문경 , 공정연구소 철강엔지니어링연구그룹 , 황종연 , (엔지니어링)열유체-부산물기술 , 2024-08-30 , 기술축적 , 철강분야 , 정성효과 ,0,0,0,0,0,0,0,0,0,0,0,0,0,0,  ,  ,"1,524,712,637",0,  ,  ,0,0, 과제종결(단계완료평가) 
60,20229122, 현업과제 , 2022P494 , STS4제강 전로 슬래그 배재 자동화 기술 개발 , 2022-12-19 , 2024-05-31 , 2024-06-10 ,"1,740,792,400","2,740,306,500","1,657,980,120",2,1, 공정DX연구소 제강연구그룹 ,  , 강재연구소 제강연구그룹 , 강재연구소 제강연구그룹 , 하창수 , (포항)STS제강부 , 조용석 , (공정)STS공정-원가절감기술 , 2025-06-02 , 기술축적 , 철강분야 , 정성효과 ,0,0,0,0,0,0,0,0,0,0,0,0,0,0,  ,  ,"1,740,792,400",0,  ,  ,0,0, 과제종결(단계완료평가) 
61,20229125, 미래기술과제 , 2022P455 , 해양 환경 신재생에너지 인프라 대응 방식설계기술 개발 , 2022-10-17 , 2023-09-29 , 2023-09-26 ,"913,285,200","913,285,200","726,341,696",1,1, 솔루션연구소 강재솔루션연구그룹 ,  , 철강솔루션연구소 성능연구그룹 , 철강솔루션연구소 성능연구그룹 , 박종원 , 철강솔루션연구소 성능연구그룹 , 정용균 , (이용)강재성능 , 2024-02-29 , 기술축적 , 철강분야 , 정성효과 ,0,0,0,0,0,0,0,0,0,0,0,0,0,0,  ,  ,"913,285,200",0,  ,  ,0,0, 과제종결(완료평가) 
62,20229127, 현업과제 , 2022P333 , 방향성 전기강판 고절연 유색 장력코팅 양산 개발 , 2022-05-02 , 2023-05-26 , 2023-05-31 ,"343,245,800","343,245,800","371,071,231",1,1, 제품연구소 냉연도금연구그룹 ,  , 강재연구소 전기전자연구그룹 , 강재연구소 전기전자연구그룹 , 한민수 , (포항)전기강판부 , 김진형 , (공정)전기강판공정-제품양산기술 , 2023-07-01 , 기술축적 , 철강분야 , 정량효과 ,0,0,0,0,0,0,0,"3,850,000,000",0,0,0,0,0,0, 실수율/품질향상 ," 38.5 억/년 = 실수율 1.5% (양산시험 실적에 근거) * 25.5 억원 / 실수율 1% 개선 (** 실수율 1% 개선시 1.7만톤 증산효과) ** 실수율 1%개선 재무효과 : 25.5억 = 170,000 ton (GO 생산량/년) * 0.01 = 1,700 ton * 1,500 천원 (정품-부적합 가격차이) ","433,245,800","3,850,000,000",4,65,"15,400,000,000",35.55, 과제종결(완료평가) 
63,20229132, 현업과제 , 2022P346 , FINEX 성형탄 Press Roll 원료탄 투입 자동화 , 2022-05-30 , 2023-05-26 , 2023-05-06 ,"586,352,600","586,352,600","548,349,534",1,1, 미래철강연구소 수소환원제철연구그룹 ,  , 저탄소제철연구소 제선연구그룹 , 저탄소제철연구소 제선연구그룹 , 박우일 , (포항)FINEX부 , 박경동 , (공정)제선공정-생산성향상기술 , 2023-06-01 , 기술축적 , 철강분야 , 정량효과 ,0,"795,732,413",0,0,0,0,0,0,0,0,0,0,0,0, 원단위절감 ," 21년도 3성형탄 연간 생산량 (955,261 t-BQ) x 22년 2분기 전분 단가 (833원/kg) * 절감 원단위(1.0 kg/t-BQ) = ","586,352,600","795,732,413",4,60,"3,182,929,652",5.43, 과제종결(완료평가) 
64,20229136, 미래기술과제 , 2022P337 , 저진동/저소음 도금량제어기술 개발을 위한 Acoustic knife 개발 , 2022-04-11 , 2023-08-25 , 2023-09-04 ,"230,867,600","230,867,600","254,798,238",1,1, 공정DX연구소 압연엔지니어링연구그룹 ,  , 공정연구소 압연공정연구그룹 , 공정연구소 압연공정연구그룹 , 최정식 , 공정연구소 압연공정연구그룹 , 강윤희 , (공정)표면처리공정-생산성향상기술 , 2023-12-29 , 기술축적 , 철강분야 , 정성효과 ,0,0,0,0,0,0,0,0,0,0,0,0,0,0,  ,  ,"230,867,600",0,  ,  ,0,0, 과제종결(완료평가) 
65,20229148, 미래기술과제 , 2022P428 , 블룸 래들 말기조업 관찰 및 ATOM설비 모니터링 시스템 개발 , 2022-09-05 , 2023-12-01 , 2023-12-15 ,"544,076,000","1,234,896,650","592,734,437",2,1, 공정DX연구소 제강연구그룹 ,  , 강재연구소 제강연구그룹 , 강재연구소 제강연구그룹 , 김성줄 , 공정DX연구소 제강연구그룹 , 서성모 , (공정)제강공정-생산성향상기술 , 2025-01-06 , 기술축적 , 철강분야 , 정량효과 ,0,0,0,0,0,0,0,"10,040,000,000",0,0,0,0,0,0, 실수율/품질향상 ," ○평균 잔탕량 3톤 저감에 따른 실수율 증대 효과만으로 기대효과를 산출하였고, 산출된 로직은 아래와 같다. [로직] 기대이익 = 실수율 개선량 * (블룸 주편 단가 – 제조품 고철단가)= 블룸 생산량 210만톤/년 * (3톤/320톤) * 509,901 원/톤 = 100.4억원/년 ","814,076,000","10,040,000,000",4,100,"40,160,000,000",49.33, 과제종결(단계완료평가) 
66,20229151, 현업과제 , 2022P213 , CR/GA 980MPa급 TRIP강 1회소둔 및 실수율향상 기술개발 , 2022-02-07 , 2023-01-27 , 2023-02-03 ,"335,403,200","335,403,200","471,193,914",1,1, 제품연구소 자동차소재연구그룹 ,  , 자동차소재연구소 자동차소재연구그룹 , 자동차소재연구소 자동차소재연구그룹 , 김상현 , (광양)품질기술부 , 이철영 , (제품)냉연제품-품질개선기술 , 2023-07-03 , 기술축적 , 철강분야 , 정량효과 ,0,0,0,0,0,0,0,"337,480,000","226,765,000",0,0,0,0,0," 실수율/품질향상,공정개선 "," 1. 고El 980GEN3강 ‘23년 예상 판매량(4,123톤/년, 자소실) x 소둔비용 (55,000원/톤, ’20~21년 4-2CAL 냉연가공비) 2. ’23년 CR/GA 980GEN3강 예상 판매량(7,172톤/년, 자소실) → 실수율 향상(목표78%)시 절감 생산량: 1,430톤 1,430 x 236,000 (’21~’22년 GA 980GEN3강 톤당 영업이익) ","335,403,200","564,245,000",4,80,"2,256,980,000",6.73, 과제종결(완료평가) 
67,20229152, 미래기술과제 , 2022P444 , EV 주행 성능 예측 플랫폼 및 Dual Motor 주행 효율 향상 기술 개발 (2/2) , 2022-10-03 , 2023-09-29 , 2023-09-15 ,"899,174,400","1,840,697,600","683,610,302",2,2, 솔루션연구소 강재솔루션연구그룹 ,  , 철강솔루션연구소 성능연구그룹 , 철강솔루션연구소 성능연구그룹 , 심호경 , 철강솔루션연구소 성능연구그룹 , 정용균 , (이용)강재성능 , 2024-05-06 , 고객기술지원 , 철강분야 , 정성효과 ,0,0,0,0,0,0,0,0,0,0,0,0,0,0,  ,  ,"899,174,400",0,  ,  ,0,0, 과제종결(완료평가) 
68,20229154, 현업과제 , 2022P427 , 가전용 컴프레서 모터 성능 향상을 위한 2차원 자성 평가 기술 개발 , 2022-08-29 , 2023-07-28 , 2023-10-19 ,"336,512,000","336,512,000","296,212,376",1,1, 솔루션연구소 자동차소재솔루션연구그룹 ,  , 철강솔루션연구소 성능연구그룹 , 철강솔루션연구소 성능연구그룹 , 서강 , 전기전자마케팅실 솔루션개발섹션 , 나상준 , (이용)강재성능 , 2024-01-31 , 고객기술지원 , 철강분야 , 정성효과 ,0,0,0,0,0,0,0,0,0,0,0,0,0,0,  ,  ,"336,512,000",0,  ,  ,0,0, 과제종결(완료평가) 
69,20229156, 현업과제 , 2022P185 , STS2제강 300계강 VOD/LT 산소 저감을 통한 청정도 향상 기술 개발 , 2022-01-24 , 2023-05-26 , 2023-05-31 ,"719,222,400","719,222,400","763,924,012",1,1, 공정DX연구소 제강연구그룹 ,  , 강재연구소 제강연구그룹 , 강재연구소 제강연구그룹 , 박성진 , (포항)STS제강부 , 조용석 , (공정)STS공정-불량율저감기술 , 2023-07-03 , 기술축적 , 철강분야 , 정량효과 ,0,0,0,0,0,0,0,"230,000,000",0,0,0,0,0,0, 실수율/품질향상 ," ○ 정량효과 : 7.4억원 - 년간 기대이익 = 304, 304L강 박판재 G/D저감에 의한 연주실수율 증대 및 품질부적합 개선 = 2.3억/년 (STS제강부 검증) * 연주실수율 증대 : (주편 생산매수 x Loss 개선량 x (Slab제조원가 - Scrap단가)) * 품질부적합 개선 : 생산코일중량 x Scrap량 x 개선율 x 단가 - 총 기대이익 = 년간 기대이익 x 지속년수 x 기여율 = 2.3억/년 x 4년 x 80% = 7.4억원 ","719,222,400","230,000,000",4,80,"920,000,000",1.28, 과제종결(완료평가) 
70,20229159, 미래기술과제 , 2022P441 , 샤시 충돌부재용 PO 1180CP 제품 개발 , 2022-09-26 , 2023-09-29 , 2023-09-26 ,"516,847,838","516,847,838","713,105,414",1,1, 포스코홀딩스 ,  , 자동차소재연구소 자동차소재연구그룹 , 자동차소재연구소 자동차소재연구그룹 , 이제웅 , 제품연구소 자동차소재연구그룹 , 김성일 , (제품)열연제품-선도제품개발기술 , 2023-10-01 , 기술축적 , 철강분야 , 정성효과 ,0,0,0,0,0,0,0,0,0,0,0,0,0,0,  ,  ,"516,847,838",0,  ,  ,0,0, 과제종결(완료평가) 
71,20229160, 현업과제 , 2022P274 , 현대차 철강재 배터리팩 원가절감 위한 요소기술 개발(1/1) , 2022-03-21 , 2023-02-03 , 2023-02-06 ,"924,976,000","924,976,000","744,997,636",1,1, 솔루션연구소 자동차소재솔루션연구그룹 ,  , 철강솔루션연구소 성형연구그룹 , 철강솔루션연구소 성형연구그룹 , 위상권 , 자동차소재마케팅실 자동차소재솔루션그룹 , 조용균 , (이용)가공 , 2024-10-25 , 고객기술지원 , 철강분야 , 정성효과 ,0,0,0,0,0,0,0,0,0,0,0,0,0,0,  ,  ,"924,976,000",0,  ,  ,0,0, 과제종결(완료평가) 
72,20229161, 현업과제 , 2022P327 , 국내외 고객사 대상 철강/MM 적용 경량 배터리팩 양산화 개발 , 2022-04-25 , 2023-03-10 , 2023-03-20 ,"910,038,400","910,038,400","809,788,819",1,1, 솔루션연구소 자동차소재솔루션연구그룹 ,  , 철강솔루션연구소 성형연구그룹 , 철강솔루션연구소 성형연구그룹 , 위상권 , 자동차소재마케팅실 자동차소재솔루션그룹 , 조용균 , (이용)가공 , 2023-12-31 , 철강신수요창출 , 철강분야 , 정성효과 ,0,0,0,0,0,0,0,0,0,0,0,0,0,0,  ,  ,"910,038,400",0,  ,  ,0,0, 과제종결(완료평가) 
73,20229165, 현업과제 , 2022P406 , STS2제강 Ti첨가 300계 청정도 향상 기술개발 , 2022-07-25 , 2023-10-20 , 2024-03-18 ,"261,035,300","261,035,300","359,104,309",1,1, 공정DX연구소 제강연구그룹 ,  , 강재연구소 제강연구그룹 , 강재연구소 제강연구그룹 , 박성진 , (포항)STS제강부 , 조용석 , (공정)STS공정-불량율저감기술 , 2024-03-01 , 기술축적 , 철강분야 , 정량효과 ,0,0,0,0,0,0,0,"170,000,000",0,0,0,0,0,"100,000,000"," 실수율/품질향상,기타 ", 기대이익 : 2.7억원 (실수율 증대 1.7억원 + 클레임 보상금 절감액 1.0억원 = 2.7억원) ,"261,035,300","270,000,000",3,70,"810,000,000",3.1, 과제종결(완료평가) 
74,20229166, 미래기술과제 , 2022P054 , 전자기력과 유동제어 기술을 이용한 포트 상부드로스 제거 기술개발 , 2022-01-03 , 2023-03-31 , 2023-03-29 ,"522,309,300","522,309,300","621,681,201",1,1, 공정DX연구소 압연엔지니어링연구그룹 , (광양)도금부 기술개발섹션 , 공정연구소 압연공정연구그룹 , 공정연구소 압연공정연구그룹 , 장태인 , 공정연구소 압연공정연구그룹 , 강윤희 , (공정)표면처리공정-생산성향상기술 , 2023-04-03 , 기술축적 , 철강분야 , 정성효과 ,0,0,0,0,0,0,0,0,0,0,0,0,0,0,  ,  ,"522,309,300",0,  ,  ,0,0, 과제종결(완료평가) 
75,20229170, 현업과제 , 2022P166 , CGL Pot 조업 자동화 및 Smart Safety 실현을 위한 요소기술 개발 , 2022-01-24 , 2024-07-26 , 2025-03-10 ,"870,646,600","870,646,600","1,102,616,724",1,1, 공정DX연구소 압연엔지니어링연구그룹 ,  , 공정연구소 압연공정연구그룹 , 공정연구소 압연공정연구그룹 , 지창운 , (광양)도금부 , 민경오 , (공정)표면처리공정-생산성향상기술 , 2025-03-28 , 기술축적 , 철강분야 , 정성효과 ,0,0,0,0,0,0,0,0,0,0,0,0,0,0,  ,  ,"870,646,600",0,  ,  ,0,0, 과제종결(완료평가) 
76,20229172, 미래기술과제 , 2022P323 , 부식분위기 중 HPF강 내수소취성 향상 기술 개발 , 2022-08-01 , 2023-11-03 , 2023-12-28 ,"853,429,800","853,429,800","1,216,326,953",1,1, 제품연구소 자동차소재연구그룹 ,  , 자동차소재연구소 자동차소재연구그룹 , 자동차소재연구소 자동차소재연구그룹 , 김성우 , 제품연구소 자동차소재연구그룹 , 김성일 , (제품)냉연제품-선도제품개발기술 , 2024-01-01 , 기술축적 , 철강분야 , 정성효과 ,0,0,0,0,0,0,0,0,0,0,0,0,0,0,  ,  ,"853,429,800",0,  ,  ,0,0, 과제종결(완료평가) 
77,20229173, 미래기술과제 , 2022P322 , 내수소취성이 우수한 1.5GPa급 초고강도 고연신 TRIP강 개발 , 2022-05-02 , 2023-04-28 , 2023-06-08 ,"358,059,000","358,059,000","569,468,369",1,1, 제품연구소 자동차소재연구그룹 ,  , 자동차소재연구소 자동차소재연구그룹 , 자동차소재연구소 자동차소재연구그룹 , 정기택 , 제품연구소 자동차소재연구그룹 , 김성일 , (제품)냉연제품-선도제품개발기술 , 2024-02-01 , 기술축적 , 철강분야 , 정성효과 ,0,0,0,0,0,0,0,0,0,0,0,0,0,0,  ,  ,"358,059,000",0,  ,  ,0,0, 과제종결(완료평가) 
78,20229177, 현업과제 , 2022P232 , 50PNL470을 적용한 산업용모터 성능 평가 기술 개발 , 2022-01-31 , 2022-12-30 , 2023-01-25 ,"603,624,000","603,624,000","402,461,562",1,1, 솔루션연구소 자동차소재솔루션연구그룹 ,  , 철강솔루션연구소 성능연구그룹 , 철강솔루션연구소 성능연구그룹 , 서강 , 전기전자마케팅실 전기강판판매그룹 , 배연호 , (이용)강재성능 , 2023-10-23 , 고객기술지원 , 철강분야 , 정성효과 ,0,0,0,0,0,0,0,0,0,0,0,0,0,0,  ,  ,"603,624,000",0,  ,  ,0,0, 과제종결(완료평가) 
79,20229182, 현업과제 , 2022P117 , 저원가형 APL 공정 생략 50PNL400 선도제품개발 , 2022-01-03 , 2023-06-30 , 2023-06-27 ,"430,171,200","430,171,200","471,404,873",1,1, 제품연구소 냉연도금연구그룹 ,  , 강재연구소 전기전자연구그룹 , 강재연구소 전기전자연구그룹 , 주형돈 , 전기전자마케팅실 솔루션개발섹션 , 나상준 , (제품)전기강판제품-선도제품개발기술 , 2025-01-01 , 기술축적 , 철강분야 , 정량효과 ,0,0,0,0,0,0,0,0,"1,070,000,000",0,0,0,0,0, 공정개선 , APL 공정 생략 통한 50PN400 원가저감 제품 개발 : 10.7억원/년 (50PN400 강종 AP 생략 50% 대체 2.47만톤/년*0.5 *8.7만원/톤=10.7억원/년) ,"530,171,200","1,070,000,000",2,70,"2,140,000,000",4.04, 과제종결(완료평가) 
80,20229184, 현업과제 , 2022P396 , 저원가형 APL 공정 생략 35PNL440 선도제품개발 , 2022-07-18 , 2023-09-29 , 2023-09-19 ,"358,195,500","358,195,500","411,262,425",1,1, 제품연구소 냉연도금연구그룹 ,  , 강재연구소 전기전자연구그룹 , 강재연구소 전기전자연구그룹 , 주형돈 , 전기전자마케팅실 솔루션개발섹션 , 나상준 , (제품)전기강판제품-선도제품개발기술 , 2025-01-01 , 기술축적 , 철강분야 , 정량효과 ,0,0,0,0,0,0,0,0,"650,000,000",0,0,0,0,0, 공정개선 , APL 공정생략 통한 35PN440 원가저감 기대효과 6.5억원/년 (35PN440 강종 AP 생략50% 대체 : 1.5만톤/년*0.5 *8.7만원/톤) ,"458,195,500","650,000,000",3,80,"1,950,000,000",4.26, 과제종결(완료평가) 
81,20229190, 현업과제 , 2022P370 ," 저원가, 친환경 KR 탈황제 조성 개발 ", 2022-07-04 , 2023-06-30 , 2023-06-22 ,"414,702,700","414,702,700","477,912,065",1,1, 공정DX연구소 제강연구그룹 ,  , 강재연구소 제강연구그룹 , 강재연구소 제강연구그룹 , 하창수 , (포항)제강부 , 최웅렬 , (공정)제강공정-원가절감기술 , 2023-07-01 , 기타 , 철강분야 , 정성효과 ,0,0,0,0,0,0,0,0,0,0,0,0,0,0,  ,  ,"414,702,700",0,  ,  ,0,0, 과제종결(완료평가) 
82,20229191, 현업과제 , 2022P379 , 유럽향 차체용 GI 980DH강 현장 적용연구 , 2022-07-18 , 2023-12-29 , 2023-12-26 ,"746,761,400","746,761,400","1,172,214,899",1,1, 미래철강연구소 차세대철강연구그룹 ,  , 자동차소재연구소 자동차소재연구그룹 , 자동차소재연구소 자동차소재연구그룹 , 최용훈 , 자동차소재마케팅실 자동차소재솔루션그룹 , 조용균 , (제품)냉연제품-양산제품개발기술 , 2024-06-28 , 철강신수요창출 , 철강분야 , 정량효과 ,0,0,0,0,0,0,"230,000,000",0,0,0,0,0,0,0, 신수요창출 ," Benz, Stellantis, VW, 르노향 품질인증을 통한 판매 연계 예상판매량(SoW 10%시 1415톤/년) x 영업이익(164,000원/톤) = 2.3억원/년 ","786,761,400","230,000,000",4,50,"920,000,000",1.17, 과제종결(완료평가) 
83,20229196, 현업과제 , 2022P197 , Plate 내화물 재사용을 위한 Crack-free 신소재 적용 기술 개발 , 2022-01-24 , 2023-09-29 , 2023-11-08 ,"340,209,400","417,346,546","377,853,996",2,1, 육아몰입기간 ,  , 강재연구소 제강연구그룹 , 강재연구소 제강연구그룹 , 이영주 , (광양)노재그룹 , 박종화 , (공정)제강공정-원가절감기술 , 2024-10-01 , 기술축적 , 철강분야 , 정성효과 ,0,0,0,0,0,0,0,0,0,0,0,0,0,0,  ,  ,"340,209,400",0,  ,  ,0,0, 과제종결(단계완료평가) 
84,20229197, 현업과제 , 2022P150 , AI 기반 몰드 용강유동 가시화 시스템 개발 , 2022-01-03 , 2022-12-30 , 2023-01-03 ,"943,768,000","943,768,000","654,342,141",1,1, 공정DX연구소 제강연구그룹 ,  , 강재연구소 제강연구그룹 , 강재연구소 제강연구그룹 , 조현진 , (광양)제강부 , 최웅렬 , (공정)제강공정-불량율저감기술 , 2023-01-02 , 기술축적 , 철강분야 , 정성효과 ,0,0,0,0,0,0,0,0,0,0,0,0,0,0,  ,  ,"943,768,000",0,  ,  ,0,0, 과제종결(완료평가) 
85,20229198, 현업과제 , 2022P154 , 광섬유 센서 활용 몰드 유동 가시화 기술 개발 , 2022-01-03 , 2022-12-30 , 2023-01-03 ,"663,168,279","663,168,279","498,884,442",1,1, 공정DX연구소 제강연구그룹 ,  , 강재연구소 제강연구그룹 , 강재연구소 제강연구그룹 , 박인범 , (광양)제강부 , 최웅렬 , (공정)제강공정-불량율저감기술 , 2023-01-31 , 기술축적 , 철강분야 , 정성효과 ,0,0,0,0,0,0,0,0,0,0,0,0,0,0,  ,  ,"663,168,279",0,  ,  ,0,0, 과제종결(완료평가) 
86,20229202, 현업과제 , 2022P311 , 고청정 용강제조를 위한 RH Digital Twin System 개발 , 2022-04-11 , 2023-06-23 , 2023-07-05 ,"354,655,647","1,837,919,547","360,463,199",3,3, 공정DX연구소 제강연구그룹 , (광양)제강부 2제강공장 , 강재연구소 제강연구그룹 , 강재연구소 제강연구그룹 , 한웅희 , (광양)제강부 , 최등모 , (공정)제강공정-생산성향상기술 , 2023-08-01 , 기술축적 , 철강분야 , 정성효과 ,0,0,0,0,0,0,0,0,0,0,0,0,0,0,  ,  ,"354,655,647",0,  ,  ,0,0, 과제종결(완료평가) 
87,20229203, 미래기술과제 , 2022P236 , 고용량 배터리팩 장착을 위한 전기차 픽업트럭 철강 프레임 구조 개발 , 2022-03-07 , 2023-03-31 , 2023-03-31 ,"1,200,109,526","1,200,109,526","1,110,109,496",1,1, 솔루션연구소 자동차소재솔루션연구그룹 ,  , 철강솔루션연구소 성형연구그룹 , 철강솔루션연구소 성형연구그룹 , 이홍우 , 철강솔루션연구소 성형연구그룹 , 정기석 , (이용)가공 , 2023-04-03 , 고객기술지원 , 철강분야 , 정성효과 ,0,0,0,0,0,0,0,0,0,0,0,0,0,0,  ,  ,"1,200,109,526",0,  ,  ,0,0, 과제종결(완료평가) 
88,20229204, 현업과제 , 2022P456 , 제강공정에서 시각 및 온도 예측 모델이 연계된 통합 온도모델 개발 , 2022-10-17 , 2024-03-29 , 2024-04-16 ,"806,383,800","806,383,800","828,135,521",1,1, 공정DX연구소 제강연구그룹 , (광양)제강부 2제강공장 , 강재연구소 제강연구그룹 , 강재연구소 제강연구그룹 , 한웅희 , (광양)제강부 , 최등모 , (공정)제강공정-생산성향상기술 , 2024-05-01 , 기술축적 , 철강분야 , 정량효과 ,0,"2,794,490,963",0,0,0,0,0,0,0,0,0,0,0,0, 원단위절감 ," 1.승열제 저감: 965872360.5 원 : 종점온도 1도 하향시 승열제 저감량(톤/년): 588 = 승열제투입율(42%)x24년 생산 Ch(62998) x 승열제 저감량(22kg/Ch) : 승열제 단가 - 1,642,394 원/ton -> 1도 하향시 승열제 저감액: 965,872,360.5 = 588x 1,642,394(1, 2제강 total) -> 2제강 전로 3기 5도 하향시 승열재 저감액: 2,414,680,901원 = (965,872,360/2)x5 2. 승열제 저감에 따른 생석회 저감: 379,810,061 원 : 1도 하향시 1, 2제강 생석회 저감량: 882톤/년 : 1도 하향시 1, 2제강 생석회 저감액: 151,924,024 원 = 생석회 저감량 x 생석회 단가(172,224 원/톤) ->2제강 전로 3기 5도 하향시 생석회 저감액: 379,810,061원=((1도 하향시 1,2제강 총 저감액)/2)x5 ","806,383,800","2,794,490,963",4,50,"11,177,963,852",13.86, 과제종결(완료평가) 
89,20229205, 현업과제 , 2022P463 , Ladle/Crane의 관제 자동화 요소 기술 개발 (2/2) , 2022-10-17 , 2023-09-29 , 2023-09-29 ,"724,392,000","724,392,000","659,371,535",1,1, 공정DX연구소 제강연구그룹 ,  , 강재연구소 제강연구그룹 , 강재연구소 제강연구그룹 , 송민호 , (광양)제강부 , 최등모 , (공정)제강공정-원가절감기술 , 2023-10-09 , 기술축적 , 철강분야 , 정성효과 ,0,0,0,0,0,0,0,0,0,0,0,0,0,0,  ,  ,"724,392,000",0,  ,  ,0,0, 과제종결(완료평가) 
90,20229211, 미래기술과제 , 2022P470 , 전로 저 HMR 조업 대응 내화물 재질 설계 기술 개발 , 2022-11-07 , 2023-10-27 , 2023-09-22 ,"371,128,020","371,128,020","378,266,502",1,1, (포항)제강부 상저취전로기술개발TF팀 ,  , 강재연구소 제강연구그룹 , 강재연구소 제강연구그룹 , 윤상현 , 공정DX연구소 제강연구그룹 , 서성모 , (공정)제강공정-원가절감기술 , 2024-07-01 , 기술축적 , 철강분야 , 정성효과 ,0,0,0,0,0,0,0,0,0,0,0,0,0,0,  ,  ,"371,128,020",0,  ,  ,0,0, 과제종결(완료평가) 
91,20229212, 현업과제 , 2022P400 ," 친환경, 화학산업 설비 부식환경에서의 탄소강 부식수명 산출 및 내식강재 선정 가이드 개발 ", 2022-07-25 , 2023-07-21 , 2023-07-21 ,"472,993,182","472,993,182","371,470,651",1,1, 솔루션연구소 강재솔루션연구그룹 ,  , 철강솔루션연구소 성능연구그룹 , 철강솔루션연구소 성능연구그룹 , 유윤하 , 전기전자마케팅실 솔루션개발섹션 , 나상준 , (이용)강재성능 , 2023-10-02 , 철강신수요창출 , 철강분야 , 정량효과 ,0,0,"90,800,000",0,0,0,"108,960,000",0,0,0,0,0,0,0," 제품개발/수입대체,신수요창출 "," 총 기대이익 = [1)신수요창출] 108,960,000원 + [2)수입대체] 90,800,000원 = 199,760,000원 *'22/3Q~'23/2Q ANCOR-S 톤당 영업이익 : 454,700원/톤 1) ANCOR-S 신수요 창출 : 240톤 x 454,700원/톤 = 108,960,000원 i) 지역난방공사 대구지사 LGF 컨벡션 , 우드칩 보일러 APH 배관('24) : 40톤 ii) SK 이노베이션 황산재생공정 Economizer 배관('25) : 200톤 2) 수입대체 : 200톤 x 454,700원/톤 = 90,800,000원 i) K-TEC 폐열회수장치 열교환기('23) : 200톤 ","472,993,182","199,760,000",4,80,"799,040,000",1.69, 과제종결(완료평가) 
92,20229214, 현업과제 , 2022P409 , 고로 용융물 레벨 및 풍구 하부 Scab 검지기술 개발 , 2022-08-01 , 2023-12-29 , 2023-12-29 ,"836,721,000","836,721,000","910,915,171",1,1, 공정DX연구소 제선연구그룹 ,  , 저탄소제철연구소 제선연구그룹 , 저탄소제철연구소 제선연구그룹 , 이정호 , (광양)제선부 , 손병연 , (공정)제선공정-원가절감기술 , 2023-12-31 , 기술축적 , 철강분야 , 정성효과 ,0,0,0,0,0,0,0,0,0,0,0,0,0,0,  ,  ,"836,721,000",0,  ,  ,0,0, 과제종결(완료평가) 
93,20229219, 미래기술과제 , 2022P354 , Al활용 STS300계 주편 델타페라이트 예측기술개발 , 2022-06-06 , 2023-05-26 , 2023-05-25 ,"537,813,424","537,813,424","590,615,563",1,1, 공정DX연구소 제강연구그룹 , (포항)STS제강부 기술개발섹션 , 강재연구소 제강연구그룹 , 강재연구소 제강연구그룹 , 김종철 , 공정DX연구소 제강연구그룹 , 서성모 , (공정)STS공정-불량율저감기술 , 2024-06-03 , 기술축적 , 철강분야 , 정성효과 ,0,0,0,0,0,0,0,0,0,0,0,0,0,0,  ,  ,"537,813,424",0,  ,  ,0,0, 과제종결(완료평가) 
94,20229224, 현업과제 , 2022P233 , 유럽 도요타향 저철손 고강도 25PNX3200J 현장 적용 연구 , 2022-02-21 , 2022-12-16 , 2023-01-05 ,"522,220,840","522,220,840","73,786,898",1,1, 제품연구소 냉연도금연구그룹 ,  , 친환경차용NO고도화TF팀 친환경차용NO개발그룹 , 친환경차용NO고도화TF팀 , 홍재완 , 임원 , 김상균 , (제품)전기강판제품-양산제품개발기술 , 2023-10-13 , 고객기술지원 , 철강분야 , 정량효과 ,0,0,0,0,0,0,"1,200,000,000",0,0,0,0,0,0,0, 신수요창출 , 12억원/년 (예상 판매량 6천톤/년 x 예상 영업이익 20만원/톤) ,"522,220,840","1,200,000,000",4,25,"4,800,000,000",9.19, 과제종결(완료평가) 
95,20229226, 현업과제 , 2022P472 ," CTOD 보증 극후물 EN-S355MLO, S460MLO 선도제품개발 ", 2022-11-14 , 2023-09-22 , 2023-09-22 ,"335,005,500","335,005,500","423,230,904",1,1, 제품연구소 열연선재후판연구그룹 ,  , 강재연구소 에너지조선연구그룹 , 강재연구소 에너지조선연구그룹 , 김상호 , 에너지조선마케팅실 조선소재판매그룹 , 이재혁 , (제품)후판제품-선도제품개발기술 , 2024-09-01 , 철강신수요창출 , 철강분야 , 정량효과 ,0,0,"550,000,000",0,0,0,0,0,0,0,0,0,0,0, 제품개발/수입대체 , S355MLO 3억원/년 (연간판매량 2천톤 x 톤당영업이익 150천원/톤) + S420MLO 1.5억원/년 (연간판매량 1천톶 x 톤당영업이익 150천원/년) + S460MLO 1억원/년 (연간판매량 0.5천톤/년 x 톤당영업이익 200천원/년) ,"435,005,500","550,000,000",4,80,"2,200,000,000",5.06, 과제종결(완료평가) 
96,20229229, 현업과제 , 2022P460 , 전기강판 Slitting 및 전단 공정 형상 변화 발생 원인 규명 및 감소 기술 개발 , 2022-10-24 , 2023-05-05 , 2023-09-27 ,"180,776,300","180,776,300","196,649,820",1,1, 솔루션연구소 강재솔루션연구그룹 ,  , 철강솔루션연구소 성형연구그룹 , 철강솔루션연구소 성형연구그룹 , 박기철 , 전기전자마케팅실 솔루션개발섹션 , 나상준 , (이용)가공 , 2023-10-09 , 고객기술지원 , 철강분야 , 정성효과 ,0,0,0,0,0,0,0,0,0,0,0,0,0,0,  ,  ,"180,776,300",0,  ,  ,0,0, 과제종결(완료평가) 
97,20229230, 현업과제 , 2022P175 , FINEX Coal Silo 혼합절출 방지를 위한 내부 적층 시뮬레이션 AI 모델 개발 , 2022-02-07 , 2023-01-27 , 2023-01-28 ,"345,819,000","953,904,710","384,701,410",2,2, 미래철강연구소 수소환원제철연구그룹 , HyREX추진반 , 저탄소제철연구소 수소환원연구그룹 , 저탄소제철연구소 수소환원연구그룹 , 김선영 , (포항)FINEX부 , 박경동 , (공정)제선공정-생산성향상기술 , 2023-08-17 , 기술축적 , 철강분야 , 정성효과 ,0,0,0,0,0,0,0,0,0,0,0,0,0,0,  ,  ,"345,819,000",0,  ,  ,0,0, 과제종결(완료평가) 
98,20229232, 현업과제 , 2022P392 , 4CGL 통합운전실 구현을 위한 입측 공정 AI 자동화 기술 개발 , 2022-05-30 , 2023-11-03 , 2024-01-04 ,"1,744,542,100","1,744,542,100","1,660,276,001",1,1, 공정DX연구소 로봇AI연구그룹 ,  , 공정연구소 제어계측연구그룹 , 공정연구소 제어계측연구그룹 , 공남웅 , (광양)도금부 , 안정환 , (엔지니어링)제어계측-원가절감기술 , 2024-02-01 , 기술축적 , 철강분야 , 정성효과 ,0,0,0,0,0,0,0,0,0,0,0,0,0,0,  ,  ,"1,744,542,100",0,  ,  ,0,0, 과제종결(완료평가) 
99,20229235, 현업과제 , 2022P321 , [액화 CO2 탱크용] [Max. 50t] [LT-FH51] 현장 적용연구 , 2022-05-02 , 2023-05-19 , 2023-04-10 ,"267,876,800","267,876,800","297,167,901",1,1, 제품연구소 열연선재후판연구그룹 ,  , 강재연구소 에너지조선연구그룹 , 강재연구소 에너지조선연구그룹 , 이학철 , 에너지조선마케팅실 조선소재판매그룹 , 이재혁 , (제품)후판제품-양산제품개발기술 , 2024-03-29 , 철강신수요창출 , 철강분야 , 정량효과 ,0,0,0,0,0,0,"800,000,000",0,0,0,0,0,0,0, 신수요창출 ," 25년 이후 년간 5척 건조 예상, 척당 2천톤 x 5 =10,000톤 기대이익 10,000톤 x 8만원/톤 = 8억원/년 ","367,876,800","800,000,000",4,50,"3,200,000,000",8.7, 과제종결(완료평가) 
100,20229236, 현업과제 , 2022P174 , 수소이송용 강관 용접부 특성 향상 기술 개발 , 2022-01-24 , 2023-03-31 , 2023-04-07 ,"477,803,900","477,803,900","395,835,240",1,1, (광양)고Mn강프로젝트팀 ,  , 철강솔루션연구소 접합연구그룹 , 철강솔루션연구소 접합연구그룹 , 이봉근 , 에너지조선마케팅실 친환경에너지소재판매그룹 , 이동은 , (이용)접합 , 2024-03-01 , 철강신수요창출 , 철강분야 , 정량효과 ,0,0,0,0,0,0,"1,000,000,000",0,0,0,0,0,0,0, 신수요창출 , '21년도 안산 수소시범도시를 시작으로 '23~'25년에는 국내 수소 인프라 수요는 약 5천톤 예상됨 ※ 예상판매량 5천톤/년 x 영역어익 200천원/톤(영역이익 24%) = 10억/년 ,"477,803,900","1,000,000,000",4,20,"4,000,000,000",8.37, 과제종결(완료평가) 
101,20229242, 현업과제 , 2022P038 , PosMC활용 해양플랜트 및 풍력설치선용 Jack-up Rig EQ70 현장 적용연구 , 2022-01-03 , 2023-02-17 , 2023-02-24 ,"163,153,400","163,153,400","186,104,497",1,1, 미래철강연구소 차세대철강연구그룹 ,  , 강재연구소 에너지조선연구그룹 , 강재연구소 에너지조선연구그룹 , 소태일 , 에너지조선마케팅실 친환경에너지소재판매그룹 , 이동은 , (제품)후판제품-양산제품개발기술 , 2024-01-01 , 철강신수요창출 , 철강분야 , 정량효과 ,0,0,"1,080,000,000",0,0,0,0,0,0,0,0,0,0,0, 제품개발/수입대체 ," * 예상 영업이익 = 톤당 영업이익 x 연간판매량 = 100,000원/톤 x 10,800톤/년 = 10.8억/년 * 상기 톤당 영업이익은 PosMC, 광양 열처리로 가동 상황에 따라 가변적 ","213,153,400","1,080,000,000",4,50,"4,320,000,000",20.27, 과제종결(완료평가) 
102,20229252, 현업과제 , 2022P183 , 열연 Defects Automatic Visualization & Analysis System(DAVAS) 기술 개발 , 2022-01-17 , 2023-03-31 , 2023-03-29 ,"703,685,100","703,685,100","714,251,314",1,1, 미래철강연구소 차세대철강연구그룹 ,  , 공정연구소 압연공정연구그룹 , 공정연구소 압연공정연구그룹 , 박민재 , (광양)열연부 , 최석찬 , (공정)열연공정-불량율저감기술 , 2023-11-30 , 기술축적 , 철강분야 , 정성효과 ,0,0,0,0,0,0,0,0,0,0,0,0,0,0,  ,  ,"703,685,100",0,  ,  ,0,0, 과제종결(완료평가) 
103,20229253, 현업과제 , 2022P204 , 가전용 제진강판 현장 적용연구 , 2022-02-07 , 2022-12-30 , 2023-01-20 ,"641,636,000","641,636,000","954,945,133",1,1, 제품연구소 표면연구그룹 ,  , 자동차소재연구소 자동차소재표면연구그룹 , 자동차소재연구소 자동차소재표면연구그룹 , 김진태 , 전기전자마케팅실 가전강판판매그룹 , 이지은 , (제품)표면처리제품-양산제품개발기술 , 2023-07-01 , 철강신수요창출 , 철강분야 , 정량효과 ,0,0,0,0,0,0,"200,000,000",0,0,0,0,0,0,0, 신수요창출 ," 현 시황을 고려하여 수요량 재산정하였고 개발초기 시장 및 적용처 발굴로 수요 발생량이 적으나 점차 증대 될 것으로 판단됨. 500톤(2024), 1000톤(2025), 1000톤(2026), 1000톤(2027) 기대이익 = 신규수요량 x 톤당 수익 200,000,000원/년 = 1000톤/년 x 200000원(톤당 수익) ","641,636,000","200,000,000",4,60,"800,000,000",1.25, 과제종결(완료평가) 
104,20229254, 현업과제 , 2022P044 ," [해상풍력용][저온충격인성보증][JIS-SM520CTM, SM520CN][선도제품개발] ", 2022-01-03 , 2023-03-31 , 2023-04-10 ,"400,415,200","400,415,200","445,487,063",1,1, 제품연구소 열연선재후판연구그룹 ,  , 강재연구소 에너지조선연구그룹 , 강재연구소 에너지조선연구그룹 , 김우겸 , 에너지조선마케팅실 친환경에너지소재판매그룹 , 이동은 , (제품)후판제품-선도제품개발기술 , 2023-10-02 , 철강신수요창출 , 철강분야 , 정량효과 ,0,0,"400,000,000",0,0,0,0,0,0,0,0,0,0,0, 제품개발/수입대체 ," SM520CTM : 3,000톤 X 100천원/톤=3억원/년 SM520CN : 1,000톤X100천원/톤=1억원/년 ","550,415,200","400,000,000",4,70,"1,600,000,000",2.91, 과제종결(완료평가) 
105,20229257, 현업과제 , 2022P416 , (전사) GI/STG800이용 강관철근 래티스 일체형 데크플레이트 개발 (2/2) , 2022-08-15 , 2023-10-27 , 2023-11-28 ,"588,968,000","1,032,755,000","526,664,152",2,2, 솔루션연구소 강건재솔루션연구그룹 ,  , 철강솔루션연구소 구조연구그룹 , 철강솔루션연구소 구조연구그룹 , 정경수 , 강건재마케팅실 강건재솔루션그룹 , 전형준 , (이용)강구조 , 2023-12-29 , 철강신수요창출 , 철강분야 , 정량효과 ,0,0,0,0,0,0,"1,500,000,000",0,0,0,0,0,0,0, 신수요창출 , 연계판매량 15천톤/년 X 10만원/톤(영업이익) = 15억원/년 ,"588,968,000","1,500,000,000",4,30,"6,000,000,000",10.19, 과제종결(완료평가) 
106,20229259, 미래기술과제 , 2022P468 , 강건재용 단열 강판 개발 , 2022-11-07 , 2024-03-29 , 2024-03-23 ,"511,624,000","511,624,000","798,061,117",1,1, 제품연구소 표면연구그룹 ,  , 자동차소재연구소 자동차소재표면연구그룹 , 자동차소재연구소 자동차소재표면연구그룹 , 김진태 , 자동차소재연구소 자동차소재표면연구그룹 , 백두진 , (제품)표면처리제품-선도제품개발기술 , 2025-01-06 , 철강신수요창출 , 철강분야 , 정성효과 ,0,0,0,0,0,0,0,0,0,0,0,0,0,0,  ,  ,"511,624,000",0,  ,  ,0,0, 과제종결(완료평가) 
107,20229260, 미래기술과제 , 2022P376 , BCR공정 활용 400계 성형성 향상 , 2022-07-11 , 2023-03-31 , 2023-04-07 ,"186,461,200","186,461,200","217,279,333",1,1, 제품연구소 STS연구그룹 ,  , 강재연구소 STS연구그룹 , 강재연구소 STS연구그룹 , 박지언 , 제품연구소 STS연구그룹 , 김진석 , (제품)STS제품-품질개선기술 , 2023-06-30 , 기술축적 , 철강분야 , 정량효과 ,0,0,0,0,0,0,0,0,"300,000,000",0,0,0,0,0, 공정개선 , 3억원/년 = 판매량 3천톤/년 X 예상 가공비 절감 100천원/톤(BCR 적용에 따른 소둔공정 생략) ,"186,461,200","300,000,000",4,50,"1,200,000,000",6.44, 과제종결(완료평가) 
108,20229261, 현업과제 , 2022P375 , 열처리생략형 1.0GPa급 풍력 볼트용 선재 선도제품 개발 , 2022-07-11 , 2023-07-28 , 2023-08-03 ,"330,792,200","330,792,200","380,208,069",1,1, 제품연구소 열연선재후판연구그룹 ,  , 강재연구소 열연선재연구그룹 , 강재연구소 열연선재연구그룹 , 정병인 , 열연선재마케팅실 선재판매그룹 솔루션개발섹션 , 박병주 , (제품)선재제품-선도제품개발기술 , 2024-01-01 , 기술축적 , 철강분야 , 정량효과 ,0,0,0,0,0,0,"520,000,000",0,0,0,0,0,0,0, 신수요창출 ," 5.2억원/년 = 2.4천톤/년(단기 Reyher사 등, 장기 5천톤/년) x 216천원/톤(’21년 선재평균영업이익) ","330,792,200","520,000,000",4,70,"2,080,000,000",6.29, 과제종결(완료평가) 
109,20229262, 현업과제 , 2022P037 , 소형시험법에 의한 ERW 조관 후 물성예측기술 개발 , 2022-01-03 , 2023-04-28 , 2023-05-04 ,"587,450,900","587,450,900","471,532,671",1,1, 솔루션연구소 강재솔루션연구그룹 ,  , 철강솔루션연구소 접합연구그룹 , 철강솔루션연구소 접합연구그룹 , 강민석 , 열연선재마케팅실 열연판매그룹 솔루션개발섹션 , 강건우 , (이용)강재성능 , 2023-05-01 , 고객기술지원 , 철강분야 , 정량효과 ,0,0,0,0,0,0,0,0,0,0,0,0,0,"120,000,000", 기타 ," 열연 API재 재질불량에 의한 Claim 보상액 ('18~'19 기준, 강재 3710톤): 약 12억/년 ","587,450,900","120,000,000",4,40,"480,000,000",0.82, 과제종결(완료평가) 
110,20229263, 현업과제 , 2022P471 , 주거용 건물의 Pre-fab 합성전이보와 Topdown 구조시스템 개발 , 2022-11-07 , 2023-10-06 , 2023-10-30 ,"648,224,000","1,209,746,000","576,044,859",2,1, RIST ,  , 철강솔루션연구소 구조연구그룹 , 철강솔루션연구소 구조연구그룹 , 김진원 , 강건재마케팅실 강건재솔루션그룹 , 전형준 , (이용)강구조 , 2024-11-29 , 철강신수요창출 , 철강분야 , 정량효과 ,0,0,0,0,0,0,"1,000,000,000",0,0,0,0,0,0,0, 신수요창출 ," 10,000톤 x 100,000원 = 1,000,000,000원 ","648,224,000","1,000,000,000",4,80,"4,000,000,000",6.17, 과제종결(단계완료평가) 
111,20229265, 현업과제 , 2022P138 , 턴디시 거닝재 내화물 수명 향상을 위한 시공 품질 향상 기술 개발 , 2022-01-10 , 2023-03-24 , 2023-04-05 ,"425,107,150","425,107,150","403,529,974",1,1, 공정DX연구소 제강연구그룹 ,  , 강재연구소 제강연구그룹 , 강재연구소 제강연구그룹 , 권오성 , (광양)노재그룹 , 박종화 , (공정)제강공정-생산성향상기술 , 2023-06-30 , 기술축적 , 철강분야 , 정량효과 ,"3,580,000,000","4,020,000,000",0,0,0,0,0,0,0,0,0,0,0,"80,000,000"," 생산성향상,원단위절감,기타 ", O 평균 연연주비 1ch증대시 가정시(8.2ch → 9.2ch) - Tundish 내화물 및 수리비용 절감(40.2억) + 정품증가(35.8억) + 이송비용(0.2억) + TD 지금 이송비용(0.6억) - 총 76.8억 X 기여율 10% ,"425,107,150","7,680,000,000",4,10,"30,720,000,000",72.26, 과제종결(완료평가) 
112,20229274, 현업과제 , 2022P294 , STS4제강 VOD Inner Cover 신속 교체 기술 개발 , 2022-04-04 , 2023-06-30 , 2023-07-04 ,"981,332,000","981,332,000","882,671,932",1,1, 공정DX연구소 압연엔지니어링연구그룹 ,  , (포항)PosMC기술개발TF팀 , (포항)PosMC기술개발TF팀 , 박철민 , (포항)STS제강부 , 조용석 , (공정)STS공정-생산성향상기술 , 2023-07-03 , 기술축적 , 철강분야 , 정량효과 ,"266,000,000",0,0,0,0,0,0,0,0,0,0,0,0,0, 생산성향상 ," PosMC 10만톤/년 조업시 Inner Cover교환시간 : 2720분/년 단축, 기존 VOD : 2618분/년 단축 STS4제강 고정비(20년, 분당) : 249,232원/분 → (249,232원/분*(2720_PosMC+2618_VOD)분/년*기여율20% = 2.66억/년) ","981,332,000","266,000,000",4,50,"1,064,000,000",1.08, 과제종결(완료평가) 
113,20229277, 현업과제 , 2022P432 , STS 연주 2차 냉각수 노즐 막힘여부 Smart 진단 기술 개발 , 2022-09-05 , 2023-08-25 , 2023-08-31 ,"777,178,400","777,178,400","1,075,844,768",1,1, 미래철강연구소 차세대철강연구그룹 ,  , 공정연구소 철강엔지니어링연구그룹 , 공정연구소 철강엔지니어링연구그룹 , 임지우 , (포항)STS제강부 , 조용석 , (공정)STS공정-불량율저감기술 , 2023-12-31 , 기술축적 , 철강분야 , 정량효과 ,0,0,0,0,0,0,0,"93,856,578",0,0,0,0,0,0, 실수율/품질향상 ," - 냉각수 노즐 막힘에 의한 결함 감소 [총 기대효과(93,856,578원/년) = ① 긁힌흠 CG감소 42,489,703원/년 + ②긁힌흠 품질부적합 감소 51,366,875원/년] ① CG감소 : 연간 긁힌흠 HAP 발생량(1,571 Ton/년) * 냉각수 노즐 요인 가중치(69%) * CG감소비용(39,200원/Ton) = 42,489,703원/년 ② 부적합감소 : 연간 긁힌흠 부적합 발생량(498 Ton/년) * 냉각수 노즐 요인 가중치(49%) * 판매가(2,350,551원/Ton) * 주문외감가율(15%) = 51,366,875원/년 ","777,178,400","93,856,578",1,100,"93,856,578",0.12, 과제종결(완료평가) 
114,20229283, 현업과제 , 2022P341 , 고강도 BH형강과 강관을 활용한 하이브리드형 경량방음시설 구조물 사양 개발 , 2022-04-25 , 2023-07-21 , 2023-08-31 ,"503,114,000","503,114,000","432,684,756",1,1, 솔루션연구소 강건재솔루션연구그룹 ,  , 철강솔루션연구소 구조연구그룹 , 철강솔루션연구소 구조연구그룹 , 노명현 , 강건재마케팅실 강건재솔루션그룹 , 전형준 , (이용)강구조 , 2024-01-01 , 철강신수요창출 , 철강분야 , 정량효과 ,0,0,0,0,0,0,"1,000,000,000",0,0,0,0,0,0,0, 신수요창출 ," ○ 년간기대이익 산출내역 (단위:천원) - 1,000,000천원: 5천톤 (고강도BH형강 2천톤+고강도강관 3천톤) x 200천원(영업이익) ","503,114,000","1,000,000,000",4,50,"4,000,000,000",7.95, 과제종결(완료평가) 
115,20229294, 미래기술과제 , 2022P405 , 자동차 차체 주요 부품별 온실가스 저감 부품화 솔루션 개발 , 2022-08-08 , 2023-08-04 , 2023-08-03 ,"781,337,500","781,337,500","666,062,509",1,1, 솔루션연구소 자동차소재솔루션연구그룹 ,  , 철강솔루션연구소 성형연구그룹 , 철강솔루션연구소 성형연구그룹 , 김동진 , 철강솔루션연구소 성형연구그룹 , 정기석 , (이용)가공 , 2024-08-07 , 기업이미지제고 , 철강분야 , 정성효과 ,0,0,0,0,0,0,0,0,0,0,0,0,0,0,  ,  ,"781,337,500",0,  ,  ,0,0, 과제종결(완료평가) 
116,20229301, 현업과제 , 2022P211 , 전류 편차 최소화에 의한 교류전해 효율 향상 기술 , 2022-02-07 , 2023-02-03 , 2023-02-03 ,"583,898,000","583,898,000","124,353,716",1,1, 공정DX연구소 압연엔지니어링연구그룹 , (포항)제선부 2제선공장 , (포항)PosMC기술개발TF팀 , (포항)PosMC기술개발TF팀 , 조운관 , (포항)STS압연부 , 강태형 , (공정)STS공정-원가절감기술 , 2023-02-06 , 기술축적 , 철강분야 , 정량효과 ,0,0,0,"1,019,520,000",0,0,0,0,0,0,0,0,0,0, 자재수명향상 ," ○ 전극 단가 : 7,500,000원/EA ○ 연간 전극 소모량 : 230 → 60EA, △170EA ○ 기여율 : 80% ○ 예상 기대이익 = 전극단가 × 전극 사용 감소량 × 기여율 = 7,500,000 × 170EA × 0.8 = 10.2억원 ","583,898,000","1,019,520,000",4,80,"4,078,080,000",6.98, 과제종결(완료평가) 
117,20229304, 미래기술과제 , 2022P349 , 차세대 고연신 CR/GI 780TRIP강 미래선도제품 개발 , 2022-06-06 , 2023-08-25 , 2023-09-21 ,"473,035,400","473,035,400","706,748,210",1,1, 제품연구소 자동차소재연구그룹 , 기술연구원 연구기획그룹 , 자동차소재연구소 자동차소재연구그룹 , 자동차소재연구소 자동차소재연구그룹 , 조원태 , 제품연구소 자동차소재연구그룹 , 김성일 , (제품)냉연제품-선도제품개발기술 , 2025-08-01 , 철강신수요창출 , 철강분야 , 정성효과 ,0,0,0,0,0,0,0,0,0,0,0,0,0,0,  ,  ,"473,035,400",0,  ,  ,0,0, 과제종결(완료평가) 
118,20229307, 현업과제 , 2022P413 , 혼다/닛산향 차체용 고성형 1180YL(CH)강 현장 적용연구 (1/1) , 2022-08-08 , 2023-12-22 , 2023-12-18 ,"632,913,000","632,913,000","938,472,881",1,1, 제품연구소 자동차소재연구그룹 ,  , 자동차소재연구소 자동차소재연구그룹 , 자동차소재연구소 자동차소재연구그룹 , 구민서 , 자동차소재마케팅실 자동차강판수출1그룹 , 옥봉성 , (제품)냉연제품-양산제품개발기술 , 2024-01-01 , 철강신수요창출 , 철강분야 , 정량효과 ,0,0,"330,000,000",0,0,0,0,0,0,0,0,0,0,0, 제품개발/수입대체 ," 3.3억원/년=혼다/닛산 차량적용 예상 수요량 (1.65천톤/년) x 판매 Extra(200,000원/톤) ","672,913,000","330,000,000",3.5,100,"1,155,000,000",1.72, 과제종결(완료평가) 
119,20229308, 현업과제 , 2022P209 , ACR-ACC 공정 적용 저원가 API-X70 후판(두께 20mm 이하) 선도 제품개발 , 2022-02-07 , 2023-03-31 , 2023-04-03 ,"271,652,698","271,652,698","328,216,452",1,1, (포항)에너지후판프로젝트팀 ,  , 강재연구소 에너지조선연구그룹 , 강재연구소 에너지조선연구그룹 , 김진유 , 열연선재마케팅실 열연판매그룹 솔루션개발섹션 , 강건우 , (제품)후판제품-선도제품개발기술 , 2023-04-30 , 철강신수요창출 , 철강분야 , 정량효과 ,0,"110,000,000",0,0,0,0,0,0,0,0,0,0,0,0, 원단위절감 , 성분원가 저감액 (5.5만원/톤) x 예상판매량 (2만톤) = 11억원 ,"271,652,698","110,000,000",4,50,"440,000,000",1.62, 과제종결(완료평가) 
120,20229311, 현업과제 , 2022P027 , 고탄소 마르텐사이트 스테인리스강 편석저감 제어기술 개발 (C0) , 2022-01-03 , 2023-03-24 , 2023-03-27 ,"476,214,700","476,214,700","562,885,596",1,1, 공정DX연구소 제강연구그룹 ,  , 강재연구소 제강연구그룹 , 강재연구소 제강연구그룹 , 김상훈 , (포항)STS제강부 , 조용석 , (공정)STS공정-불량율저감기술 , 2023-03-31 , 철강신수요창출 , 철강분야 , 정성효과 ,0,0,0,0,0,0,0,0,0,0,0,0,0,0,  ,  ,"476,214,700",0,  ,  ,0,0, 과제종결(완료평가) 
121,20229313, 미래기술과제 , 2022P340 , 후판 열처리재 재질분포 예측모델 개발 , 2022-06-06 , 2023-05-05 , 2023-04-25 ,"263,760,000","263,760,000","321,474,793",1,1, 제품연구소 열연선재후판연구그룹 ,  , 강재연구소 에너지조선연구그룹 , 강재연구소 에너지조선연구그룹 , 김용우 , 제품연구소 열연선재후판연구그룹 , 고성웅 , (제품)후판제품-품질개선기술 , 2023-06-01 , 기술축적 , 철강분야 , 정성효과 ,0,0,0,0,0,0,0,0,0,0,0,0,0,0,  ,  ,"263,760,000",0,  ,  ,0,0, 과제종결(완료평가) 
122,20229315, 현업과제 , 2022P235 , 에어컨 및 공조기용 항바이러스 GI Cr-free 선도제품 개발 , 2022-02-28 , 2023-07-28 , 2023-08-09 ,"368,271,500","368,271,500","559,871,922",1,1, 제품연구소 표면연구그룹 ,  , 자동차소재연구소 자동차소재표면연구그룹 , 자동차소재연구소 자동차소재표면연구그룹 , 박하선 , 전기전자마케팅실 솔루션개발섹션 , 나상준 , (제품)표면처리제품-선도제품개발기술 , 2023-08-01 , 철강신수요창출 , 철강분야 , 정성효과 ,0,0,0,0,0,0,0,0,0,0,0,0,0,0,  ,  ,"368,271,500",0,  ,  ,0,0, 과제종결(완료평가) 
123,20229320, 현업과제 , 2022P173 , 현대기아차향 GA SEDDQ재 시장선도 제품개발 , 2022-02-07 , 2023-03-31 , 2023-03-30 ,"510,560,000","510,560,000","760,770,553",1,1, 제품연구소 자동차소재연구그룹 ,  , 자동차소재연구소 자동차소재연구그룹 , 자동차소재연구소 자동차소재연구그룹 , 한성호 , 자동차소재마케팅실 자동차소재솔루션그룹 , 조용균 , (제품)표면처리제품-선도제품개발기술 , 2023-05-10 , 철강신수요창출 , 철강분야 , 정량효과 ,0,0,0,0,0,0,"375,000,000",0,0,0,0,0,0,0, 신수요창출 ," 1.예상 수요량 : 5,000톤/'25년 기준, 2.영업이익 : 75,000원/톤 3.기대이익 : 375,000천원/년 * 수요량 및 영업이익((판매팀 자료제공) ","540,560,000","375,000,000",3,50,"1,125,000,000",2.08, 과제종결(완료평가) 
124,20229323, 미래기술과제 , 2022P335 , 제품부두 코일제품 Auto lift 기본 설계 기술 개발 , 2022-05-09 , 2023-05-19 , 2023-05-25 ,"614,306,000","614,306,000","532,949,554",1,1, 공정DX연구소 로봇AI연구그룹 ,  , 공정연구소 로봇솔루션연구그룹 , 공정연구소 로봇솔루션연구그룹 , 정용화 , 공정연구소 로봇솔루션연구그룹 , 최용준 , (철강기타)철강기타 , 2023-07-03 , 기술축적 , 철강분야 , 정성효과 ,0,0,0,0,0,0,0,0,0,0,0,0,0,0,  ,  ,"614,306,000",0,  ,  ,0,0, 과제종결(완료평가) 
125,20229324, 미래기술과제 , 2022P172 , 강판의 두께방향 탈탄수준 검출기술 개발 , 2022-01-31 , 2022-11-25 , 2023-02-24 ,"136,866,250","136,866,250","169,651,108",1,1, 공정DX연구소 압연엔지니어링연구그룹 ,  , 공정연구소 압연공정연구그룹 , 공정연구소 압연공정연구그룹 , 지창운 , 공정연구소 압연공정연구그룹 , 강윤희 , (엔지니어링)기계설비-불량율저감기술 , 2024-06-28 , 조업/기술경영자료 , 철강분야 , 정성효과 ,0,0,0,0,0,0,0,0,0,0,0,0,0,0,  ,  ,"136,866,250",0,  ,  ,0,0, 과제종결(완료평가) 
126,20229325, 현업과제 , 2022P225 , 차세대 중장비용 탄소중립대응 고강도(TS≥690) 용접재료 선재 현장 적용연구 , 2022-03-07 , 2023-12-22 , 2023-12-27 ,"384,426,000","384,426,000","344,035,335",1,1, 철강솔루션연구소 접합연구그룹 ,  , 철강솔루션연구소 접합연구그룹 , 철강솔루션연구소 접합연구그룹 , 정홍철 , 열연선재마케팅실 선재판매그룹 , 김웅기 , (제품)선재제품-양산제품개발기술 , 2025-06-30 , 철강신수요창출 , 철강분야 , 정량효과 ,0,0,"780,000,000",0,0,0,0,0,0,0,0,0,0,0, 제품개발/수입대체 ," 7.8억원/년(390톤/년 X 1.9백만원/톤) - 판매가 4,000천원 X 영업이익 48.7% ","384,426,000","780,000,000",4,80,"3,120,000,000",8.12, 과제종결(완료평가) 
127,20229329, 현업과제 , 2022P331 , 지반구조용 중공철근 부식특성 평가 및 방식기술 개발 , 2022-05-02 , 2023-04-28 , 2023-05-04 ,"494,524,000","494,524,000","458,448,613",1,1, 휴직 ,  , 철강솔루션연구소 성능연구그룹 , 철강솔루션연구소 성능연구그룹 , 이경황 , 강건재마케팅실 강건재솔루션그룹 , 전형준 , (이용)강재성능 , 2023-12-29 , 철강신수요창출 , 철강분야 , 정성효과 ,0,0,0,0,0,0,0,0,0,0,0,0,0,0,  ,  ,"494,524,000",0,  ,  ,0,0, 과제종결(완료평가) 
128,20229331, 현업과제 , 2022P113 , 냉연재 표면 결함 검출을 위한 수작업 대체 자동화 기술 개발 , 2022-01-03 , 2022-10-28 , 2023-01-04 ,"573,825,200","573,825,200","623,415,461",1,1, 공정DX연구소 로봇AI연구그룹 ,  , 저탄소공정연구소 로봇솔루션연구센터 , 저탄소공정연구소 로봇솔루션연구센터 , 원성연 , (포항)냉연부 , 조명래 , (공정)냉연공정-불량율저감기술 , 2022-10-29 , 기업이미지제고 , 철강분야 , 정성효과 ,0,0,0,0,0,0,0,0,0,0,0,0,0,0,  ,  ,"573,825,200",0,  ,  ,0,0, 과제종결(완료평가) 
129,20229333, 미래기술과제 , 2022P036 , 저HMR 자동차 외판재 최적물성 확보기술 개발(1) , 2022-01-31 , 2023-02-24 , 2023-02-25 ,"649,994,000","649,994,000","936,301,399",1,1, (광양)전기로고급강프로젝트팀 ,  , 자동차소재연구소 자동차소재연구그룹 , 자동차소재연구소 자동차소재연구그룹 , 이재훈 , 제품연구소 자동차소재연구그룹 , 김성일 , (제품)표면처리제품-선도제품개발기술 , 2024-03-29 , 기술축적 , 철강분야 , 정성효과 ,0,0,0,0,0,0,0,0,0,0,0,0,0,0,  ,  ,"649,994,000",0,  ,  ,0,0, 과제종결(완료평가) 
130,20229335, 현업과제 , 2022P359 , 도요타향 구동모터용 Cr-free 코팅 NO선도제품 개발 (1/1) , 2022-06-06 , 2023-09-01 , 2023-08-08 ,"401,537,500","401,537,500","477,944,428",1,1, 제품연구소 냉연도금연구그룹 ,  , 강재연구소 전기전자연구그룹 , 강재연구소 전기전자연구그룹 , 이동규 , 자동차소재마케팅실 친환경차그룹 , 김창묵 , (제품)전기강판제품-선도제품개발기술 , 2024-12-31 , 철강신수요창출 , 철강분야 , 정량효과 ,0,0,0,0,0,0,"3,600,000,000",0,0,0,0,0,0,0, 신수요창출 , 예상 판매량 (18천톤/년) x PNX 영업이익(20만원/톤) ,"601,537,500","3,600,000,000",4,25,"14,400,000,000",23.94, 과제종결(완료평가) 
131,20229336, 현업과제 , 2022P043 ," STS4제강 400계강 주편품질향상을 위한 1,2차 냉각기술 개발 ", 2022-01-03 , 2023-03-24 , 2023-03-27 ,"390,220,500","390,220,500","412,234,176",1,1, 공정DX연구소 제강연구그룹 , (포항)STS제강부 기술개발섹션 , 강재연구소 제강연구그룹 , 강재연구소 제강연구그룹 , 김종철 , (포항)STS제강부 , 조용석 , (공정)STS공정-생산성향상기술 , 2023-06-01 , 기술축적 , 철강분야 , 정량효과 ,"1,023,259,322",0,0,0,0,0,0,0,0,0,0,0,0,0, 생산성향상 ," ○ STS400계강의 생산성 향상 및 실수율 증대증대 (10.2억원/년) - 주속 증가율(430강 12%, 430J1L강 22%)* ‘21년 4제강 생산량(430강, 430J1L강) * 400계 영업이익(원/톤)*기여율(30%) . 년간생산량(‘21년) : 144천톤(430강), 55천톤(430J1L강), 400계 영업이익 (150천원/톤) ","390,220,500","1,023,259,322",4,50,"4,093,037,288",10.49, 과제종결(완료평가) 
132,20229339, 현업과제 , 2022P105 , CR 1180TRIP 실수율 향상을 위한 전장전폭 재질 및 형상 개선 기술개발 , 2022-01-03 , 2023-02-03 , 2023-02-05 ,"371,420,000","371,420,000","538,395,737",1,1, (광양)GigaSteel프로젝트팀 ,  , 자동차소재연구소 자동차소재연구그룹 , 자동차소재연구소 자동차소재연구그룹 , 서창효 , (광양)품질기술부 , 이철영 , (제품)냉연제품-품질개선기술 , 2023-07-31 , 기술축적 , 철강분야 , 정량효과 ,0,0,0,0,0,0,0,"1,800,500,000",0,0,0,0,0,0, 실수율/품질향상 ," ○ 정량: 년간기대이익 18억원(`23) - 23년 CR1180TRIP의 중장기 판매목표 52천톤 - 실수율 84.8% 시 생산필요량 – 77.87시 생산필요량 = 약 3,601톤 - 3,601톤 X 500천원(제조원가 – 스크랩가) = 18억/년 ","371,420,000","1,800,500,000",4,80,"7,202,000,000",19.39, 과제종결(완료평가) 
133,20229342, 현업과제 , 2022P496 , 23PHD080 글라스 피막 밀착성 향상 기술 개발 , 2022-12-26 , 2023-11-24 , 2023-12-08 ,"404,077,500","404,077,500","459,484,129",1,1, 미래철강연구소 차세대철강연구그룹 ,  , 강재연구소 전기전자연구그룹 , 강재연구소 전기전자연구그룹 , 권민석 , 글로벌품질서비스실 품질설계2그룹 , 김태규 , (제품)전기강판제품-품질개선기술 , 2023-12-29 , 철강신수요창출 , 철강분야 , 정성효과 ,0,0,0,0,0,0,0,0,0,0,0,0,0,0,  ,  ,"404,077,500",0,  ,  ,0,0, 과제종결(완료평가) 
134,20229345, 미래기술과제 , 2022P220 , Stirling cycle을 활용한 중저온 열원 에너지 변환 기술 개발 , 2022-02-14 , 2023-09-29 , 2023-10-05 ,"234,810,500","234,810,500","295,284,448",1,1, (광양)GigaSteel프로젝트팀 ,  , 공정연구소 압연공정연구그룹 , 공정연구소 압연공정연구그룹 , 김정국 , 공정연구소 압연공정연구그룹 , 강윤희 , (공정)제강공정-에너지기술 , 2023-12-29 , 기술축적 , 철강분야 , 정량효과 ,0,0,0,0,0,0,0,0,0,"130,000,000",0,0,0,0, 에너지절감 ," 광양 제철소內 중저온 현열 발전 : 1.3억원/년 ※ 총 현열량(예상) : 2,500GWh/년간 → 발전 비용 대체 : 현열 1% 회수(25 GWh) × 57.5원/kWh(원자력) ","284,810,500","130,000,000",4,50,"520,000,000",1.83, 과제종결(완료평가) 
135,20229349, 현업과제 , 2022P181 , 전로 slag coating 자동화 기술 개발 , 2022-01-17 , 2023-03-31 , 2023-04-06 ,"1,013,672,400","1,013,672,400","982,170,030",1,1, 공정DX연구소 로봇AI연구그룹 ,  , 공정연구소 제어계측연구그룹 , 공정연구소 제어계측연구그룹 , 허형준 , (광양)제강부 , 최등모 , (공정)제강공정-생산성향상기술 , 2024-01-02 , 기술축적 , 철강분야 , 정성효과 ,0,0,0,0,0,0,0,0,0,0,0,0,0,0,  ,  ,"1,013,672,400",0,  ,  ,0,0, 과제종결(완료평가) 
136,20229350, 미래기술과제 , 2022P358 , 몰드 플럭스 물성 예측 모델 개발 및 기초 설계 시스템 구축 , 2022-06-13 , 2023-06-09 , 2023-06-07 ,"639,743,500","639,743,500","654,469,607",1,1, 공정DX연구소 제강연구그룹 ,  , 강재연구소 제강연구그룹 , 강재연구소 제강연구그룹 , 박민석 , 공정DX연구소 제강연구그룹 , 서성모 , (공정)제강공정-불량율저감기술 , 2023-07-03 , 기술축적 , 철강분야 , 정성효과 ,0,0,0,0,0,0,0,0,0,0,0,0,0,0,  ,  ,"639,743,500",0,  ,  ,0,0, 과제종결(완료평가) 
137,20229351, 현업과제 , 2022P180 , Slag 중간 배재 자동화 기술 개발(1/2) , 2022-01-24 , 2023-03-31 , 2023-04-06 ,"685,755,200","685,755,200","670,507,591",1,1, 고문 ,  , 공정연구소 제어계측연구그룹 , 공정연구소 제어계측연구그룹 , 임충수 , (광양)제강부 , 최등모 , (공정)제강공정-생산성향상기술 , 2024-01-01 , 기타 , 철강분야 , 정성효과 ,0,0,0,0,0,0,0,0,0,0,0,0,0,0,  ,  ,"685,755,200",0,  ,  ,0,0, 과제종결(완료평가) 
138,20229353, 현업과제 , 2022P179 , AI 기반 전로 장입 공정 자동관측 기술 , 2022-01-17 , 2023-03-31 , 2023-04-06 ,"736,418,800","736,418,800","502,174,778",1,1, 공정DX연구소 로봇AI연구그룹 ,  , 공정연구소 제어계측연구그룹 , 공정연구소 제어계측연구그룹 , 김기원 , (광양)제강부 , 최등모 , (공정)제강공정-생산성향상기술 , 2023-06-30 , 기술축적 , 철강분야 , 정성효과 ,0,0,0,0,0,0,0,0,0,0,0,0,0,0,  ,  ,"736,418,800",0,  ,  ,0,0, 과제종결(완료평가) 
139,20229355, 현업과제 , 2022P178 , 고철 Crane 위치 및 고철 Chute 체결 위험 감지 기술 , 2022-01-17 , 2023-03-31 , 2023-04-06 ,"776,862,800","776,862,800","721,205,314",1,1, 공정DX연구소 로봇AI연구그룹 ,  , 공정연구소 로봇솔루션연구그룹 , 공정연구소 로봇솔루션연구그룹 , 정용화 , (광양)제강부 , 최등모 , (공정)제강공정-원가절감기술 , 2023-05-31 , 기술축적 , 철강분야 , 정성효과 ,0,0,0,0,0,0,0,0,0,0,0,0,0,0,  ,  ,"776,862,800",0,  ,  ,0,0, 과제종결(완료평가) 
140,20229358, 미래기술과제 , 2022P267 , 열연 WEB기반 품질예측 시뮬레이션 시스템 개발 , 2022-03-21 , 2023-02-17 , 2023-02-17 ,"385,861,300","385,861,300","444,957,171",1,1, 연구개발AX가속화TF팀 ,  , 강재연구소 열연선재연구그룹 , 강재연구소 열연선재연구그룹 , 김현호 , 제품연구소 열연선재후판연구그룹 , 고성웅 , (제품)열연제품-품질개선기술 , 2023-12-29 , 기술축적 , 철강분야 , 정성효과 ,0,0,0,0,0,0,0,0,0,0,0,0,0,0,  ,  ,"385,861,300",0,  ,  ,0,0, 과제종결(완료평가) 
141,20229361, 현업과제 , 2022P357 , PosMAC적용 중량물용 DATA CENTER 천정 구조시스템 개발 , 2022-06-13 , 2023-07-07 , 2023-07-28 ,"496,415,800","496,415,800","452,742,562",1,1, 휴직 ,  , 철강솔루션연구소 구조연구그룹 , 철강솔루션연구소 구조연구그룹 , 여경윤 , 강건재마케팅실 강건재솔루션그룹 , 전형준 , (이용)강구조 , 2024-07-05 , 철강신수요창출 , 철강분야 , 정량효과 ,0,0,0,0,0,0,"350,000,000",0,0,0,0,0,0,0, 신수요창출 ," 3500톤/년 * 100,000원/톤(영업이익) = 3.5억원 ","496,415,800","350,000,000",4,100,"1,400,000,000",2.82, 과제종결(완료평가) 
142,20229362, 미래기술과제 , 2022P273 , 아연도금 대체형 Al-Zn계 고내식 신도금강판 개발 , 2022-04-04 , 2023-03-03 , 2023-03-14 ,"666,785,800","666,785,800","1,044,431,880",1,1, 제품연구소 표면연구그룹 ,  , 자동차소재연구소 자동차소재표면연구그룹 , 자동차소재연구소 자동차소재표면연구그룹 , 이석규 , 자동차소재연구소 자동차소재표면연구그룹 , 백두진 , (철강기타)철강기타 , 2025-02-01 , 기술축적 , 철강분야 , 정성효과 ,0,0,0,0,0,0,0,0,0,0,0,0,0,0,  ,  ,"666,785,800",0,  ,  ,0,0, 과제종결(완료평가) 
143,20229367, 현업과제 , 2022P161 , CGL PosMAC Super 대응 AI 도금량 제어 기술 개발 , 2022-01-17 , 2023-09-29 , 2023-10-11 ,"226,768,000","226,768,000","296,729,722",1,1, 포스코홀딩스 ,  , 공정연구소 제어계측연구그룹 , 공정연구소 제어계측연구그룹 , 노일환 , (포항)냉연부 , 조명래 , (공정)냉연공정-원가절감기술 , 2023-12-30 , 기술축적 , 철강분야 , 정량효과 ,0,"756,000,000",0,0,0,0,0,0,0,0,0,0,0,0, 원단위절감 , (정량) 도금제품 아연 부착량 저감에 따른 부원료비 절감 (7.56억원/년) . 아연 원단위 저감 (kg/톤) x 도금제품 생산량 (톤/년) x Inogt 단가 (원/kg) = 0.3kg/톤 x 720천톤 x 3.5천원 x 50% = 756백만원 ,"226,768,000","756,000,000",4,50,"3,024,000,000",13.34, 과제종결(완료평가) 
144,20229370, 현업과제 , 2022P208 , 산형/Edge Scab 결함 발생 기구 분석 및 개선 , 2022-02-07 , 2023-03-31 , 2023-04-18 ,"348,084,500","348,084,500","302,962,773",1,1, (포항)STS품질수익성향상TF팀 ,  , 강재연구소 STS연구그룹 , 강재연구소 STS연구그룹 , 하만진 , (포항)품질기술부 , 이재기 , (공정)STS공정-불량율저감기술 , 2023-05-01 , 조업/기술경영자료 , 철강분야 , 정량효과 ,0,0,0,0,0,0,0,"128,900,000",0,0,0,0,0,0, 실수율/품질향상 , 1.29억원/년 = 부적합 저감량 (318톤/년) X 가공비(제강~APL) 40.5천원/톤 * 부적합 저감량 = 21년 부적합량 883톤 * (부적합율 개선량 (0.97%-0.61%) ,"348,084,500","128,900,000",3,100,"386,700,000",1.11, 과제종결(완료평가) 
145,20229372, 현업과제 , 2022P254 , 극후물 RQ 조직 제어를 위한 냉각설정 기술 개발 , 2022-03-07 , 2023-06-02 , 2023-06-12 ,"377,320,000","377,320,000","389,555,240",1,1, (포항)에너지후판프로젝트팀 ,  , 강재연구소 에너지조선연구그룹 , 강재연구소 에너지조선연구그룹 , 김효신 , (포항)후판부 , 홍헌호 , (공정)후판공정-제품양산기술 , 2023-07-03 , 철강신수요창출 , 철강분야 , 정량효과 ,0,0,"500,000,000",0,0,0,0,0,0,0,0,0,0,0, 제품개발/수입대체 ," ○ 350HB급 내마모강 수입 대체: 1,000톤/년 x 500천원/톤 (예상기대이익) = 5억원/년 ○ 표층경도 미보증재 신규 수주 : 5,000톤 (당사 대응불가 수요량)/년 x 100천원/톤 (예상기대이익) = 5억원/년 ","377,320,000","500,000,000",4,50,"2,000,000,000",5.3, 과제종결(완료평가) 
146,20229373, 미래기술과제 , 2022P282 , 선강공정 Total Merit 추구를 위한 PosPLOT 최적화 모델 고도화 (2/2) , 2022-03-28 , 2022-12-16 , 2023-01-01 ,"1,016,538,000","2,435,324,850","167,800,834",2,2, 포스코홀딩스 ,  , 경영기획실 PosPLOT고도화TF팀 , 저탄소공정연구소 제선FINEX연구그룹 , 정종헌 , 저탄소제철연구소 제선연구그룹 , 류진호 , (공정)제선공정-원가절감기술 , 2023-03-30 , 기술축적 , 철강분야 , 정성효과 ,0,0,0,0,0,0,0,0,0,0,0,0,0,0,  ,  ,"1,016,538,000",0,  ,  ,0,0, 과제종결(완료평가) 
147,20229374, 미래기술과제 , 2022P272 , 친환경 연료전지 고효율 분리판용 코팅소재 개발 , 2022-04-04 , 2023-03-31 , 2023-03-31 ,"706,742,000","706,742,000","952,469,524",1,1, 제품연구소 표면연구그룹 ,  , 자동차소재연구소 자동차소재표면연구그룹 , 자동차소재연구소 자동차소재표면연구그룹 , 이동열 , 자동차소재연구소 자동차소재표면연구그룹 , 백두진 , (제품)표면처리제품-선도제품개발기술 , 2024-04-01 , 철강신수요창출 , 철강분야 , 정성효과 ,0,0,0,0,0,0,0,0,0,0,0,0,0,0,  ,  ,"706,742,000",0,  ,  ,0,0, 과제종결(단계완료평가) 
148,20229375, 미래기술과제 , 2022P223 , 슬래그 현열을 이용한 CO2 전환 공정개발 기초연구 , 2022-02-14 , 2023-01-27 , 2023-02-06 ,"359,101,182","359,101,182","400,361,248",1,1, 공정DX연구소 압연엔지니어링연구그룹 ,  , 공정연구소 철강엔지니어링연구그룹 , 공정연구소 철강엔지니어링연구그룹 , 김정일 , 공정연구소 철강엔지니어링연구그룹 , 황종연 , (엔지니어링)열유체-에너지기술 , 2023-02-01 , 기술축적 , 철강분야 , 정성효과 ,0,0,0,0,0,0,0,0,0,0,0,0,0,0,  ,  ,"359,101,182",0,  ,  ,0,0, 과제종결(완료평가) 
149,20229377, 현업과제 , 2022P353 , 3제강 베어링강 전로1기 조업을 위한 용강청정도 향상 , 2022-06-06 , 2023-06-30 , 2023-07-03 ,"542,410,350","542,410,350","635,745,672",1,1, 공정DX연구소 제강연구그룹 ,  , 강재연구소 제강연구그룹 , 강재연구소 제강연구그룹 , 서정도 , (포항)제강부 , 최웅렬 , (공정)제강공정-생산성향상기술 , 2023-07-03 , 기술축적 , 철강분야 , 정량효과 ,"2,900,000,000","195,076,334",0,0,0,0,0,0,0,0,0,0,0,0," 생산성향상,원단위절감 "," 1) 생산성 향상 : 29억원/년 - 전로 1기 전환에 따른 증산효과 기존 10만톤/년-->+50%증산 : 5만톤/년 X (3제강 '22년1~8월 고정비) = 5만톤/ton X 58천원/ton = 2,900,000,000원/년 2) 원단위 절감 : 1.95억원/년 [+효과] - 전로 노내 생석회 투입량 저감 △3ton (15→12ton) : +119,955,654원/년 - 탈린후 승열제 투입량 저감 (1,500→0kg) : +1,321,165,499원/년 - 출강중 B-Flux 미투입(800→0kg) : +150,396,233원/년 - 경탈류 적용에 따른 투입 부원료 저감 (평균 용선조건下) : +62,202,531원/년 [-효과] - 출강중 생석회 +500kg (1400→1900kg) : -19,992,609원/년 - 출강중 가탄제 + 2000kg (300→2300kg) : -768,380,412원/년 - 출강중 Al pellet +200kg (250→450kg) : -201,154,118원/년 - RH 고진공하 환류시간 +5분 (20→25분) : -455,719,380원/년 - Tundish HBD 적용 : -9,807,450원/년 - Tundish B-Flux로 대체 투입(A-Flux 60kg→B-Flux 95kg) : -3,589,614원/년 ","542,410,350","3,095,076,334",4,50,"12,380,305,336",22.82, 과제종결(완료평가) 
150,20229378, 현업과제 , 2022P426 , LNG 연료 탱크용 선급 9%Ni강 고능률 SAW 용접기술 개발 , 2022-08-29 , 2023-11-24 , 2023-12-07 ,"457,568,500","457,568,500","378,598,641",1,1, RIST ,  , 철강솔루션연구소 접합연구그룹 , 철강솔루션연구소 접합연구그룹 , 박영환 , 에너지조선마케팅실 조선소재판매그룹 , 이재혁 , (이용)접합 , 2023-12-31 , 고객기술지원 , 철강분야 , 정성효과 ,0,0,0,0,0,0,0,0,0,0,0,0,0,0,  ,  ,"457,568,500",0,  ,  ,0,0, 과제종결(완료평가) 
151,20229379, 미래기술과제 , 2022P202 , 전기화학적 래들 슬래그 탈산 기술 개발 , 2022-02-07 , 2023-01-27 , 2023-01-27 ,"180,337,400","180,337,400","183,927,373",1,1, 공정DX연구소 제강연구그룹 ,  , 강재연구소 제강연구그룹 , 강재연구소 제강연구그룹 , 김욱 , 공정DX연구소 제강연구그룹 , 서성모 , (공정)제강공정-불량율저감기술 , 2024-10-25 , 기술축적 , 철강분야 , 정성효과 ,0,0,0,0,0,0,0,0,0,0,0,0,0,0,  ,  ,"180,337,400",0,  ,  ,0,0, 과제종결(완료평가) 
152,20229382, 현업과제 , 2022P026 , 열연 0.5[C] 합금 고탄소강 냉각성 형상불량 개선 기술 개발 , 2022-01-03 , 2023-05-26 , 2023-05-31 ,"352,189,500","352,189,500","353,551,428",1,1, 제품연구소 STS연구그룹 ,  , 강재연구소 열연선재연구그룹 , 강재연구소 열연선재연구그룹 , 장제욱 , (포항)열연부 , 손승락 , (공정)열연공정-불량율저감기술 , 2023-07-01 , 철강신수요창출 , 철강분야 , 정량효과 ,0,0,0,0,0,0,"750,000,000",0,0,0,0,0,0,0, 신수요창출 ," 50CRV4, 51CRV4 고탄소강 부적합 저감 및 판매확대 3천톤/년 * 영업이익 250천원/톤 = 7.5 억원 ","352,189,500","750,000,000",3,40,"2,250,000,000",6.39, 과제종결(완료평가) 
153,20229384, 현업과제 , 2022P361 , 내해수용 고강도 열연 POSEIDON600 선도제품 개발 , 2022-06-20 , 2023-09-29 , 2023-10-06 ,"453,275,730","453,275,730","534,032,018",1,1, 제품연구소 열연선재후판연구그룹 ,  , 강재연구소 열연선재연구그룹 , 강재연구소 열연선재연구그룹 , 김득중 , 강건재마케팅실 강건재솔루션그룹 , 전형준 , (제품)열연제품-선도제품개발기술 , 2026-10-01 , 철강신수요창출 , 철강분야 , 정량효과 ,0,0,0,0,0,0,"1,490,000,000",0,0,0,0,0,0,0, 신수요창출 ," 1. 개발강종 적용시 기대 이익 : 54천원/ton + α (POSEIDON500 대비 추가 Extra 발생시) * 산출근거 : (기존강(POSEIDON500) 판매가) - (기존강 판매가 x 개발강 적용 시 강재 절감효과 + 개발강 성분원가 차 ) = (1,165천원/톤) - (1,165천원/톤(‘23.9월 기준) x 0.884(약11.6% 절감) + 81천원/톤 ) = 54천원/톤 (절감) 2. 총 기대이익 : 14.9억원/년 [* 예상 수요량 5천톤/년 x (POSEIDON500 영업이익 243천원/톤(‘23.9월 기준) + 신강종적용 이익 54천원/톤)] ","453,275,730","1,490,000,000",4,100,"5,960,000,000",13.15, 과제종결(완료평가) 
154,20229388, 현업과제 , 2022P052 , 차세대 탄소중립 건설기계용 POSTEN 690 강재 용접부 피로성능 확보 기술 개발 , 2022-01-03 , 2023-12-29 , 2024-02-01 ,"421,674,000","421,674,000","358,282,085",1,1, 솔루션연구소 강재솔루션연구그룹 ,  , 철강솔루션연구소 접합연구그룹 , 철강솔루션연구소 접합연구그룹 , 김상훈 , 에너지조선마케팅실 산업기계소재판매그룹 , 마재소 , (이용)접합 , 2024-04-30 , 철강신수요창출 , 철강분야 , 정량효과 ,0,0,0,0,0,0,"500,000,000",0,0,0,0,0,0,0, 신수요창출 , ○ 년간기대이익 산출내역 (단위:천원) - 영업이익(250천원/톤) x 예상 판매량(2천톤/년) = 5억/년 ,"421,674,000","500,000,000",4,50,"2,000,000,000",4.74, 과제종결(완료평가) 
155,20229390, 현업과제 , 2022P345 , LNG 운반선 기자재用 316HN3 용접솔루션 개발 , 2022-06-06 , 2023-06-02 , 2023-06-07 ,"401,531,400","401,531,400","350,391,308",1,1, 솔루션연구소 강재솔루션연구그룹 ,  , 철강솔루션연구소 접합연구그룹 , 철강솔루션연구소 접합연구그룹 , 홍승갑 , 스테인리스마케팅실 솔루션개발섹션 , 황영훈 , (이용)접합 , 2024-09-30 , 철강신수요창출 , 철강분야 , 정성효과 ,0,0,0,0,0,0,0,0,0,0,0,0,0,0,  ,  ,"401,531,400",0,  ,  ,0,0, 과제종결(완료평가) 
156,20229393, 현업과제 , 2022P281 , 포항소 1기 설비 효율화 대비 PosMC 생산 안정화 기술 개발 , 2022-04-04 , 2023-06-30 , 2023-07-03 ,"1,004,526,000","1,004,526,000","82,992,934",1,1, 공정DX연구소 압연엔지니어링연구그룹 ,  , (포항)PosMC기술개발TF팀 , (포항)PosMC기술개발TF팀 , 이주동 , (포항)제강부 , 최웅렬 , (공정)제강공정-제품양산기술 , 2023-12-04 , 철강신수요창출 , 철강분야 , 정성효과 ,0,0,0,0,0,0,0,0,0,0,0,0,0,0,  ,  ,"1,004,526,000",0,  ,  ,0,0, 과제종결(완료평가) 
157,20229396, 현업과제 , 2022P261 , Duplex S31803 활용 수상태양광 부력체 기반기술 및 컨셉 개발 , 2022-04-04 , 2023-02-24 , 2023-02-27 ,"511,743,800","511,743,800","446,916,045",1,1, 솔루션연구소 강재솔루션연구그룹 ,  , 철강솔루션연구소 성능연구그룹 , 철강솔루션연구소 성능연구그룹 , 이계만 , 스테인리스마케팅실 솔루션개발섹션 , 황영훈 , (이용)강재성능 , 2023-10-01 , 철강신수요창출 , 철강분야 , 정량효과 ,0,0,0,0,0,0,"2,423,520,000",0,0,0,0,0,0,0, 신수요창출 ," ○ 24.2억원/年 = 신수요 개발 32.4천톤/연 x S31803 영업이익 374천원 x 시장점유율 20% (연간수요 1GW 가정, 부력체 소요량 32.4톤/MW) ","511,743,800","2,423,520,000",4,33,"9,694,080,000",18.94, 과제종결(완료평가) 
158,20229397, 미래기술과제 , 2022P454 , 열연 고탄소강의 In-line 구상화 탄화물 제어 요소기술 개발 , 2022-10-24 , 2023-05-26 , 2023-06-02 ,"276,197,700","276,197,700","251,287,064",1,1, 제품연구소 열연선재후판연구그룹 ,  , 강재연구소 열연선재연구그룹 , 강재연구소 열연선재연구그룹 , 양홍석 , 제품연구소 열연선재후판연구그룹 , 고성웅 , (제품)열연제품-선도제품개발기술 , 2024-12-31 , 기타 , 철강분야 , 정량효과 ,0,0,0,0,0,0,"2,600,000,000",0,0,0,0,0,0,0, 신수요창출 ," 고탄FH 강재 판매 확대 : 15천톤/년 * 20만원/톤 고기능 미세구상화강 7천톤, 범용 나85 20% 전환 6천톤 ","276,197,700","2,600,000,000",4,50,"10,400,000,000",37.65, 과제종결(완료평가) 
159,20229399, 현업과제 , 2022P495 , LG전자 가전 열교환튜브용 Al/Cu 대체 STS 부품화기술 개발 , 2022-12-26 , 2023-12-15 , 2024-01-02 ,"418,992,100","418,992,100","369,081,350",1,1, 솔루션연구소 강재솔루션연구그룹 ,  , 철강솔루션연구소 성능연구그룹 , 철강솔루션연구소 성능연구그룹 , 이승환 , 스테인리스마케팅실 솔루션개발섹션 , 황영훈 , (이용)강재성능 , 2023-12-29 , 철강신수요창출 , 철강분야 , 정량효과 ,0,0,0,0,0,0,"500,000,000",0,0,0,0,0,0,0, 신수요창출 ," 신수요창출 500,000천원 = 판매목표(5천톤/년) * 영업이익 100천원/톤 ","418,992,100","500,000,000",4,50,"2,000,000,000",4.77, 과제종결(완료평가) 
160,20229401, 현업과제 , 2022P219 , 태양광 구조물용 TS 750MPa 급 열연 PosMAC 도금강판 선도제품 개발 , 2022-02-21 , 2023-06-30 , 2023-06-30 ,"360,341,850","360,341,850","403,560,422",1,1, (포항)전력용전기강판프로젝트팀 ,  , 강재연구소 열연선재연구그룹 , 강재연구소 열연선재연구그룹 , 이병갑 , 에너지조선마케팅실 친환경에너지소재판매그룹 , 이동은 , (제품)열연제품-선도제품개발기술 , 2024-01-01 , 철강신수요창출 , 철강분야 , 정량효과 ,0,0,0,0,0,0,"480,000,000",0,0,0,0,0,0,0, 신수요창출 , 4.8억원/년 = (신제품 판매 6000톤 X 영업이익 8만원) ,"435,341,850","480,000,000",4,50,"1,920,000,000",4.41, 과제종결(완료평가) 
161,20229402, 미래기술과제 , 2022P452 , Band Saw용 저Ni형 고탄소강 요소기술 개발 , 2022-10-17 , 2023-08-25 , 2023-09-01 ,"324,981,000","324,981,000","383,224,899",1,1, 제품연구소 열연선재후판연구그룹 ,  , 강재연구소 열연선재연구그룹 , 강재연구소 열연선재연구그룹 , 김선미 , 제품연구소 열연선재후판연구그룹 , 고성웅 , (제품)열연제품-선도제품개발기술 , 2023-10-31 , 기술축적 , 철강분야 , 정성효과 ,0,0,0,0,0,0,0,0,0,0,0,0,0,0,  ,  ,"324,981,000",0,  ,  ,0,0, 과제종결(완료평가) 
162,20229405, 현업과제 , 2022P422 , 계면특성 개선 현장 시생산재 물성평가 , 2022-08-22 , 2023-08-25 , 2023-11-22 ,"317,487,200","317,487,200","294,680,369",1,1, 임원 ,  , 철강솔루션연구소 성능연구그룹 , 철강솔루션연구소 성능연구그룹 , 송연균 , (광양)품질기술부 , 이철영 , (이용)강재성능 , 2023-12-01 , 고객기술지원 , 철강분야 , 정성효과 ,0,0,0,0,0,0,0,0,0,0,0,0,0,0,  ,  ,"317,487,200",0,  ,  ,0,0, 과제종결(완료평가) 
163,20229407, 미래기술과제 , 2022P253 , PosMAC Super Cr-free 후처리 코팅강판 개발 , 2022-03-07 , 2023-02-24 , 2023-03-09 ,"398,200,800","398,200,800","671,804,465",1,1, (포항)신재생에너지용PosMAC프로젝트팀 ,  , 자동차소재연구소 자동차소재표면연구그룹 , 자동차소재연구소 자동차소재표면연구그룹 , 곽영진 , 자동차소재연구소 자동차소재표면연구그룹 , 백두진 , (제품)표면처리제품-선도제품개발기술 , 2024-05-01 , 철강신수요창출 , 철강분야 , 정성효과 ,0,0,0,0,0,0,0,0,0,0,0,0,0,0,  ,  ,"398,200,800",0,  ,  ,0,0, 과제종결(완료평가) 
164,20229408, 현업과제 , 2022P380 , Coke 열간강도 예측을 위한 Smart Coke 조직분석 기술 개발 , 2022-07-18 , 2023-11-17 , 2023-12-01 ,"576,233,550","576,233,550","620,433,901",1,1, 저탄소제철연구소 제선연구그룹 ,  , 저탄소제철연구소 제선연구그룹 , 저탄소제철연구소 제선연구그룹 , 장동민 , (포항)화성부 , 성형기 , (공정)제선공정-원가절감기술 , 2023-12-01 , 기술축적 , 철강분야 , 정량효과 ,0,"3,070,000,000",0,0,0,0,0,0,0,0,0,0,0,0, 원단위절감 ," 신규탄 분석 및 배합 모델 개선으로 DI 강도 향상 0.1% 적용(미점탄 증사용 환산 1.2% (1% DI ↑=12% 미점탄 ↑) 포항 2 화성 공장의 년간 석탄 사용량 355만톤/년(21년 총사용량 기준) 석탄 강점탄 미점탄 단가차 72천원/톤 적용 (강점탄: 590천원/톤, 미점탄:518천원/톤; ’23년 상반기 평균) 355만톤/년*1.2%*72천원/톤 = 30.7억원/년 ","576,233,550","3,070,000,000",4,40,"12,280,000,000",21.31, 과제종결(완료평가) 
165,20229409, 현업과제 , 2022P247 , 해상풍력 모노파일용 후판 단중한계 극복을 위한 Trouble-free Narrow-Gap SAW 기술 개발 , 2022-03-07 , 2023-08-25 , 2023-09-27 ,"602,959,500","602,959,500","533,247,176",1,1, (포항)에너지후판프로젝트팀 ,  , 철강솔루션연구소 접합연구그룹 , 철강솔루션연구소 접합연구그룹 , 채현병 , 에너지조선마케팅실 친환경에너지소재판매그룹 , 이동은 , (이용)접합 , 2023-12-01 , 고객기술지원 , 철강분야 , 정량효과 ,0,0,0,0,0,0,"1,920,000,000",0,0,0,0,0,0,0, 신수요창출 ," - 영국 진출 국내 S사 모노파일 제조능력: 연간 Capa. Min. 16만톤, 100기) - 국내 S사 연간수요 10% 공급 가정: 연간 16천톤 - S355ML재 영업이익 : 16,000톤 x 12만원/톤 =19.2억원/년 ","602,959,500","1,920,000,000",4,30,"7,680,000,000",12.74, 과제종결(완료평가) 
166,20229414, 미래기술과제 , 2022P356 , 출선구별 슬래그 배출량 측정기술 , 2022-06-27 , 2022-12-30 , 2023-01-03 ,"312,093,600","312,093,600","380,886,637",1,1, 저탄소제철연구소 제선연구그룹 ,  , 저탄소공정연구소 제선FINEX연구그룹 , 저탄소공정연구소 제선FINEX연구그룹 , 정진경 , 저탄소제철연구소 제선연구그룹 , 류진호 , (공정)제선공정-생산성향상기술 , 2023-08-01 , 기술축적 , 철강분야 , 정성효과 ,0,0,0,0,0,0,0,0,0,0,0,0,0,0,  ,  ,"312,093,600",0,  ,  ,0,0, 과제종결(완료평가) 
167,20229417, 현업과제 , 2022P431 , PosMAC 수상태양광 해외 진출 기반기술 개발 , 2022-08-29 , 2023-09-22 , 2023-11-03 ,"590,542,000","590,542,000","440,833,354",1,1, 솔루션연구소 강건재솔루션연구그룹 ,  , 철강솔루션연구소 구조연구그룹 , 철강솔루션연구소 구조연구그룹 , 하태휴 , 에너지조선마케팅실 친환경에너지소재판매그룹 , 이동은 , (이용)강구조 , 2023-09-30 , 철강신수요창출 , 철강분야 , 정량효과 ,0,0,0,0,0,0,"2,160,000,000",0,0,0,0,0,0,0, 신수요창출 ," 수상태양광용 PosMAC 수요확대, 300(MW) x 60(톤/MW) x 판매단가 1,200(천원/톤) x 영업이익율 10(%) = 2160 (백만원) * PJT 단위 공급으로 향후 4년 공급목표 물량으로 산정 - 대상 PJT: San Roque Dam (필리핀, 180MW), KIAT ODA (Sri Lanka, 2MW), 가오슝 (대만, 2.5MW) 外 ","590,542,000","2,160,000,000",1,50,"2,160,000,000",3.66, 과제종결(완료평가) 
168,20229418, 현업과제 , 2022P083 , 무예열 건축구조용 KS-SN420 후판 선도제품 개발 , 2022-01-03 , 2023-04-28 , 2023-05-15 ,"216,861,700","216,861,700","263,049,675",1,1, 제품연구소 열연선재후판연구그룹 ,  , 강재연구소 에너지조선연구그룹 , 강재연구소 에너지조선연구그룹 , 장우길 , 강건재마케팅실 강건재솔루션그룹 , 전형준 , (제품)후판제품-선도제품개발기술 , 2024-01-01 , 철강신수요창출 , 철강분야 , 정량효과 ,0,0,0,0,0,0,"175,000,000",0,0,0,0,0,0,0, 신수요창출 ," 25년 기준 예상판매량 : 3.5천톤/년 (KS-SN420 : 1.5천톤, KS-SM420B 2천톤) ","216,861,700","175,000,000",2,30,"350,000,000",1.61, 과제종결(완료평가) 
169,20229423, 현업과제 , 2022P240 , HyREX 대비 수소부하 운전을 위한 FINEX 유동로 NG 개질 가스 취입 기술 개발 , 2022-02-21 , 2023-02-24 , 2023-04-27 ,"630,648,500","630,648,500","752,855,040",1,1, 미래철강연구소 수소환원제철연구그룹 ,  , 저탄소제철연구소 수소환원연구그룹 , 저탄소제철연구소 수소환원연구그룹 , 윤시경 , (포항)FINEX부 , 박경동 , (공정)제선공정-에너지기술 , 2024-01-01 , 기술축적 , 철강분야 , 정성효과 ,0,0,0,0,0,0,0,0,0,0,0,0,0,0,  ,  ,"630,648,500",0,  ,  ,0,0, 과제종결(완료평가) 
170,20229424, 현업과제 , 2022P443 , CHQ 합금강 대체 연화저항성이 우수한 1.0GPa급 선재 선도 제품개발 , 2022-09-26 , 2023-08-11 , 2023-08-07 ,"324,978,600","324,978,600","368,928,917",1,1, 제품연구소 열연선재후판연구그룹 , 미래수요개발실 , 강재연구소 열연선재연구그룹 , 강재연구소 열연선재연구그룹 , 이재승 , 열연선재마케팅실 선재판매그룹 솔루션개발섹션 , 박병주 , (제품)선재제품-선도제품개발기술 , 2025-02-01 , 철강신수요창출 , 철강분야 , 정량효과 ,0,0,"610,000,000",0,0,0,0,0,0,0,0,0,0,0, 제품개발/수입대체 ," 6.1억/톤 = ((신강종 영업이익)-(기존강 SCM435 영업이익) X *예상 판매량 = (364,500 - 315,000) X 12.3천톤 * 예상 판매량 12.3천톤(기존 SCM435 41천톤 中 30% 대체) ","324,978,600","610,000,000",4,90,"2,440,000,000",7.51, 과제종결(완료평가) 
171,20229426, 현업과제 , 2022P231 , Al-Si 도금 Pot용 Sleeve 수명향상 기술개발 , 2022-02-28 , 2023-08-18 , 2023-09-05 ,"886,899,600","886,899,600","1,090,051,301",1,1, 제품연구소 표면연구그룹 ,  , 자동차소재연구소 자동차소재표면연구그룹 , 자동차소재연구소 자동차소재표면연구그룹 , 남경훈 , (광양)도금부 , 안정환 , (공정)표면처리공정-생산성향상기술 , 2024-02-01 , 기술축적 , 철강분야 , 정량효과 ,"204,000,000",0,0,0,0,0,0,0,0,0,0,0,0,0, 생산성향상 ," - Al 도금 Pot Roll Set 교체횟수 감소를 통한 원가 절감 (년 5만톤 연속생산 기준) - Sleeve 제작비용 절감 : [7회/년 – 4회/년] x 12,000천원 = 36,000천원 - 기회비용 절감 : [7회/년 – 4회/년] x 4Hr (교체시간) x 70Ton/Hr (톤파워) x 200천원/Ton (영업이익) = 168,000천원 - 년간 총 절감비용 : 36,000천원 + 168,000천원 = 204,000천원 ","886,899,600","204,000,000",4,50,"816,000,000",0.92, 과제종결(완료평가) 
172,20229429, 현업과제 , 2022P438 ," PosMAC 적용 라멘구조(철골, RC) 대응 프리패브 상품화 기술개발 연구 (2/2) ", 2022-09-19 , 2023-09-15 , 2023-10-04 ,"551,568,000","551,568,000","495,836,429",1,1, 솔루션연구소 강건재솔루션연구그룹 ,  , 철강솔루션연구소 구조연구그룹 , 철강솔루션연구소 구조연구그룹 , 백승경 , 강건재마케팅실 강건재솔루션그룹 , 전형준 , (이용)강구조 , 2024-09-02 , 철강신수요창출 , 철강분야 , 정량효과 ,0,0,0,0,0,0,"1,374,000,000",0,0,0,0,0,0,0, 신수요창출 ," - 연간기대이익 = [연간 평균 208개 단지 건립 中 20% (74톤/건) 3,078 톤 + 상업용 건축(철골조, 4층 이하) 외벽 中 5% (0.0368톤/m2) 8,020톤 + 상업용 건축(철골조, 4층 이하) 화장실 中 5% (0.05톤/m2) 353 톤] *판매금액 120만원/톤*영업이익 10% = 1,374 백만원 ","551,568,000","1,374,000,000",4,70,"5,496,000,000",9.96, 과제종결(완료평가) 
173,20229430, 현업과제 , 2022P395 , 350MPa급 특화강 적용 Cargoloop 튜브 예비설계 솔루션 개발 , 2022-08-01 , 2023-07-28 , 2023-07-26 ,"581,048,000","581,048,000","514,363,708",1,1, 솔루션연구소 강건재솔루션연구그룹 ,  , 철강솔루션연구소 구조연구그룹 , 철강솔루션연구소 구조연구그룹 , 조우연 , 열연선재마케팅실 열연판매그룹 솔루션개발섹션 , 강건우 , (이용)강구조 , 2023-12-29 , 철강신수요창출 , 철강분야 , 정성효과 ,0,0,0,0,0,0,0,0,0,0,0,0,0,0,  ,  ,"581,048,000",0,  ,  ,0,0, 과제종결(완료평가) 
174,20229435, 현업과제 , 2022P001 , 4선재 Looper 통합제어 기술개발 , 2022-01-03 , 2023-03-31 , 2023-03-30 ,"593,596,000","593,596,000","680,878,161",1,1, 공정DX연구소 로봇AI연구그룹 ,  , 공정연구소 제어계측연구그룹 , 공정연구소 제어계측연구그룹 , 이상호 , (포항)선재부 , 김경원 , (공정)선재공정-불량율저감기술 , 2023-04-03 , 기타 , 철강분야 , 정량효과 ,0,"287,373,176",0,0,0,0,0,0,0,0,0,0,0,0, 원단위절감 ," 조압연 구간 Cobble 발생량 저감 (개선 前-개선 後)*(판매가-스크랩가)*기여율=(29.6톤-17.8 )*(840,019-461,917)* 100%= 4,461,604 Size 불량 발생량 저감 (개선 前-개선 後)*(판매가-스크랩가)*기여율=(114.4톤-57.2 )*(840,019-461,917)* 100%= 21,627,434 Cobble 발생, 처리 시간 저감 (개선 前-개선 後)*T/Hr*실수율*고정가공비*기여율=(29.5톤-17.7)*108.06*97,81%*70,965*100%= 90,209,689 사상압연Cobble 및 Size 불량 저감 (개선 前-개선 後)*(판매가-스크랩가)*기여율=(279.8톤-133.9)*(840,019-461,917)*100%=52,896,469 Cobble 처리시간 저감 (개선 前-개선 後)*T/Hr*실수율*고정가공비*기여율=(33.8톤-16.9)*106.73*97,48%*73,480*100%= 118,177,980 ","593,596,000","287,373,176",4,100,"1,149,492,704",1.94, 과제종결(완료평가) 
175,20229437, 현업과제 , 2022P266 , PosMAC PV 모듈 프레임 제품 개발 , 2022-03-21 , 2023-06-02 , 2023-06-27 ,"487,772,800","487,772,800","415,400,707",1,1, 솔루션연구소 강건재솔루션연구그룹 ,  , 철강솔루션연구소 구조연구그룹 , 철강솔루션연구소 구조연구그룹 , 하태휴 , 에너지조선마케팅실 친환경에너지소재판매그룹 , 이동은 , (이용)강구조 , 2023-06-30 , 철강신수요창출 , 철강분야 , 정량효과 ,0,0,0,0,0,0,"450,000,000",0,0,0,0,0,0,0, 신수요창출 , PV모듈 프레임 신규시장 도출: 250MW x 10톤/MW x 120천원/톤 x 영업이익율 15% = 450백만원/년 ,"487,772,800","450,000,000",4,80,"1,800,000,000",3.69, 과제종결(완료평가) 
176,20229439, 미래기술과제 , 2022P082 , 유정용 Coiled Tube 150 강재 미래기술 개발 , 2022-01-03 , 2023-05-26 , 2023-06-09 ,"516,794,700","516,794,700","565,149,015",1,1, (포항)에너지후판프로젝트팀 , (광양)품질기술부 열연후판품질관리섹션 , 강재연구소 에너지조선연구그룹 , 강재연구소 에너지조선연구그룹 , 배진호 , 제품연구소 열연선재후판연구그룹 , 고성웅 , (제품)열연제품-선도제품개발기술 , 2023-06-23 , 기타 , 철강분야 , 정량효과 ,0,0,"180,000,000",0,0,0,0,0,0,0,0,0,0,0, 제품개발/수입대체 ," 예상수요 (1,000톤/년) x 판매 Extra (180,000원/톤) = 1.8억원/년 ","566,794,700","180,000,000",4,80,"720,000,000",1.27, 과제종결(완료평가) 
177,20229441, 현업과제 , 2022P101 , 이래AMS향 비틀림 특성이 우수한 친환경 자동차 Half Shaft 개발 , 2022-01-03 , 2023-05-26 , 2023-06-07 ,"518,617,300","518,617,300","382,046,449",1,1, 솔루션연구소 강재솔루션연구그룹 ,  , 철강솔루션연구소 성능연구그룹 , 철강솔루션연구소 성능연구그룹 , 이기호 , 열연선재마케팅실 선재판매그룹 솔루션개발섹션 , 박병주 , (이용)강재성능 , 2024-01-31 , 철강신수요창출 , 철강분야 , 정량효과 ,0,0,0,0,0,0,"860,000,000",0,0,0,0,0,0,0, 신수요창출 , 216천원/톤x4000톤=8.6억원 *선재평균영업이익(’21)x초기 진입 물량 4000톤('27) ,"518,617,300","860,000,000",4,70,"3,440,000,000",6.63, 과제종결(완료평가) 
178,20229442, 미래기술과제 , 2022P316 , Carbon-less 제철용 Bio 가탄제 개발을 위한 Biomass 급속 탄화 기술 개발 , 2022-04-18 , 2023-06-09 , 2023-06-19 ,"626,752,500","626,752,500","667,856,204",1,1, 저탄소제철연구소 제선연구그룹 ,  , 저탄소제철연구소 제선연구그룹 , 저탄소제철연구소 제선연구그룹 , 장동민 , 저탄소제철연구소 제선연구그룹 , 류진호 , (공정)제선공정-에너지기술 , 2024-11-01 , 기술축적 , 철강분야 , 정성효과 ,0,0,0,0,0,0,0,0,0,0,0,0,0,0,  ,  ,"626,752,500",0,  ,  ,0,0, 과제종결(완료평가) 
179,20229449, 현업과제 , 2022P504 , 수소 이송용 강재 모재 및 용접부 수소 취성 평가 , 2022-12-26 , 2023-12-29 , 2024-01-31 ,"239,770,600","239,770,600","240,363,461",1,1, (포항)에너지후판프로젝트팀 , (광양)품질기술부 열연후판품질관리섹션 , 강재연구소 열연선재연구그룹 , 강재연구소 열연선재연구그룹 , 배진호 , 에너지조선마케팅실 친환경에너지소재판매그룹 , 이동은 , (제품)열연제품-선도제품개발기술 , 2024-06-19 , 기타 , 철강분야 , 정성효과 ,0,0,0,0,0,0,0,0,0,0,0,0,0,0,  ,  ,"239,770,600",0,  ,  ,0,0, 과제종결(완료평가) 
180,20229451, 현업과제 , 2022P339 , 비드와이어 고객사 LP열처리 생략형 1900MPa 이상급 고강도 선재 선도 제품개발 , 2022-05-09 , 2023-09-15 , 2023-09-27 ,"340,168,000","340,168,000","349,874,812",1,1, 기술연구원 연구기획그룹 ,  , 강재연구소 열연선재연구그룹 , 강재연구소 열연선재연구그룹 , 양요셉 , 열연선재마케팅실 선재판매그룹 솔루션개발섹션 , 박병주 , (제품)선재제품-선도제품개발기술 , 2024-12-31 , 철강신수요창출 , 철강분야 , 정량효과 ,0,0,"950,000,000",0,0,0,0,0,0,0,0,0,0,0, 제품개발/수입대체 ," ○ 기대효과 : 총 9.5억원 - HT급 1.6억원(=12,000톤/년* x 13,739원/톤**), RT급 7.9억원(=21,000톤/년* x38,812원/톤***) *고려제강향 공급재(HT급-SWRH82AM 40,000톤, RT급-SWRH72AM 78,000톤) 중 세물 비드와이어는 30% 수준. **냉각 Blowing 저감 = 45KW(용량) x 9대 x 2(A,B Line) x 50%(부하율 감소) x 147Hr/12000톤 x 163원/KWH ('23.5월 전력단가) ***영업이익 계산 = 송풍량감소+LP생략에 따른 고객사와 share비+size 5.0mm 생산효과)-(규격 Extra+합금원가 증량가) ","340,168,000","950,000,000",1,70,"950,000,000",2.79, 과제종결(완료평가) 
181,20229452, 미래기술과제 , 2022P309 , 열간단조용 12T급 풍력볼트 개발을 위한 선행 연구 , 2022-04-11 , 2023-03-17 , 2023-03-16 ,"381,053,700","381,053,700","394,869,507",1,1, 제품연구소 열연선재후판연구그룹 ,  , 강재연구소 열연선재연구그룹 , 강재연구소 열연선재연구그룹 , 정병인 , 제품연구소 열연선재후판연구그룹 , 고성웅 , (제품)선재제품-선도제품개발기술 , 2023-08-01 , 철강신수요창출 , 철강분야 , 정량효과 ,0,0,0,0,0,0,"560,000,000",0,0,0,0,0,0,0, 신수요창출 ," 4.3천톤/년x13만원/톤(판매이익), (’30년 전세계 280GW 설치, 10MW급 약 7.7톤 소요 → 2% 점유시) ","381,053,700","560,000,000",4,100,"2,240,000,000",5.88, 과제종결(완료평가) 
182,20229454, 현업과제 , 2022P391 , 용접구조/건축구조용 YS420MPa 급 열연 SM420/SN420 선도제품 개발 , 2022-07-25 , 2023-06-30 , 2023-06-26 ,"439,705,000","439,705,000","496,321,367",1,1, 제품연구소 열연선재후판연구그룹 ,  , 강재연구소 열연선재연구그룹 , 강재연구소 열연선재연구그룹 , 양홍석 , 강건재마케팅실 강건재솔루션그룹 , 전형준 , (제품)열연제품-선도제품개발기술 , 2024-01-01 , 철강신수요창출 , 철강분야 , 정량효과 ,0,0,0,0,0,0,"600,000,000",0,0,0,0,0,0,0, 신수요창출 , 6천톤/년 * 100천원/톤 ,"489,705,000","600,000,000",4,50,"2,400,000,000",4.9, 과제종결(완료평가) 
183,20229455, 현업과제 , 2022P230 , 타이어코드강 강편가열 시간단축 기술개발 , 2022-02-28 , 2022-11-25 , 2023-09-25 ,"184,669,650","184,669,650","256,814,042",1,1, 공정DX연구소 제강연구그룹 ,  , 강재연구소 열연선재연구그룹 , 강재연구소 열연선재연구그룹 , 손일헌 , (포항)품질기술부 , 이재기 , (공정)선재공정-생산성향상기술 , 2025-01-01 , 기술축적 , 철강분야 , 정량효과 ,"380,000,000",0,0,0,0,0,0,0,0,0,0,0,0,0, 생산성향상 ," 3.8 억원/년 = 5,824톤/년 (강편가열 10분 단축에 의한 생산량 증가, PosCord80 계열) * 63,931원/톤 (영업이익, ’21년 3Q) ","184,669,650","380,000,000",4,70,"1,520,000,000",8.23, 과제종결(완료평가) 
184,20229456, 미래기술과제 , 2022P352 , Offshore Mooring Chain용 강재 개발을 위한 선행연구 , 2022-06-06 , 2023-04-21 , 2023-04-20 ,"285,360,000","285,360,000","335,458,882",1,1, 미래철강연구소 차세대철강연구그룹 ,  , 강재연구소 열연선재연구그룹 , 강재연구소 열연선재연구그룹 , 임남석 , 제품연구소 열연선재후판연구그룹 , 고성웅 , (제품)선재제품-선도제품개발기술 , 2024-10-31 , 철강신수요창출 , 철강분야 , 정량효과 ,0,0,"3,750,000,000",0,0,0,0,0,0,0,0,0,0,0, 제품개발/수입대체 , - 37.5억원/년 = 1GW x (1기/8MW) x (1천톤/1기) x (100천원/톤(예상영업익) x 30%(시장점유율)) ※ 연간 1GW규모 부유식 풍력단지 건설 및 30% 시장 점유율 달성 가정시 ,"285,360,000","3,750,000,000",1,50,"3,750,000,000",13.14, 과제종결(완료평가) 
185,20229462, 현업과제 , 2022P355 , LCO2/LPG 탱크용 LT-FH36/LT-FH32 용접부 물성확보기술 개발 , 2022-06-13 , 2023-08-25 , 2023-08-24 ,"428,659,400","428,659,400","395,646,272",1,1, 솔루션연구소 강재솔루션연구그룹 ,  , 철강솔루션연구소 접합연구그룹 , 철강솔루션연구소 접합연구그룹 , 한규태 , 에너지조선마케팅실 조선소재판매그룹 , 이재혁 , (이용)접합 , 2023-08-28 , 철강신수요창출 , 철강분야 , 정량효과 ,0,0,0,0,0,0,"1,260,000,000",0,0,0,0,0,0,0, 신수요창출 ," - LPG탱크/구조용 LT-FH32, FH32 연간판매량 약 2만톤 x 톤당영업이익 약 5만원 = 10억원/년 - LCO2탱크용 LT-FH36, 24년 이후 3년간 4척건조 예상, 2천톤/척 x 4척 = 8천톤 기대이익=8천톤x 톤당영업이익 약10만원 = 8억원/3년 = 2.6억/년 ","428,659,400","1,260,000,000",4,50,"5,040,000,000",11.76, 과제종결(완료평가) 
186,20229465, 현업과제 , 2022P076 ," 해상풍력 구조물 성능향상강재(내피로, 균일YP) 용접부 피로 및 취성파괴 설계적용기술 개발 ", 2022-01-03 , 2023-06-23 , 2023-06-19 ,"581,633,150","581,633,150","517,575,324",1,1, 솔루션연구소 강재솔루션연구그룹 ,  , 철강솔루션연구소 접합연구그룹 , 철강솔루션연구소 접합연구그룹 , 배홍열 , 에너지조선마케팅실 친환경에너지소재판매그룹 , 이동은 , (이용)접합 , 2023-12-28 , 철강신수요창출 , 철강분야 , 정량효과 ,0,0,0,0,0,0,"800,000,000",0,0,0,0,0,0,0, 신수요창출 ," 총 16억원 (연간기대이익 8억원 * 지속년수 4년 * 연구기여도 50%) ※ 연간기대이익 산출내역 : 8억원 = (균일YP 신수요 창출 10,000톤/년) × (영업이익 80천원/톤) (영업이익은 2021.1Q 풍력 타워용강 판매기준) ","581,633,150","800,000,000",4,50,"3,200,000,000",5.5, 과제종결(완료평가) 
187,20229467, 미래기술과제 , 2022P239 , 소형펀치시험을 이용한 수소배관의 수소취화 물성예측 기초기술 개발 , 2022-03-07 , 2023-03-03 , 2023-02-23 ,"681,001,200","681,001,200","504,679,432",1,1, 솔루션연구소 강건재솔루션연구그룹 ,  , 철강솔루션연구소 구조연구그룹 , 철강솔루션연구소 구조연구그룹 , 김기석 , 철강솔루션연구소 구조연구그룹 , 박찬희 , (이용)강구조 , 2023-06-30 , 기술축적 , 철강분야 , 정성효과 ,0,0,0,0,0,0,0,0,0,0,0,0,0,0,  ,  ,"681,001,200",0,  ,  ,0,0, 과제종결(완료평가) 
188,20229469, 현업과제 , 2022P256 , 3차원 점군데이터 기반 대형 밀폐저장장치 재고측량기술 개발 , 2022-03-07 , 2023-05-12 , 2023-05-19 ,"372,150,000","372,150,000","386,111,727",1,1, 공정DX연구소 로봇AI연구그룹 ,  , 공정연구소 로봇솔루션연구그룹 , 공정연구소 로봇솔루션연구그룹 , 임승호 , (광양)화성부 , 유재홍 , (엔지니어링)기계설비-Smart solution기술(AI/Big Data/IoT) , 2023-06-30 , 조업/기술경영자료 , 철강분야 , 정성효과 ,0,0,0,0,0,0,0,0,0,0,0,0,0,0,  ,  ,"372,150,000",0,  ,  ,0,0, 과제종결(완료평가) 
189,20229471, 현업과제 , 2022P499 , 4선재 RM Bar Dimension치수측정 기술개발 , 2022-12-26 , 2023-12-29 , 2023-12-20 ,"1,009,248,000","1,009,248,000","1,042,133,526",1,1, 공정DX연구소 로봇AI연구그룹 ,  , 공정연구소 제어계측연구그룹 , 공정연구소 제어계측연구그룹 , 이상호 , (포항)선재부 , 김경원 , (공정)선재공정-불량율저감기술 , 2024-01-29 , 기타 , 철강분야 , 정량효과 ,"118,063,590","198,473,898",0,0,0,0,0,0,0,0,0,0,0,0," 생산성향상,원단위절감 "," 압연 Line 점검 시간 저감 (개선전-개선후)hr*작업율%*T/H*실수율%* 고정가공비 = (169.5-153.6)*91.75%*106.71T/H*97.69%*77,635=118,063,590 롤교체 후 Gap 측정 시간 저감 (개선전-개선후)hr*교체횟수*작업율%*T/H*실수율%* 고정가공비 =(0.2-0.15)hr*533회/년*91.75%*106.71*97.98%*77,635=198,473,898 ","1,009,248,000","316,537,488",4,100,"1,266,149,952",1.25, 과제종결(완료평가) 
190,20229472, 현업과제 , 2022P279 , 상변태 및 연화거동 고려 전장전폭 재질예측 기술 개발 , 2022-03-28 , 2023-05-26 , 2023-05-31 ,"619,439,040","619,439,040","657,712,226",1,1, 연구개발AX가속화TF팀 ,  , 강재연구소 열연선재연구그룹 , 강재연구소 열연선재연구그룹 , 김현호 , (포항)열연부 , 손승락 , (제품)열연제품-품질개선기술 , 2023-12-18 , 기술축적 , 철강분야 , 정량효과 ,0,0,0,0,0,0,0,"500,000,000",0,0,0,0,0,0, 실수율/품질향상 ," (고탄소강 경도보증재 2,500톤 + 폭편차 관련 부적합 1,100톤)x 영업이익 20만원 x 기여율 70%) ","619,439,040","500,000,000",4,70,"2,000,000,000",3.23, 과제종결(완료평가) 
191,20229473, 현업과제 , 2022P190 , NO 생산성 향상 위한 3ACL 강종변화 대응 운전 자동화 기술 개발 , 2022-02-07 , 2023-11-03 , 2024-08-14 ,"398,221,200","398,221,200","401,378,477",1,1, 포스코홀딩스 ,  , 포스코홀딩스 , 공정연구소 철강엔지니어링연구그룹 , 장권우 , (포항)전기강판부 , 박용화 , (공정)전기강판공정-생산성향상기술 , 2025-12-31 , 기술축적 , 철강분야 , 정량효과 ,"206,776,081",0,0,0,0,0,0,0,0,0,0,0,0,0, 생산성향상 ," ○ 정량적 효과 : 2.1억/년 - 소재 전환에 따른 조업 조건 확보를 위한 통판재 투입 및 감속 시간 10% 저감을 통한 추가 여력시간 확보로 판매량 증대 - (개선전 – 개선후 조정시간/연) * T/hr x 실수율 x ACL 고정비 x 기여율(0~1) = (71.9Hr/월 - 71.9Hr/월 * 90%) * 26.8톤/Hr * 94.7% * 94,429 원/톤 * 12개월 = 206,776,081원/년 ","398,221,200","206,776,081",4,70,"827,104,324",2.08, 과제종결(완료평가) 
192,20229478, 현업과제 , 2022P369 , 2후판 수식모델 Ensemble AI 활용 후물재 압연 하중 및 토크 예측정도 향상 기술 개발 , 2022-07-04 , 2023-09-01 , 2023-10-11 ,"214,400,000","214,400,000","269,588,451",1,1, 공정DX연구소 압연엔지니어링연구그룹 ,  , 공정연구소 압연공정연구그룹 , 공정연구소 압연공정연구그룹 , 조용석 , (포항)후판부 , 홍헌호 , (공정)후판공정-제품양산기술 , 2023-10-01 , 기술축적 , 철강분야 , 정량효과 ,"250,200,000",0,0,0,0,0,0,"700,000,000",0,0,0,0,0,0," 생산성향상,실수율/품질향상 ", ○ 최대 토크량 상향 조업으로 후물재 내부 품질 확보 ○ 포항 2후판 생산성 향상 및 실수율 개선 : 9.502억원/년 - 후물재 생산성 개선(269.5→271T/h)에 의한 고정 가공비 절감 : 2.502억원/년 ('19년생산량 / 개선전 ton/hr - '19년생산량 / 개선후 ton/hr) × 순수일반강 ton/hr × 실수율 × 고정가공비 = (364713ton/269.5ton/hr – 364713ton/272ton/hr) x 408ton/hr x 0.9 x 54787원/ton - 폭 편차 저감을 통한 실수율 향상 :7.0억원/년 폭 편차 1.2 mm 저감 → 실수율 +0.07% ,"214,400,000","950,200,000",4,100,"3,800,800,000",17.73, 과제종결(완료평가) 
193,20229481, 미래기술과제 , 2022P368 , 선재 제어냉각 기술을 통한 CO2 사회적 감축형 선재제품 요소기술개발 , 2022-07-04 , 2023-03-03 , 2023-02-28 ,"329,964,900","329,964,900","385,710,602",1,1, 제품연구소 열연선재후판연구그룹 ,  , 강재연구소 열연선재연구그룹 , 강재연구소 열연선재연구그룹 , 최상우 , 제품연구소 열연선재후판연구그룹 , 고성웅 , (공정)선재공정-원가절감기술 , 2023-03-06 , 철강신수요창출 , 철강분야 , 정성효과 ,0,0,0,0,0,0,0,0,0,0,0,0,0,0,  ,  ,"329,964,900",0,  ,  ,0,0, 과제종결(완료평가) 
194,20229483, 현업과제 , 2022P160 , API 극후물재의 바 상하향 저감 기술 개발 , 2022-01-17 , 2023-01-27 , 2023-01-26 ,"603,949,672","603,949,672","640,570,842",1,1, 공정DX연구소 압연엔지니어링연구그룹 ,  , 공정연구소 압연공정연구그룹 , 공정연구소 압연공정연구그룹 , 권혁철 , (광양)열연부 , 최석찬 , (공정)열연공정-생산성향상기술 , 2023-06-30 , 기타 , 철강분야 , 정량효과 ,"210,000,000",0,0,0,0,0,0,0,0,0,0,0,0,0, 생산성향상 , 공장 휴지에 따른 비용: 5천만원/시간 상향 저감 능력 증강으로 상향사고에 따른 휴지 시간 방지: 4.2시간 기대효과: 4.2시간 X 5천만원/시간 = 2.1억 ,"603,949,672","210,000,000",4,90,"840,000,000",1.39, 과제종결(완료평가) 
195,20229484, 현업과제 , 2022P487 , PosMAC 소구경 용접강관 품질 및 내식성 확보 기술 개발 , 2022-12-26 , 2023-09-22 , 2023-10-04 ,"655,428,600","655,428,600","541,078,728",1,1, 솔루션연구소 강재솔루션연구그룹 ,  , 철강솔루션연구소 접합연구그룹 , 철강솔루션연구소 접합연구그룹 , 김영훈 , 강건재마케팅실 박판건재판매그룹 , 홍준영 , (이용)접합 , 2023-10-31 , 철강신수요창출 , 철강분야 , 정량효과 ,0,0,0,0,0,0,"500,000,000",0,0,0,0,0,0,0, 신수요창출 , 5억원 = 5천톤(연간강재판매량) * 850천원(강재판매가) * 15%(영업이익률) ,"655,428,600","500,000,000",4,30,"2,000,000,000",3.05, 과제종결(완료평가) 
196,20229485, 현업과제 , 2022P238 , PosH690 적용 가설재 안전인증 획득 및 현장적용성 개선 , 2022-02-28 , 2023-02-24 , 2023-02-24 ,"421,530,900","421,530,900","376,673,091",1,1, 솔루션연구소 강건재솔루션연구그룹 ,  , 철강솔루션연구소 구조연구그룹 , 철강솔루션연구소 구조연구그룹 , 신승훈 , 강건재마케팅실 강건재솔루션그룹 , 전형준 , (이용)강구조 , 2023-06-01 , 철강신수요창출 , 철강분야 , 정성효과 ,0,0,0,0,0,0,0,0,0,0,0,0,0,0,  ,  ,"421,530,900",0,  ,  ,0,0, 과제종결(완료평가) 
197,20229487, 현업과제 , 2022P201 , 3선재 냉각 효율화를 통한 생산 Loss 저감 기술 개발 , 2022-02-07 , 2023-03-31 , 2023-04-25 ,"343,212,200","343,212,200","218,091,659",1,1, 제품연구소 InoCast특화제품개발TF팀 ,  , 강재연구소 열연선재연구그룹 , 강재연구소 열연선재연구그룹 , 이형직 , (포항)선재부 , 김경원 , (공정)선재공정-생산성향상기술 , 2023-11-27 , 기타 , 철강분야 , 정량효과 ,"343,000,000",0,0,0,0,0,0,0,0,0,0,0,0,0, 생산성향상 ," [(개선前-개선後)비가동 시간(Hr) x 작업률 x T/Hr x 실수율 x 고정가공비(원/톤)] = (180-121) x 0.90 x 122.56 x 0.98 x 53,331 ","343,212,200","343,000,000",4,80,"1,372,000,000",4, 과제종결(완료평가) 
198,20229490, 현업과제 , 2022P457 , AI를 활용한 UT 불량 vital few 자동 도출 및 제조조건 최적 기술 개발 , 2022-10-17 , 2023-10-27 , 2023-10-28 ,"254,340,000","254,340,000","373,015,795",1,1, 연구개발AX가속화TF팀 ,  , 강재연구소 에너지조선연구그룹 , 강재연구소 에너지조선연구그룹 , 강주석 , (포항)품질기술부 , 이재기 , (공정)후판공정-불량율저감기술 , 2023-12-22 , 기술축적 , 철강분야 , 정량효과 ,"78,000,000",0,0,0,0,0,0,0,0,0,0,0,0,0, 생산성향상 ," 다단적치비용 * 다단적치저감량목표량 = 39,000원/톤1) * 2000톤/년 = 78,000,000원 1) 품기부 23.08~09 기준 다단적치저감량 5617톤/2.18억원 달성(~39,000원/톤) 기준 활용 ","254,340,000","78,000,000",4,50,"312,000,000",1.23, 과제종결(완료평가) 
199,20229492, 현업과제 , 2022P263 , S355/420ML 후물재 해상풍력 대구경 Monopile/타워 생산 RISK 저감 기술 개발 , 2022-03-07 , 2023-05-26 , 2023-05-30 ,"464,903,000","464,903,000","374,176,562",1,1, (광양)고Mn강프로젝트팀 ,  , 철강솔루션연구소 접합연구그룹 , 철강솔루션연구소 접합연구그룹 , 이도엽 , 에너지조선마케팅실 친환경에너지소재판매그룹 , 이동은 , (이용)접합 , 2023-06-30 , 고객기술지원 , 철강분야 , 정성효과 ,0,0,0,0,0,0,0,0,0,0,0,0,0,0,  ,  ,"464,903,000",0,  ,  ,0,0, 과제종결(완료평가) 
200,20229493, 현업과제 , 2022P343 , ATOS 열연강판 스케일 분진 원인규명 및 예측 모델 개발 , 2022-05-30 , 2023-07-21 , 2023-08-01 ,"506,156,300","506,156,300","809,474,630",1,1, 제품연구소 표면연구그룹 ,  , 자동차소재연구소 자동차소재표면연구그룹 , 자동차소재연구소 자동차소재표면연구그룹 , 손일령 , (광양)열연부 , 최석찬 , (공정)열연공정-제품양산기술 , 2024-01-01 , 철강신수요창출 , 철강분야 , 정성효과 ,0,0,0,0,0,0,0,0,0,0,0,0,0,0,  ,  ,"506,156,300",0,  ,  ,0,0, 과제종결(완료평가) 
201,20229497, 미래기술과제 , 2022P262 , 친환경 탈지기술 기초 연구 , 2022-03-21 , 2023-06-09 , 2023-06-16 ,"342,417,800","342,417,800","400,842,040",1,1, 공정DX연구소 로봇AI연구그룹 ,  , 공정연구소 제어계측연구그룹 , 공정연구소 제어계측연구그룹 , 박형국 , 공정연구소 제어계측연구그룹 , 조명종 , (공정)냉연공정-수질기술 , 2024-06-01 , 기술축적 , 철강분야 , 정성효과 ,0,0,0,0,0,0,0,0,0,0,0,0,0,0,  ,  ,"342,417,800",0,  ,  ,0,0, 과제종결(완료평가) 
202,20229502, 현업과제 , 2022P116 , 암모니아 탱크용 LT-FH32/32M강 PWHT후 용접이음부 특성 보증 기술 개발 , 2022-01-03 , 2023-06-23 , 2023-08-03 ,"455,998,300","455,998,300","381,826,491",1,1, (광양)고Mn강프로젝트팀 ,  , 철강솔루션연구소 접합연구그룹 , 철강솔루션연구소 접합연구그룹 , 이도엽 , 에너지조선마케팅실 조선소재판매그룹 , 이재혁 , (이용)접합 , 2023-07-31 , 기술축적 , 철강분야 , 정성효과 ,0,0,0,0,0,0,0,0,0,0,0,0,0,0,  ,  ,"455,998,300",0,  ,  ,0,0, 과제종결(완료평가) 
203,20229503, 미래기술과제 , 2022P320 , 생애주기 대응 탄소저감형 Reuse/ Plug-in 건축시스템 기획 연구 , 2022-04-25 , 2023-07-21 , 2023-07-24 ,"463,128,000","463,128,000","423,333,712",1,1, 솔루션연구소 강건재솔루션연구그룹 ,  , 철강솔루션연구소 구조연구그룹 , 철강솔루션연구소 구조연구그룹 , 백승경 , 철강솔루션연구소 구조연구그룹 , 박찬희 , (이용)강구조 , 2024-04-01 , 철강신수요창출 , 철강분야 , 정성효과 ,0,0,0,0,0,0,0,0,0,0,0,0,0,0,  ,  ,"463,128,000",0,  ,  ,0,0, 과제종결(완료평가) 
204,20229504, 현업과제 , 2022P171 , GA Giga급 TRIP강 LME 개선재 탈탄 공정 강건화 기술 개발 , 2022-01-31 , 2023-01-27 , 2023-03-13 ,"528,910,000","528,910,000","720,540,613",1,1, 제품연구소 표면연구그룹 ,  , (광양)도금부 도금AHSS기술개발섹션 , 자동차소재연구소 자동차소재표면연구그룹 , 강기철 , (광양)도금부 , 안정환 , (공정)표면처리공정-제품양산기술 , 2023-04-07 , 기술축적 , 철강분야 , 정량효과 ,0,0,0,0,0,0,"1,170,000,000",0,0,0,0,0,0,0, 신수요창출 ," = '22년 내부산화 적용 기가스틸 판매수익 [(GA1180TRIP생산량 2천톤x판매가 2천원/톤x영업이익율 8.3%)+(GA980TRIP 생산량 5천톤x판매가 1,1929천원/톤x영업이익율 11.3%)]= 11.7억원 ","528,910,000","1,170,000,000",2.5,55,"2,925,000,000",5.53, 과제종결(완료평가) 
205,20229511, 현업과제 , 2022P418 , 2후판 압연롤 위치측정을 통한 두께편차 저감기술 개발 , 2022-08-15 , 2024-05-10 , 2024-05-17 ,"480,284,000","480,284,000","504,171,226",1,1, 공정DX연구소 압연엔지니어링연구그룹 ,  , 공정연구소 압연공정연구그룹 , 공정연구소 압연공정연구그룹 , 최강혁 , (포항)후판부 , 홍헌호 , (엔지니어링)기계설비-불량율저감기술 , 2024-11-01 , 기술축적 , 철강분야 , 정성효과 ,0,0,0,0,0,0,0,0,0,0,0,0,0,0,  ,  ,"480,284,000",0,  ,  ,0,0, 과제종결(완료평가) 
206,20229513, 현업과제 , 2022P136 , STS 연주설비 모니터링 시스템 개발 , 2022-01-10 , 2023-04-07 , 2023-04-10 ,"173,216,900","173,216,900","203,433,604",1,1, 공정DX연구소 압연엔지니어링연구그룹 ,  , 공정연구소 철강엔지니어링연구그룹 , 공정연구소 철강엔지니어링연구그룹 , 이혁준 , (포항)STS제강부 , 조용석 , (공정)STS공정-원가절감기술 , 2023-04-10 , 기술축적 , 철강분야 , 정량효과 ,0,0,0,0,0,0,0,"55,864,616",0,0,0,0,0,0, 실수율/품질향상 ," ○ 정량적 기대효과 = Depression 발생 개선 비용 x 기여율 = 55,864,616 x 60% = 33,518,770 원 - Depression 발생 개선 비용 . 코일 그라인딩(CG) 비용 감소 : 262 톤 * CG비용 39,200(원/톤) = 10,266,061원 . 부적합 개선 : 148 톤 * 평균 판매가 2,054,653 (원/톤) * 감가율 15% ‘ = 45,598,555원 ","173,216,900","55,864,616",4,60,"223,458,464",1.29, 과제종결(완료평가) 
207,20229514, 현업과제 , 2022P145 , STS 2차냉각 노즐 스마트 진단 시스템 개발 , 2022-01-10 , 2023-04-07 , 2023-04-10 ,"129,368,000","129,368,000","150,729,280",1,1, 공정DX연구소 압연엔지니어링연구그룹 ,  , 공정연구소 철강엔지니어링연구그룹 , 공정연구소 철강엔지니어링연구그룹 , 방종근 , (포항)STS제강부 , 조용석 , (공정)STS공정-원가절감기술 , 2023-04-17 , 기술축적 , 철강분야 , 정량효과 ,0,0,0,0,0,0,0,"124,000,000",0,0,0,0,0,0, 실수율/품질향상 ," [긁힘흠 발생 개선] - 코일 그라인딩(CG) 비용 감소 : 1084 톤 * CG비용 39,200(원/톤) = 42,489,703원 - 부적합 개선 : 146 톤 * 판매가 2,350,551 (원/톤) * 감가율 15% = 51,366,875 [Pin hole 개선] - 코일 그라인딩(CG) 비용 감소 : 288 톤 * CG비용 39,200(원/톤) = 11,295,186원 - 부적합 개선 : 91 톤 * 판매가 1,370,122 (원/톤) * 감가율 15% = 18,602,900 ","129,368,000","124,000,000",4,33,"496,000,000",3.83, 과제종결(완료평가) 
208,20229515, 현업과제 , 2022P280 , 내후성강적용 자연친화형 보도교량 기술개발 , 2022-04-04 , 2023-06-30 , 2023-07-04 ,"571,387,540","571,387,540","502,736,179",1,1, 솔루션연구소 강건재솔루션연구그룹 ,  , 철강솔루션연구소 구조연구그룹 , 철강솔루션연구소 구조연구그룹 , 성택룡 , 강건재마케팅실 강건재솔루션그룹 , 전형준 , (이용)강구조 , 2023-09-30 , 철강신수요창출 , 철강분야 , 정량효과 ,0,0,0,0,0,0,"300,000,000",0,0,0,0,0,0,0, 신수요창출 ," 판매량 3천톤/년 X 영업이익 100,000원/톤 = 3억원/년 ","571,387,540","300,000,000",4,80,"1,200,000,000",2.1, 과제종결(완료평가) 
209,20229516, 현업과제 , 2022P144 , STS 연주 롤갭 자동 보정 시스템 개발 , 2022-01-10 , 2023-03-24 , 2023-04-05 ,"175,800,400","175,800,400","246,313,230",1,1, 공정DX연구소 압연엔지니어링연구그룹 ,  , 공정연구소 철강엔지니어링연구그룹 , 공정연구소 철강엔지니어링연구그룹 , 윤창규 , (포항)STS제강부 , 조용석 , (공정)STS공정-원가절감기술 , 2023-03-27 , 기술축적 , 철강분야 , 정량효과 ,0,0,0,0,0,0,0,0,0,0,0,0,0,"390,672,000", 기타 ," ○ 정량적 이익 : 3.9억원/년 (롤체크 횟수 저감에 따른 기대이익) - 롤갭자동보정시 롤갭적중률 향상 및 지속에 따라, 롤체크 횟수 저감 가능 - 산출식 = 롤체크 저감 횟수 x 고정가공비 x Charge수 x 생산량/Charge수 = 6회/년 x 162,780원/톤 x 2Ch x 200톤/Ch = 390,672,000원/년 * 롤체커 2주마다 진행 → 2.5주마다 진행 : 26 → 20회/년 ","175,800,400","390,672,000",4,30,"1,562,688,000",8.89, 과제종결(완료평가) 
210,20229523, 미래기술과제 , 2022P268 , 친환경차용 NO재 3PCM 활용 Final 압연 가능성 연구 , 2022-03-14 , 2023-06-02 , 2023-06-15 ,"331,544,300","331,544,300","345,365,237",1,1, 공정DX연구소 압연엔지니어링연구그룹 ,  , 공정연구소 압연공정연구그룹 , 공정연구소 압연공정연구그룹 , 이규택 , 공정연구소 압연공정연구그룹 , 강윤희 , (공정)냉연공정-생산성향상기술 , 2023-09-01 , 기술축적 , 철강분야 , 정성효과 ,0,0,0,0,0,0,0,0,0,0,0,0,0,0,  ,  ,"331,544,300",0,  ,  ,0,0, 과제종결(완료평가) 
211,20229528, 현업과제 , 2022P265 , 4선재 Stelmor 공냉대 중간온도 제어기술 개발 , 2022-04-04 , 2023-09-29 , 2023-10-11 ,"653,495,200","653,495,200","633,013,544",1,1, 포스코홀딩스 ,  , 공정연구소 철강엔지니어링연구그룹 , 공정연구소 철강엔지니어링연구그룹 , 이승진 , (포항)선재부 , 김경원 , (공정)선재공정-불량율저감기술 , 2023-09-30 , 기술축적 , 철강분야 , 정량효과 ,0,0,0,0,0,0,0,0,0,"28,450,000",0,0,0,0, 에너지절감 ," AI로 저감 가능한 Blower Power 5%저감으로, 총 6개 Blower 적용 23년 총 계획처리량 72만톤 중 8.9% 적용시 64169톤 적용 전력제조단가 117.9원/kWh 적용 소비전력 220 kW → 154kW, 66kW저감 생산량 105.29 Ton/hr (4선재 실적) 적용 → 609.45hr 적용 기대효과 = Blower 6기 x 66kW x 609.45hr x 117.9원/kWh = 2845만원 ","943,295,200","28,450,000",4,100,"113,800,000",0.12, 과제종결(완료평가) 
212,20229529, 현업과제 , 2022P023 ," CGL PosMAC3.0 고강도, 극후물재 용접부 강건성 확보기술 개발 ", 2022-01-03 , 2023-04-28 , 2023-05-31 ,"255,195,000","255,195,000","250,147,918",1,1, 솔루션연구소 강재솔루션연구그룹 ,  , 철강솔루션연구소 접합연구그룹 , 철강솔루션연구소 접합연구그룹 , 박서정 , (포항)냉연부 , 조명래 , (공정)냉연공정-생산성향상기술 , 2023-05-01 , 기술축적 , 철강분야 , 정성효과 ,0,0,0,0,0,0,0,0,0,0,0,0,0,0,  ,  ,"255,195,000",0,  ,  ,0,0, 과제종결(완료평가) 
213,20229532, 현업과제 , 2022P075 , 소결 장입장치 수명 향상 및 부착광 개선을 위한 설비 개발 , 2022-01-10 , 2023-06-02 , 2023-06-12 ,"524,438,000","524,438,000","564,159,787",1,1, 공정DX연구소 압연엔지니어링연구그룹 ,  , 공정연구소 철강엔지니어링연구그룹 , 공정연구소 철강엔지니어링연구그룹 , 박종인 , (포항)제선부 , 최규택 , (엔지니어링)열유체-원가절감기술 , 2023-06-15 , 기술축적 , 철강분야 , 정성효과 ,0,0,0,0,0,0,0,0,0,0,0,0,0,0,  ,  ,"524,438,000",0,  ,  ,0,0, 과제종결(완료평가) 
214,20229534, 현업과제 , 2022P315 , 1냉연 1CAL 가공용 극저 BP 강종통합 HRT 제조기술 개발 , 2022-04-18 , 2023-03-31 , 2023-06-02 ,"391,381,000","391,381,000","468,253,755",1,1, 육아몰입기간 ,  , 강재연구소 전기전자연구그룹 , 강재연구소 전기전자연구그룹 , 김재형 , 글로벌품질서비스실 품질설계2그룹 , 김태규 , (공정)냉연공정-원가절감기술 , 2023-05-01 , 기술축적 , 철강분야 , 정량효과 ,0,"460,000,000",0,0,0,0,0,0,0,0,0,0,0,0, 원단위절감 , 2만원/톤 (Mn 0.55% → 0.25% 강종 전환에 따른 합금철 사용량 저감) * 23천톤/년 (포항 1CAL 생산 극저 BP재 중 Mn 0.55% 강종 생산량) = 4.6억/년 ,"401,381,000","460,000,000",4,60,"1,840,000,000",4.58, 과제종결(완료평가) 
215,20229536, 현업과제 , 2022P143 , 연주 롤갭 자동보정 시스템 개발 , 2022-01-10 , 2023-01-06 , 2023-01-06 ,"161,782,400","161,782,400","208,080,193",1,1, 공정DX연구소 압연엔지니어링연구그룹 ,  , 저탄소공정연구소 철강엔지니어링연구그룹 , 저탄소공정연구소 철강엔지니어링연구그룹 , 윤창규 , (포항)제강부 , 고재윤 , (엔지니어링)기계설비-Smart solution기술(AI/Big Data/IoT) , 2023-01-09 , 기술축적 , 철강분야 , 정량효과 ,"226,800,000",0,0,0,0,0,0,0,0,0,0,0,0,0, 생산성향상 ," ○ 정량적 이익 : 2.3억원/년 (롤체크 횟수 저감에 따른 기대이익) - 롤갭자동보정시 롤갭적중률 향상 및 지속에 따라, 롤체크 횟수 저감 가능 - 산출식 = 롤체크 저감 횟수 x 고정가공비 x Charge수 x 생산량/Charge수 = 6회/년 x 40,000원/톤 x 3Ch x 315톤/Ch = 226,800,000원/년 * 롤체커 2주마다 진행 → 2.5주마다 진행 : 26 → 20회/년 ","161,782,400","226,800,000",4,30,"907,200,000",5.61, 과제종결(완료평가) 
216,20229537, 현업과제 , 2022P135 , 2차냉각 노즐 스마트 진단 시스템 개발 , 2022-01-10 , 2023-06-30 , 2023-07-07 ,"139,330,000","139,330,000","157,187,540",1,1, 공정DX연구소 압연엔지니어링연구그룹 ,  , 공정연구소 철강엔지니어링연구그룹 , 공정연구소 철강엔지니어링연구그룹 , 방종근 , (포항)제강부 , 최웅렬 , (공정)제강공정-원가절감기술 , 2023-08-01 , 기술축적 , 철강분야 , 정량효과 ,0,0,0,0,0,0,0,"214,000,000",0,0,0,0,0,0, 실수율/품질향상 ," (1) 변동가공비 저감 : 핸드스카핑 변동 가공비 (3,000원/톤) x 스카핑 생략 주편량 (5만톤) = 1.50 억 (2) Fe 로스 저감 : 톤당원가 (675,000원/ton)x스카핑생략 주편량 (5만톤)xFe 로스량 (0.19%)= 0.64 억 총 2.14억 ","139,330,000","214,000,000",4,70,"856,000,000",6.14, 과제종결(완료평가) 
217,20229538, 현업과제 , 2022P018 , 2열연 수식모델 Ensemble AI 활용 전장 위치 및 압연하중 설정기술 개발 , 2022-01-03 , 2023-05-26 , 2023-05-31 ,"431,436,000","431,436,000","471,891,707",1,1, 공정DX연구소 압연엔지니어링연구그룹 ,  , 공정연구소 압연공정연구그룹 , 공정연구소 압연공정연구그룹 , 조용석 , (포항)열연부 , 손승락 , (공정)열연공정-제품양산기술 , 2023-06-01 , 기술축적 , 철강분야 , 정량효과 ,"1,520,000,000","180,000,000",0,0,0,0,0,0,0,0,0,0,0,0," 생산성향상,원단위절감 ", ○ 기대효과 : 17.0억원/년 ① MPC 모델 개선을 통한 Idle Time 단축을 통한 생산성 향상 : (개선전 - 개선후 Idle Time) × Slab처리매수 × T/H × 작업률 × 압연실수율 × 고정가공비 × 1Hr / 3600s = (44.9 – 43.5)s * 224493매 * 683.6ton/hr * 88.0% * 98.77% * 26273원/ton ÷ 3600 = 13.6억원/년 ※ 0.1s * 224493매 * 683.6ton/hr * 88.0% * 98.77% * 26273원/ton ÷ 3600 = 0.97억원/년 ② 압연부하 신규 예측 정합도 향상을 통한 전력원단위 절감 및 생산성 개선 : (개선전 – 개선후 다듬질압연 Line 정지 시간) × T/H × 작업률 × 압연실수율 × 고정가공비 = (31.6-21.6hr) × 682.5ton/hr × 89.6% × 98.79% × 26273원/ton = 1.6억원/년 : (개선전 – 개선후 전력원단위) × 개선후 생산량 × 전력단가 = (119.8-119.4kWh/ton) × 5000000ton/년 × 90.1원/kWh = 1.8억원/년 ,"431,436,000","1,700,000,000",4,60,"6,800,000,000",15.76, 과제종결(완료평가) 
218,20229539, 현업과제 , 2022P134 , 연주 설비 상태 분석 시스템 개발 , 2022-01-10 , 2023-06-30 , 2023-07-07 ,"238,237,100","238,237,100","256,083,494",1,1, 공정DX연구소 압연엔지니어링연구그룹 ,  , 공정연구소 철강엔지니어링연구그룹 , 공정연구소 철강엔지니어링연구그룹 , 이혁준 , (포항)제강부 , 최웅렬 , (공정)제강공정-원가절감기술 , 2023-07-01 , 기술축적 , 철강분야 , 정량효과 ,0,0,0,0,0,0,0,"1,486,000,000",0,0,0,0,0,0, 실수율/품질향상 ," ○ 정량적 효과 = '20년 2, 3, 4연주공장 연주설비 요인 단락 횟수(3.6건/월) * 단락 발생 시 추가 발생비용(34.4백만 원/ch) * 12ch * 0.2(기여율) = 2.97억원/년 - 단락 발생시 추가 발생 비용(a + b) = 백만 원/ch a. 제강/연주 가공비(고정+변동) 증가금액 = (제강/연주 가공비(고정가공비증가(44,000원/톤) + 변동가공비증가(20,000원/톤)) * 발생량(315톤/ch) = 20.2백만 원/ch b. 부원료 + 합금철 추가투입금액 = 부원료 및 합금철 추가 투입금액(45,000원/톤) * 발생량(315톤/ch) = 14.2백만 원/ch ","238,237,100","1,486,000,000",4,20,"5,944,000,000",24.95, 과제종결(완료평가) 
219,20229540, 현업과제 , 2022P029 , 2열연 정정라인 통판 자동화 기술 개발 , 2022-01-03 , 2023-02-24 , 2023-03-01 ,"572,317,000","572,317,000","640,900,628",1,1, (광양)HyperNO프로젝트팀 ,  , 공정연구소 압연공정연구그룹 , 공정연구소 압연공정연구그룹 , 최대곤 , (광양)열연부 , 최석찬 , (공정)열연공정-생산성향상기술 , 2023-03-02 , 기술축적 , 철강분야 , 정량효과 ,"196,095,048",0,0,0,0,0,0,0,0,0,0,0,0,0, 생산성향상 ," ① 개선 가능 증산량: 연간 단축 시간*톤 파워= 99288.63[톤/년] -연간 단축 시간: 작업 매수*1매 작업시 단축시간/3600 = 1062.82[hr/년] .작업 매수: 1HSL 입고량/평균 단중 = 757578 / 23.76 = 31885[매/년] .1HSL 입고량: 757578 [톤/년] .평균단중: 23.76[톤/매] .1매 작업시 단축시간: 120[초/매] -톤 파워: 93.42 [톤/hr] ② 정정 고정비: 1975 [원/톤] ∴ 기대효과: ①개선 가능 증산량 x ②정정 고정비 = 196,095,048 [원/년] ","572,317,000","196,095,048",4,90,"784,380,192",1.37, 과제종결(완료평가) 
220,20229541, 미래기술과제 , 2022P404 , 전로 2차연소 증대를 위한 Single & Double flow 랜스 개발 , 2022-08-01 , 2023-12-29 , 2023-12-28 ,"576,514,300","576,514,300","534,744,123",1,1, (포항)제강부 상저취전로기술개발TF팀 ,  , 저탄소제철연구소 전기로연구그룹 , 저탄소제철연구소 전기로연구그룹 , 신동엽 , 저탄소제철연구소 전기로연구그룹 , 박재훈 , (공정)제강공정-에너지기술 , 2024-04-01 , 기술축적 , 철강분야 , 정성효과 ,0,0,0,0,0,0,0,0,0,0,0,0,0,0,  ,  ,"576,514,300",0,  ,  ,0,0, 과제종결(완료평가) 
221,20229542, 미래기술과제 , 2022P403 , 300톤 상저취전로 전환을 위한 열효율 극대화 및 운영 기술 개발 , 2022-08-01 , 2023-12-29 , 2023-12-28 ,"1,042,720,800","1,042,720,800","1,110,065,386",1,1, (포항)제강부 상저취전로기술개발TF팀 ,  , 저탄소제철연구소 전기로연구그룹 , 저탄소제철연구소 전기로연구그룹 , 장정목 , 저탄소제철연구소 전기로연구그룹 , 박재훈 , (공정)제강공정-에너지기술 , 2025-11-28 , 기술축적 , 철강분야 , 정성효과 ,0,0,0,0,0,0,0,0,0,0,0,0,0,0,  ,  ,"1,042,720,800",0,  ,  ,0,0, 과제종결(완료평가) 
222,20229544, 미래기술과제 , 2022P408 , 제강 전로 CCR 기술 개발 , 2022-08-01 , 2023-12-29 , 2023-12-28 ,"709,313,900","709,313,900","822,025,667",1,1, (포항)제강부 상저취전로기술개발TF팀 ,  , 저탄소제철연구소 전기로연구그룹 , 저탄소제철연구소 전기로연구그룹 , 신동엽 , 저탄소제철연구소 전기로연구그룹 , 박재훈 , (공정)제강공정-에너지기술 , 2025-09-01 , 기술축적 , 철강분야 , 정성효과 ,0,0,0,0,0,0,0,0,0,0,0,0,0,0,  ,  ,"709,313,900",0,  ,  ,0,0, 과제종결(완료평가) 
223,20229547, 미래기술과제 , 2022P103 , CR GigaSteel LME 개선을 위한 CAL 소둔 내부산화 기술개발 , 2022-01-03 , 2023-03-03 , 2023-02-22 ,"812,912,300","812,912,300","1,241,896,052",1,1, (광양)GigaSteel프로젝트팀 ,  , 자동차소재연구소 자동차소재표면연구그룹 , 자동차소재연구소 자동차소재표면연구그룹 , 권민혁 , 자동차소재연구소 자동차소재표면연구그룹 , 백두진 , (공정)냉연공정-제품양산기술 , 2023-11-01 , 기술축적 , 철강분야 , 정성효과 ,0,0,0,0,0,0,0,0,0,0,0,0,0,0,  ,  ,"812,912,300",0,  ,  ,0,0, 과제종결(완료평가) 
224,20229549, 현업과제 , 2022P469 , 연소실 개별열량 제어를 통한 교체휴지시 탄화실별 소비열량 편차 저감 기술 , 2022-10-31 , 2023-12-29 , 2023-12-29 ,"393,858,300","393,858,300","481,912,398",1,1, 포스코홀딩스 ,  , 저탄소제철연구소 제선연구그룹 , 저탄소제철연구소 제선연구그룹 , 서승국 , (광양)화성부 , 유재홍 , (공정)제선공정-에너지기술 , 2024-03-29 , 조업/기술경영자료 , 철강분야 , 정량효과 ,"1,070,000,000",0,0,0,0,0,0,0,0,0,0,0,0,0, 생산성향상 ," Coke 생산량(24ton/문) * 추가감산 시간 단축(2.5hr) * 시간당 압출문수(4문/hr) * Coke 제조단가(560,000원/ton)* 2Batt’/1기 Oven = 2.7억원/1기 Oven * 4회(연간 교체휴지 수) ","393,858,300","1,070,000,000",3,30,"3,210,000,000",8.15, 과제종결(완료평가) 
225,20229550, 현업과제 , 2022P269 , 기가스틸 소둔냉각 온도 및 형상 측정 기술 개발 , 2022-03-21 , 2023-09-29 , 2023-09-27 ,"1,093,209,950","1,093,209,950","1,146,771,061",1,1, 공정DX연구소 로봇AI연구그룹 ,  , 공정연구소 제어계측연구그룹 , 공정연구소 제어계측연구그룹 , 황원호 , (광양)냉연부 , 이훈휘 , (공정)냉연공정-불량율저감기술 , 2023-12-31 , 기술축적 , 철강분야 , 정량효과 ,"114,000,000",0,0,0,0,0,0,"198,000,000",0,0,0,0,0,0," 생산성향상,실수율/품질향상 "," ○ 년간 기대이익 : 3.12억원/년 (AHSS/기가스틸 전장/전폭 품질(재질, 형상) 보증, 통판 안정화로 생산성 향상) 1) 형상 불량부 Roll 이물부착성 Dent 방지로 가동율 및 생산성 향상 (*로내 Dent로 인한 비계획 휴지 시간 104시간, 1.14억원/년, 연구기여율 30%) * 년간 104시간 Line Stop 기준 : Ton/Hr x 시간 x 실수율 x 2CAL 고정가공비 = 102.3 X 104 X 0.9797 X 36,474 = 380,176,681원/년 2) AHSS / 기가스틸 코일 전장 재질편차 저감 및 조기 품질(재질, 형상) 안정화 (신강종 급냉온도 확보 및 조기 품질 안정화) * 기가스틸 재질 편차 개선을 통한 판매 확대 및 신강종 생산성 향상 / 시장 선점 (1.98억원/년) : 산출내역 : 2.97억/년 = 2023년 기가스틸 판매전망 x 기대이익(’21년 DP/CP기준) x 재질편차개선의 판매확대 기여율 x 연구 기여율 (2%) = 550천톤/년 x 200천원/톤 x 0.09 x 0.02 = 1.98억원/년 * 강화된 기준 100MPa (‘21) 적용시 8~10% 품질부적합율(‘19년 980DP 기준) 3) 저온 전용 진온 측정 기술 자력 개발에 따른 수입 대체 효과 (5억 이상, 냉연/도금 5대 이상 적용 기준) * 기술 도입시 투자비용(진온측정시스템) : 2억/set, 자력 개발 비용 : 1.0억/set ","1,093,209,950","312,000,000",4,100,"1,248,000,000",1.14, 과제종결(완료평가) 
226,20229551, 현업과제 , 2022P334 , AHSS 열연 권취후 재질편차 개선을 위한 코일 냉각이력 측정방법 개발 , 2022-04-11 , 2023-09-29 , 2023-09-27 ,"702,493,000","702,493,000","771,771,645",1,1, 공정DX연구소 압연엔지니어링연구그룹 ,  , 공정연구소 압연공정연구그룹 , 공정연구소 압연공정연구그룹 , 최강혁 , (광양)열연부 , 최석찬 , (공정)열연공정-불량율저감기술 , 2024-05-01 , 기술축적 , 철강분야 , 정성효과 ,0,0,0,0,0,0,0,0,0,0,0,0,0,0,  ,  ,"702,493,000",0,  ,  ,0,0, 과제종결(완료평가) 
227,20229563, 현업과제 , 2022P222 , 고발열량 무연탄의 입도 및 연소성 개선을 통한 소결 결합재비 저감 기술 , 2022-02-07 , 2023-06-30 , 2023-06-27 ,"255,867,700","255,867,700","293,881,399",1,1, 공정DX연구소 제선연구그룹 ,  , 저탄소제철연구소 제선연구그룹 , 저탄소제철연구소 제선연구그룹 , 정병준 , (포항)제선부 , 최규택 , (공정)제선공정-원가절감기술 , 2023-11-30 , 기술축적 , 철강분야 , 정량효과 ,0,"1,930,000,000",0,0,0,0,0,0,0,0,0,0,0,0, 원단위절감 ," 전제 조건 : S.SA대체 F.X 사용시 결합재 원단위 1kg/t-s 저감 및 생산성 1t/d.m2 증대 - 3소결 기준 (생산량 550만톤 기준, 결합재비 350,000원/t, 소결광 생산 고정비 10,000원/t) 결합재 원단위 1kg/t-s 저감; = 5500000 X 0.001 X 350000 = 19.3억/년 ","255,867,700","1,930,000,000",4,50,"7,720,000,000",30.17, 과제종결(완료평가) 
228,20229568, 현업과제 , 2022P122 , 1PCM 스마트 냉간압연 기술 개발 , 2022-01-10 , 2023-07-28 , 2023-08-16 ,"395,062,000","395,062,000","462,809,241",1,1, 포스코홀딩스 ,  , 공정연구소 압연공정연구그룹 , 공정연구소 압연공정연구그룹 , 김성현 , (포항)냉연부 , 조명래 , (공정)냉연공정-생산성향상기술 , 2023-09-01 , 기술축적 , 철강분야 , 정량효과 ,"141,950,436",0,0,0,0,0,0,0,0,0,0,0,0,0, 생산성향상 ," [ 개선 후-개선 전 T/H x '21년 1~8월 1PCM 순작업시간 x '21년 1~8월 누계평균 1PCM 고정가공비 x '21년 1~8월 누계 1PCM 실수율 = (155.7 T/H - 154.7 T/H) x (646.6Hr/월 x 12개월) x 18,706원/톤 x 97.80% = 141,950,436원/년 ","395,062,000","141,950,436",3,50,"425,851,308",1.08, 과제종결(완료평가) 
229,20229569, 미래기술과제 , 2022P164 , 자동차소재 AIPD-NP시스템 강화 , 2022-01-17 , 2023-01-27 , 2023-01-27 ,"363,375,200","363,375,200","491,395,003",1,1, 연구개발AX가속화TF팀 ,  , 자동차소재연구소 자동차소재연구그룹 , 자동차소재연구소 자동차소재연구그룹 , 한태교 , 제품연구소 자동차소재연구그룹 , 김성일 , (제품)냉연제품-선도제품개발기술 , 2023-02-01 , 기술축적 , 철강분야 , 정성효과 ,0,0,0,0,0,0,0,0,0,0,0,0,0,0,  ,  ,"363,375,200",0,  ,  ,0,0, 과제종결(완료평가) 
230,20229571, 현업과제 , 2022P360 , 2열연 FM 과장력 방지위한 압연속도 설정 고도화 기술개발 , 2022-07-04 , 2023-09-22 , 2023-09-21 ,"635,465,200","635,465,200","790,756,600",1,1, 공정DX연구소 압연엔지니어링연구그룹 ,  , 공정연구소 압연공정연구그룹 , 공정연구소 압연공정연구그룹 , 홍성철 , (광양)열연부 , 최석찬 , (공정)열연공정-불량율저감기술 , 2023-10-01 , 기술축적 , 철강분야 , 정량효과 ,0,0,0,0,0,0,0,"417,060,000",0,0,0,0,0,0, 실수율/품질향상 , o 2열연 폭불량 부적합률 26.7% 개선 : 4.17억원/년 - 산출식 : =(개선 전 – 개선후 폭불량 부적합량) × (제품가-Scrap가) =(3722 -2729) × (87만원- 45만원) =41706만원 ,"635,465,200","417,060,000",4,80,"1,668,240,000",2.63, 과제종결(완료평가) 
231,20229572, 미래기술과제 , 2022P485 , 코크스오븐 고온밀폐설비 무인설비점검을 위한 이동로봇 통합관제 시스템 기반기술 개발 , 2022-12-12 , 2024-01-26 , 2024-02-14 ,"313,478,000","313,478,000","350,663,271",1,1, 공정DX연구소 로봇AI연구그룹 ,  , 포스코홀딩스 , 포스코홀딩스 , 최자영 , 포스코홀딩스 , 최용준 , (철강기타)철강기타 , 2024-12-02 , 기술축적 , 철강분야 , 정성효과 ,0,0,0,0,0,0,0,0,0,0,0,0,0,0,  ,  ,"313,478,000",0,  ,  ,0,0, 과제종결(완료평가) 
232,20229573, 미래기술과제 , 2022P298 , Microwave를 활용한 소결Bed 표층부 강도향상 및 결합재 저감 기술 , 2022-04-04 , 2023-02-24 , 2023-02-24 ,"385,200,900","385,200,900","399,884,316",1,1, 공정연구소 LiB건식리사이클링연구TF팀 ,  , 저탄소제철연구소 제선연구그룹 , 저탄소제철연구소 제선연구그룹 , 박종력 , 저탄소제철연구소 제선연구그룹 , 류진호 , (공정)제선공정-에너지기술 , 2023-04-03 , 기술축적 , 철강분야 , 정성효과 ,0,0,0,0,0,0,0,0,0,0,0,0,0,0,  ,  ,"385,200,900",0,  ,  ,0,0, 과제종결(완료평가) 
233,20229574, 현업과제 , 2022P168 , 산업기계용 저온인성 보증 HB350급 내마모강 선도제품 개발 , 2022-01-17 , 2023-07-21 , 2023-07-27 ,"276,946,900","276,946,900","327,898,147",1,1, 제품연구소 InoCast특화제품개발TF팀 ,  , 강재연구소 에너지조선연구그룹 , 강재연구소 에너지조선연구그룹 , 김우준 , 에너지조선마케팅실 산기플랜트소재판매그룹 , 마재소 , (제품)후판제품-선도제품개발기술 , 2025-01-01 , 철강신수요창출 , 철강분야 , 정량효과 ,0,0,"48,000,000",0,0,0,0,0,0,0,0,0,0,0, 제품개발/수입대체 ," 0.2천톤 X 2,000,000원 X 12% = 48,000,000 ","276,946,900","48,000,000",4,70,"192,000,000",0.69, 과제종결(완료평가) 
234,20229576, 미래기술과제 , 2022P297 , Microwave를 활용한 석탄 및 코크스 건조 기술 개발 , 2022-04-04 , 2023-03-24 , 2023-04-24 ,"328,517,000","328,517,000","375,296,966",1,1, 포스코홀딩스 ,  , 저탄소제철연구소 제선연구그룹 , 저탄소제철연구소 제선연구그룹 , 서승국 , 저탄소제철연구소 제선연구그룹 , 류진호 , (공정)제선공정-원가절감기술 , 2023-04-28 , 기술축적 , 철강분야 , 정성효과 ,0,0,0,0,0,0,0,0,0,0,0,0,0,0,  ,  ,"328,517,000",0,  ,  ,0,0, 과제종결(완료평가) 
235,20229579, 현업과제 , 2022P482 , 경쟁소재대응 PosMAC 차별화 특성 도출 및 이용 기술 정립 , 2022-12-05 , 2023-10-27 , 2023-10-24 ,"204,093,000","204,093,000","164,628,702",1,1, 솔루션연구소 강재솔루션연구그룹 ,  , 철강솔루션연구소 성능연구그룹 , 철강솔루션연구소 성능연구그룹 , 정현주 , 강건재마케팅실 박판건재판매그룹 , 홍준영 , (이용)강재성능 , 2024-09-30 , 고객기술지원 , 철강분야 , 정성효과 ,0,0,0,0,0,0,0,0,0,0,0,0,0,0,  ,  ,"204,093,000",0,  ,  ,0,0, 과제종결(완료평가) 
236,20229581, 미래기술과제 , 2022P278 , 후판 내Sour API-X65강 SA용접부 H2S분압별 SSC특성 향상기술 개발 , 2022-04-04 , 2023-05-26 , 2023-06-05 ,"587,629,010","587,629,010","431,969,442",1,1, 솔루션연구소 강재솔루션연구그룹 ,  , 철강솔루션연구소 접합연구그룹 , 철강솔루션연구소 접합연구그룹 , 송우현 , 철강솔루션연구소 접합연구그룹 , 정보영 , (이용)접합 , 2023-06-01 , 고객기술지원 , 철강분야 , 정성효과 ,0,0,0,0,0,0,0,0,0,0,0,0,0,0,  ,  ,"587,629,010",0,  ,  ,0,0, 과제종결(완료평가) 
237,20229584, 현업과제 , 2022P152 , PosMAC 적용 가설 인테리어 Repeated-Use 시스템 개발 , 2022-01-10 , 2023-02-24 , 2023-02-24 ,"466,001,200","466,001,200","406,386,450",1,1, 솔루션연구소 강건재솔루션연구그룹 ,  , 철강솔루션연구소 구조연구그룹 , 철강솔루션연구소 구조연구그룹 , 전하경 , 강건재마케팅실 강건재솔루션그룹 , 전형준 , (이용)강구조 , 2023-06-30 , 철강신수요창출 , 철강분야 , 정성효과 ,0,0,0,0,0,0,0,0,0,0,0,0,0,0,  ,  ,"466,001,200",0,  ,  ,0,0, 과제종결(완료평가) 
238,20229586, 현업과제 , 2022P307 , 입도 카메라 활용 무연탄 입도 자동제어 기술 개발 , 2022-01-03 , 2023-06-30 , 2023-06-27 ,"504,934,800","504,934,800","537,770,367",1,1, 공정DX연구소 압연엔지니어링연구그룹 ,  , 공정연구소 철강엔지니어링연구그룹 , 공정연구소 철강엔지니어링연구그룹 , 유종우 , (포항)제선부 , 최규택 , (공정)제선공정-원가절감기술 , 2023-07-01 , 기술축적 , 철강분야 , 정량효과 ,0,"1,750,000,000",0,0,0,0,0,0,0,0,0,0,"670,000,000",0," 원단위절감,환경비용절감 "," - 원단위 절감 : 결합재사용량 저감 8,968ton x 195,000원/ton=1,750,000,000 - 환경비용 절감 : 결합재 사용량 저감에 따른 CO2 감축 8,968ton x 2.98(환산계수) x 25,000 원/CO2-ton = 670,000,000원 ","744,934,800","2,420,000,000",4,25,"9,680,000,000",12.99, 과제종결(완료평가) 
239,20229588, 미래기술과제 , 2022P364 , 조관 Pre공정을 고려한 API 소재 조관후 강도 변화 예측 기술 개발 , 2022-07-04 , 2023-06-30 , 2023-07-03 ,"440,072,000","440,072,000","403,763,637",1,1, 솔루션연구소 강건재솔루션연구그룹 ,  , 철강솔루션연구소 구조연구그룹 , 철강솔루션연구소 구조연구그룹 , 강수창 , 철강솔루션연구소 구조연구그룹 , 박찬희 , (이용)강구조 , 2023-09-29 , 철강신수요창출 , 철강분야 , 정성효과 ,0,0,0,0,0,0,0,0,0,0,0,0,0,0,  ,  ,"440,072,000",0,  ,  ,0,0, 과제종결(완료평가) 
240,20229592, 현업과제 , 2022P490 , 후판 DSS 전단면 처짐 자동 보수장치 개발 , 2022-12-26 , 2025-02-28 , 2026-03-09 ,"678,947,100","678,947,100","873,776,511",1,1, 공정DX연구소 로봇AI연구그룹 ,  , 공정DX연구소 로봇AI연구그룹 , 공정DX연구소 로봇AI연구그룹 , 허형준 , (광양)열연부 , 기호중 , (공정)후판공정-원가절감기술 , 2027-07-05 , 기술축적 , 철강분야 , 정성효과 ,0,0,0,0,0,0,0,0,0,0,0,0,0,0,  ,  ,"678,947,100",0,  ,  ,0,0, 과제종결(완료평가) 
241,20229594, 현업과제 , 2022P163 , PosMAC Super 강건재 용도 개발 및 적용성 평가 , 2022-01-17 , 2023-01-13 , 2023-02-01 ,"440,533,000","440,533,000","304,335,030",1,1, RIST ,  , 철강솔루션연구소 구조연구그룹 , 철강솔루션연구소 구조연구그룹 , 한규홍 , 강건재마케팅실 박판건재판매그룹 , 홍준영 , (이용)강구조 , 2023-04-01 , 철강신수요창출 , 철강분야 , 정량효과 ,0,0,0,0,0,0,"1,000,000,000",0,0,0,0,0,0,0, 신수요창출 ," 5,000톤 x 1,40,000원/톤 x 14.3%(영업이익률) = 1,000,000,000 ","440,533,000","1,000,000,000",4,50,"4,000,000,000",9.08, 과제종결(완료평가) 
242,20229603, 현업과제 , 2022P248 , 2열연 ROT 구간 판쏠림 측정 기술 개발 및 Level 제어를 통한 권취 형상 개선 , 2022-01-17 , 2023-08-04 , 2023-08-16 ,"1,104,758,000","1,104,758,000","1,148,853,540",1,1, 공정DX연구소 로봇AI연구그룹 ,  , 공정연구소 제어계측연구그룹 , 공정연구소 제어계측연구그룹 , 반성준 , (포항)열연부 , 손승락 , (공정)열연공정-생산성향상기술 , 2023-08-07 , 기술축적 , 철강분야 , 정량효과 ,"400,000,000",0,0,0,0,0,0,"360,000,000",0,0,0,0,0,0," 생산성향상,실수율/품질향상 "," - DC 구간 Miss Roll 저감 및 Telescope/Pinch Tree 저감에 따른 생산성 향상 = DC 냉권 50% 저감 + 2열연 Telescope/Pinch Tree 30% 개선 = 정지시간 * 50% * Slab매수 * 작업률 * T/H * 실수율 * 고정가공비 + Telescope 및 Pinch Tree 발생량 * (판매가 - Scrap가) * 30% = 19.3hr * 50% * 225788매 * 90.5 * 690.1ton/hr * 97.58% * 25561원/ton + (2623ton) * (771,440원/ton - 450,932원/ton) * 30% = 1.5억/년 + 2.5억/년 = 4.0억/년 - DC Telescope 측정값 활용 H-CPL 공정 생략 통한 가공비 저감 = 공정 생략을 통한 가공 비용 저감 + 공정 생략을 통한 Scrap 비용 저감 = 공정 생략 가능량 * 고정가공비 + 공정 생략 가능량 * Scrap 비용 = 8천톤(년) * 3750원/톤+ 8천톤(년) * 11750원/톤 = 30백만원/년 + 94백만원/년 = 1.24억/년 - Crop 측정 장치 활용으로 압연 실수율 향상 = 생산량 * (개선 실수율 - 실평 실수율) * (판매가 - Scrap가) * 기여율 = 200만톤 (탄소강) * (98.47% - 98.39%) * (955,905원 - 556,219원) * 20% + 103.6만톤(STS) * (99.136%-99.09%) * (2,306,064 원 - 1,178,589원) * 20% = (648,532,529 원 + 531,446,794 원) * 20% = 2.36억원/년 ","1,104,758,000","760,000,000",4,100,"3,040,000,000",2.75, 과제종결(완료평가) 
243,20229605, 미래기술과제 , 2022P414 , 저HMR 대응 Scrap 종류 AI 인식 기술 개발 , 2022-08-08 , 2023-09-29 , 2023-09-26 ,"524,512,000","524,512,000","595,462,526",1,1, 공정DX연구소 로봇AI연구그룹 ,  , 공정연구소 제어계측연구그룹 , 공정연구소 제어계측연구그룹 , 김기원 , 공정연구소 제어계측연구그룹 , 조명종 , (엔지니어링)제어계측-Smart solution기술(AI/Big Data/IoT) , 2023-12-29 , 기술축적 , 철강분야 , 정성효과 ,0,0,0,0,0,0,0,0,0,0,0,0,0,0,  ,  ,"524,512,000",0,  ,  ,0,0, 과제종결(완료평가) 
244,20229613, 현업과제 , 2022P385 , 후판 MPC 추출모드 수식모델 및 시뮬레이션 시스템 개발 , 2022-07-18 , 2023-12-29 , 2024-02-07 ,"378,256,000","378,256,000","253,302,997",1,1, (포항)에너지후판프로젝트팀 ,  , 공정연구소 압연공정연구그룹 , 공정연구소 압연공정연구그룹 , 서재형 , (광양)후판부 , 이영춘 , (공정)후판공정-생산성향상기술 , 2024-01-31 , 기술축적 , 철강분야 , 정량효과 ,"628,000,000",0,0,0,0,0,0,0,0,0,0,0,0,0, 생산성향상 ," MPC 향상에 따른 압연피치 2초 감소 : 6.28억원/년 -압연피치저감△2초x (21년상반기날판매수50,000매)/3600초=27.8시간/반기 -연간작업시간 : 55.6 시간/년 -55.6 시간/년x365 톤/시간x60 천원/톤(압연고정가공비)x0.86(가동률)x0.6(기여율)= 6.28 억원/년 -정성 : 압연하중 예측/실적 편차 저감을 통한 판간 두께편차 개선, 평탄도 개선 ","378,256,000","628,000,000",1,100,"628,000,000",1.66, 과제종결(완료평가) 
245,20229617, 현업과제 , 2022P492 , 소결 Bed 상층부 폭방향 탄재장입량 제어장치 개발 , 2022-12-19 , 2023-11-24 , 2023-11-09 ,"499,698,000","499,698,000","514,308,458",1,1, 공정DX연구소 제선연구그룹 ,  , 저탄소제철연구소 제선연구그룹 , 저탄소제철연구소 제선연구그룹 , 김성완 , (포항)제선부 , 최규택 , (공정)제선공정-원가절감기술 , 2024-06-28 , 기술축적 , 철강분야 , 정량효과 ,0,"4,006,000,000",0,0,0,0,0,"1,048,000,000",0,0,0,0,0,0," 실수율/품질향상,원단위절감 "," [경제적 효과 (포4 소결 기준)] 1) 전제조건 - 년간 순생산량; 4,416,560 톤/년 (‘22년 실적) - 소결광 고정비; 11,864 원/톤 (‘22년 평균) - 소결결합재 단가; 380,040 원/톤 (‘22년 평균) - CO2 배출권거래제 단가 ; 23,000원/톤-CO2 (‘22년 기준) 2) 소결 회수율 +2% 증가에 따른 소결광 고정비 저감 효과 - 소결광 증산량 : 88,331 톤/년 - 기대이익 = 소결광 증산량(톤/년) x 소결광 고정비(원/톤) = 88,331 톤/년 x 11,864원/톤 = 1,048 백만원/년 3) 소결결합재비 Δ2.0kg/t-sinter 저감에 따른 원가/CO2 저감 효과 - 소결결합재 원단위 저감량 ; -1.0kg/t-sinter (à CO2 저감량 ; 3.2kg-CO2/t-sinter 저하) - 기대이익 = 소결광 총생산량(톤-s/년) x [결합재 저감량(2.0kg/톤-s) x 결합재비 단가(380원/kg) + CO2 저감량(6.4kg-CO2/톤-s) x CO2 단가(23원/kg-CO2) ] = 4,416,560 (톤-s/년) x [2.0kg-결/톤-s x 380원/kg-결 + 6.4kg-CO2/톤-s x 23원/kg-CO2 ] = 3,356 + 650 백만원/년 = 4,006 백만원/년 4) 총 기대이익 = 2)항 + 3)항 = 1,048+ 4,006 = 총 5,054 백만원/년 (약 28,266 톤-CO2/년 저감) 마침. ","499,698,000","5,054,000,000",1,100,"5,054,000,000",10.11, 과제종결(완료평가) 
246,20229620, 현업과제 , 2022P313 , Big data를 활용한 고망간 평탄도 영향 인자 도출 및 제어 기술 개발 , 2022-04-11 , 2023-03-31 , 2023-04-13 ,"318,382,600","318,382,600","199,097,045",1,1, 미래철강연구소 차세대철강연구그룹 ,  , 강재연구소 에너지조선연구그룹 , 강재연구소 에너지조선연구그룹 , 정영진 , (광양)후판부 , 이영춘 , (공정)후판공정-원가절감기술 , 2023-07-03 , 기술축적 , 철강분야 , 정량효과 ,0,0,0,0,0,0,0,"111,860,000",0,0,0,0,0,0, 실수율/품질향상 , 고망간 5만톤 생산체계 구축시 고망간 생산량(50000톤) x (개선전 교정률 29.5% - 개선후 교정률 5.7%) x 정정 고정가공비(9400원) ,"318,382,600","111,860,000",4,80,"447,440,000",1.41, 과제종결(완료평가) 
247,20229623, 현업과제 , 2022P080 , 포항 2고로 NG 취입시 가스류 분포 Simulation 및 조업 설계 , 2022-01-03 , 2023-09-22 , 2023-08-30 ,"7,195,618,000","7,195,618,000","6,761,708,612",1,1, 기술연구원 연구기획그룹 ,  , 저탄소제철연구소 제선연구그룹 , 저탄소제철연구소 제선연구그룹 , 이동조 , (포항)제선부 , 최규택 , (공정)제선공정-에너지기술 , 2023-05-29 , 기술축적 , 철강분야 , 정성효과 ,0,0,0,0,0,0,0,0,0,0,0,0,0,0,  ,  ,"7,195,618,000",0,  ,  ,0,0, 과제종결(완료평가) 
248,20229625, 현업과제 , 2022P373 , 고로 사용 펠렛 브랜드 및 사용비별 장입분포 최적화 기술 , 2022-07-04 , 2023-08-04 , 2023-08-01 ,"217,259,200","217,259,200","259,233,568",1,1, 기술연구원 연구기획그룹 ,  , 저탄소제철연구소 제선연구그룹 , 저탄소제철연구소 제선연구그룹 , 이동조 , (포항)제선부 , 최규택 , (공정)제선공정-원가절감기술 , 2023-08-07 , 기술축적 , 철강분야 , 정량효과 ,0,"8,801,692,461",0,0,0,0,0,0,0,0,0,0,0,0, 원단위절감 ," 고로 조업 안정화 및 효율 증대로 연료비(환원제비) 절감 ※ 년간 기대이익 * 기여율 30% = 26.4억원/년 년간 기대이익 = 환원제비 저감1) + CO2 발생량 저감2) – BFG 원단위 저감3) 1) 환원제비 저감 효과 (△1.2kg/t-p) = 포) 2,3,4고로 년간 용선 생산량 x 코크스 사용량 차이 x 코크스 단가 = 10,518,555톤 x 1.2kg/t-p x 177,957원/톤 = 9,239,726,171원/년 2) CO2 발생량 저감 효과 (△40,092톤/년) = 코크스저감 원단위 x 코크스 CO2 배출계수 x 포)3고로 년간 용선생산량 x CO2 단가 = 1.2kg/t-p x 2,968.1kg_CO2/kg_PC x 10,518,555톤 x 26,210원/CO2 = 1,050,814,062원/년 3) BFG 발생량 감소 (△1,700만Nm3/년) = 환원제비절감원단위 x BFG발생원단위 x BFG평가단가 x 포) 3고로 년간 용선 생산량 = 1.2kg/t-p x 3.15Nm3/kg x 38원/Nm3 x 10,518,555톤 = 1,488,847,772원/년 * 고로 가스이용률 1% 증대 시마다 연료비 4kg/t-p 절감(조업표준) * 코크스 단가: 732,018원/ton (’22년 1~5월 평균) * 대상 고로: 포항 2,3,4고로 (년간 용선 생산량: 10,518,555톤, ‘21년 실적) * 고로 BFG 발생 원단위 평균: 3.15Nm3/kg-RAR * 고로 BFG 평가 단가: 38원/Nm3(‘22년 1~6월 평균) * 코크스 CO2 배출계수: 3.1763kg-CO2/kg-Coke * CO2 단가: 26,210원/t-CO2 (‘22년 1~5월 평균) ","217,259,200","8,801,692,461",2,30,"17,603,384,922",81.02, 과제종결(완료평가) 
249,20229626, 미래기술과제 , 2022P367 , 노정 온도 SOMA 측정 결과를 활용한 연화 융착대 정층/기울기 가시화 기술 개발 , 2022-07-04 , 2023-03-31 , 2023-03-21 ,"328,507,600","328,507,600","374,714,194",1,1, 공정DX연구소 제선연구그룹 ,  , 저탄소제철연구소 제선연구그룹 , 저탄소제철연구소 제선연구그룹 , 이성희 , 저탄소제철연구소 제선연구그룹 , 류진호 , (공정)제선공정-원가절감기술 , 2024-01-01 , 기술축적 , 철강분야 , 정성효과 ,0,0,0,0,0,0,0,0,0,0,0,0,0,0,  ,  ,"328,507,600",0,  ,  ,0,0, 과제종결(완료평가) 
250,20229627, 현업과제 , 2022P481 , 액화CO2운반선용 LT-FH51 용접부 물성확보기술 및 용접잔류응력저감 기술개발 , 2022-12-05 , 2024-05-31 , 2024-06-28 ,"686,238,600","686,238,600","596,705,560",1,1, 솔루션연구소 강재솔루션연구그룹 ,  , 철강솔루션연구소 접합연구그룹 , 철강솔루션연구소 접합연구그룹 , 한규태 , 에너지조선마케팅실 조선소재판매그룹 , 이재혁 , (이용)접합 , 2024-07-01 , 철강신수요창출 , 철강분야 , 정량효과 ,0,0,0,0,0,0,"1,400,000,000",0,0,0,0,0,0,0, 신수요창출 ," 25년 이후 년간 5척 건조예상, 척당3.5천톤 x5 = 17500톤 기대이익: 17500톤 x 8만원/톤 = 14억원/년 ","686,238,600","1,400,000,000",4,50,"5,600,000,000",8.16, 과제종결(완료평가) 
251,20229629, 현업과제 , 2022P366 ," 4소결 배합원료 C, FeO 성분 및 결합재 수분측정 기반 소성 열량 자동제어 ", 2022-07-04 , 2024-03-22 , 2024-04-25 ,"896,000,400","896,000,400","953,255,534",1,1, 공정DX연구소 제선연구그룹 ,  , 저탄소제철연구소 제선연구그룹 , 저탄소제철연구소 제선연구그룹 , 왕민규 , (포항)제선부 , 최규택 , (공정)제선공정-원가절감기술 , 2024-12-26 , 기술축적 , 철강분야 , 정량효과 ,0,"855,243,247",0,0,0,0,0,0,0,0,0,0,0,0, 원단위절감 ," 1. 결합재비 저감 : 0.5kg/t-s - 결합재비 저감량(kg/t-s) * 소결 순생산량(톤, 23년 4소결) * 분코크스 단가(원/톤) - 0.5kg/t-s * 4,342,717톤 * 358,169원/톤 = 777,712,321원 2. CO2 저감 효가 - 결합재비 저감량(kg/t-s) * CO2 배출계수(t-CO2/t-Coke) * 소결 순생산량(톤) * CO2 배출단가(원/t-CO2) - 0.5kg/t-s * 3.176t-CO2/t-Coke * 4,342,717톤 * 11,242.5원/t-CO2 ","1,509,530,400","855,243,247",2,20,"1,710,486,494",1.13, 과제종결(완료평가) 
252,20229631, 미래기술과제 , 2022P288 ," 고로 Sensing데이터, 암묵지, 물리모델 해석결과의 AI 융합 플랫폼 개발 ", 2022-04-04 , 2023-06-23 , 2023-06-21 ,"314,366,300","314,366,300","362,160,037",1,1, 공정DX연구소 제선연구그룹 , (포항)제선부 기술개발섹션 , 저탄소제철연구소 제선연구그룹 , 저탄소제철연구소 제선연구그룹 , 정인현 , 저탄소제철연구소 제선연구그룹 , 류진호 , (공정)제선공정-생산성향상기술 , 2024-03-01 , 기술축적 , 철강분야 , 정성효과 ,0,0,0,0,0,0,0,0,0,0,0,0,0,0,  ,  ,"314,366,300",0,  ,  ,0,0, 과제종결(완료평가) 
253,20229636, 미래기술과제 , 2022P386 , AI 활용 CHQ 선재 소재·물성·공정 예측기술 개발 , 2022-07-18 , 2023-10-13 , 2023-10-13 ,"661,298,600","661,298,600","506,063,913",1,1, 솔루션연구소 강재솔루션연구그룹 ,  , 철강솔루션연구소 성능연구그룹 , 철강솔루션연구소 성능연구그룹 , 박성수 , 철강솔루션연구소 성능연구그룹 , 정용균 , (이용)강재성능 , 2024-01-01 , 철강신수요창출 , 철강분야 , 정량효과 ,0,0,0,0,0,0,"150,000,000",0,0,0,0,0,0,0, 신수요창출 ," - Hub Bolt용 PosAF40CMV 신규적용 : 1차량당 hub bolt 무게 약 3kg 50만대 적용 : 약 1,500톤 영업이익 200,000원/톤 기여도 : 50% ","661,298,600","150,000,000",4,50,"600,000,000",0.91, 과제종결(완료평가) 
254,20229640, 현업과제 , 2022P227 , 고수분 원료하역/수송효율 향상을 위한 수분저감 및 소결품질 영향 평가 , 2022-03-07 , 2023-01-27 , 2023-01-28 ,"387,254,500","387,254,500","236,282,141",1,1, 공정DX연구소 제선연구그룹 ,  , 저탄소제철연구소 제선연구그룹 , 저탄소제철연구소 제선연구그룹 , 왕민규 , (포항)제선부 , 최규택 , (공정)제선공정-원가절감기술 , 2023-06-30 , 기술축적 , 철강분야 , 정성효과 ,0,0,0,0,0,0,0,0,0,0,0,0,0,0,  ,  ,"387,254,500",0,  ,  ,0,0, 과제종결(완료평가) 
255,20229642, 미래기술과제 , 2022P365 , STG800 강관 적용 부력방지용 앵커 기술 개발 , 2022-07-04 , 2023-07-28 , 2023-07-28 ,"543,012,800","1,193,260,800","428,408,630",2,1, 솔루션연구소 강건재솔루션연구그룹 ,  , 철강솔루션연구소 구조연구그룹 , 철강솔루션연구소 구조연구그룹 , 이동섭 , 철강솔루션연구소 구조연구그룹 , 박찬희 , (이용)강구조 , 2024-07-26 , 철강신수요창출 , 철강분야 , 정량효과 ,0,0,0,0,0,0,"937,500,000",0,0,0,0,0,0,0, 신수요창출 , PosH690 판매확대 5천톤/년 X 125만원/톤(판매단가) X 15% (영업이익율) ,"543,012,800","937,500,000",4,80,"3,750,000,000",6.91, 과제종결(단계완료평가) 
256,20229643, 현업과제 , 2022P342 , Ladle 연결 자동화 기술개발 , 2022-05-23 , 2023-04-28 , 2023-04-30 ,"1,509,225,900","1,509,225,900","1,449,704,053",1,1, 공정DX연구소 로봇AI연구그룹 ,  , 공정연구소 로봇솔루션연구그룹 , 공정연구소 로봇솔루션연구그룹 , 이종학 , (광양)제강부 , 최등모 , (공정)제강공정-불량율저감기술 , 2024-05-01 , 기술축적 , 철강분야 , 정성효과 ,0,0,0,0,0,0,0,0,0,0,0,0,0,0,  ,  ,"1,509,225,900",0,  ,  ,0,0, 과제종결(단계완료평가) 
257,20229645, 미래기술과제 , 2022P296 , 고로조업용 저탄소형 부분환원철 제조기술 개발 , 2022-04-04 , 2023-04-28 , 2023-04-24 ,"476,496,000","476,496,000","458,100,064",1,1, 저탄소제철연구소 제선연구그룹 ,  , 저탄소제철연구소 제선연구그룹 , 저탄소제철연구소 제선연구그룹 , 최응수 , 저탄소제철연구소 제선연구그룹 , 류진호 , (공정)제선공정-생산성향상기술 , 2023-07-03 , 기술축적 , 철강분야 , 정성효과 ,0,0,0,0,0,0,0,0,0,0,0,0,0,0,  ,  ,"476,496,000",0,  ,  ,0,0, 과제종결(완료평가) 
258,20229647, 미래기술과제 , 2022P064 , 가열로 버너 수소연료 사용 기술 개발 , 2022-01-03 , 2022-12-30 , 2023-01-03 ,"710,659,100","710,659,100","783,651,287",1,1, 미래철강연구소 차세대철강연구그룹 ,  , 저탄소공정연구소 철강엔지니어링연구그룹 , 저탄소공정연구소 철강엔지니어링연구그룹 , 시성규 , 공정연구소 철강엔지니어링연구그룹 , 황종연 , (환경/에너지)에너지 , 2024-03-31 , 기술축적 , 철강분야 , 정성효과 ,0,0,0,0,0,0,0,0,0,0,0,0,0,0,  ,  ,"710,659,100",0,  ,  ,0,0, 과제종결(완료평가) 
259,20229671, 현업과제 , 2022P302 , (광양)속인성 편차 저감을 위한 장입 래들 수선 자동화(2단계) , 2022-04-04 , 2023-07-28 , 2023-08-03 ,"1,209,835,400","1,870,318,597","1,239,535,347",2,2, 고문 ,  , 공정연구소 제어계측연구그룹 , 공정연구소 제어계측연구그룹 , 임충수 , (광양)제강부 , 최등모 , (공정)제강공정-생산성향상기술 , 2024-01-01 , 기타 , 철강분야 , 정성효과 ,0,0,0,0,0,0,0,0,0,0,0,0,0,0,  ,  ,"1,209,835,400",0,  ,  ,0,0, 과제종결(완료평가) 
260,20229677, 현업과제 , 2022P277 , 전로 자동출강 system 및 알고리즘 고도화 기술개발 , 2022-03-28 , 2023-02-24 , 2023-03-04 ,"425,815,000","425,815,000","393,390,380",1,1, 공정DX연구소 제강연구그룹 , (광양)제강부 2제강공장 , 강재연구소 제강연구그룹 , 강재연구소 제강연구그룹 , 한웅희 , (광양)제강부 , 최등모 , (공정)제강공정-원가절감기술 , 2023-03-06 , 기술축적 , 철강분야 , 정성효과 ,0,0,0,0,0,0,0,0,0,0,0,0,0,0,  ,  ,"425,815,000",0,  ,  ,0,0, 과제종결(완료평가) 
261,20229683, 미래기술과제 , 2022P245 , 철도교용 프리패브 강합성 지중아치 개발 , 2022-03-07 , 2023-05-26 , 2023-06-05 ,"446,984,000","446,984,000","224,922,979",1,1, 솔루션연구소 강건재솔루션연구그룹 ,  , 철강솔루션연구소 구조연구그룹 , 철강솔루션연구소 구조연구그룹 , 이지운 , 철강솔루션연구소 구조연구그룹 , 박찬희 , (이용)강구조 , 2024-01-01 , 철강신수요창출 , 철강분야 , 정성효과 ,0,0,0,0,0,0,0,0,0,0,0,0,0,0,  ,  ,"446,984,000",0,  ,  ,0,0, 과제종결(완료평가) 
262,20229685, 현업과제 , 2022P312 , Al계 HPF강 표면 품질 개선 기술 개발 , 2022-04-11 , 2022-12-30 , 2023-01-08 ,"287,272,200","287,272,200","489,398,181",1,1, 제품연구소 표면연구그룹 , 글로벌제품기술실 냉연제품기술그룹 표면처리고객지원설계섹션 , 자동차소재연구소 자동차소재표면연구그룹 , 자동차소재연구소 자동차소재표면연구그룹 , 이강민 , (광양)도금부 , 안정환 , (공정)표면처리공정-불량율저감기술 , 2023-01-01 , 기술축적 , 철강분야 , 정량효과 ,0,0,0,0,0,0,0,"740,000,000",0,0,0,0,0,0, 실수율/품질향상 , '22년 판매량 53천톤/년 x '21년 미도금 발생률 15% x 영업이익 93천원/톤 = 7.4억원/년 ,"287,272,200","740,000,000",4,10,"2,960,000,000",10.3, 과제종결(완료평가) 
263,20229687, 미래기술과제 , 2022P270 , 가전용 후처리 제품의 물리화학적 특성연구 , 2022-04-18 , 2023-04-07 , 2023-03-10 ,"566,859,200","566,859,200","470,420,951",1,1, 솔루션연구소 강재솔루션연구그룹 ,  , 철강솔루션연구소 성능연구그룹 , 철강솔루션연구소 성능연구그룹 , 박동휘 , 철강솔루션연구소 성능연구그룹 , 정용균 , (이용)강재성능 , 2023-08-01 , 기술축적 , 철강분야 , 정성효과 ,0,0,0,0,0,0,0,0,0,0,0,0,0,0,  ,  ,"566,859,200",0,  ,  ,0,0, 과제종결(완료평가) 
264,20229692, 현업과제 , 2022P301 , 소결광 대차 Smart 누풍 진단 및 이력 관리를 통한 균일 소성 기술 개발 , 2022-04-04 , 2023-09-29 , 2023-12-28 ,"475,310,800","475,310,800","479,441,965",1,1, 고문 ,  , 공정연구소 제어계측연구그룹 , 공정연구소 제어계측연구그룹 , 임충수 , (광양)제선부 , 손병연 , (공정)제선공정-생산성향상기술 , 2023-12-11 , 기타 , 철강분야 , 정성효과 ,0,0,0,0,0,0,0,0,0,0,0,0,0,0,  ,  ,"475,310,800",0,  ,  ,0,0, 과제종결(완료평가) 
265,20229694, 미래기술과제 , 2022P304 , 냉연 개재물 검출 분해능 향상 및 온라인 적용 가능성 평가 , 2022-04-11 , 2023-05-26 , 2023-07-03 ,"358,217,400","358,217,400","362,993,086",1,1, 공정DX연구소 로봇AI연구그룹 ,  , 공정연구소 제어계측연구그룹 , 공정연구소 제어계측연구그룹 , 이세호 , 공정연구소 제어계측연구그룹 , 조명종 , (공정)냉연공정-불량율저감기술 , 2023-12-31 , 기타 , 철강분야 , 정성효과 ,0,0,0,0,0,0,0,0,0,0,0,0,0,0,  ,  ,"358,217,400",0,  ,  ,0,0, 과제종결(완료평가) 
266,20229701, 미래기술과제 , 2022P437 , 전기화학적 기법에 의한 소재 인산염 반응성 예측 기술 연구 , 2022-09-26 , 2023-08-25 , 2023-09-25 ,"368,944,100","368,944,100","291,743,501",1,1, 솔루션연구소 강재솔루션연구그룹 ,  , 철강솔루션연구소 성능연구그룹 , 철강솔루션연구소 성능연구그룹 , 박중철 , 철강솔루션연구소 성능연구그룹 , 정용균 , (이용)강재성능 , 2023-09-29 , 철강신수요창출 , 철강분야 , 정성효과 ,0,0,0,0,0,0,0,0,0,0,0,0,0,0,  ,  ,"368,944,100",0,  ,  ,0,0, 과제종결(완료평가) 
267,20229704, 미래기술과제 , 2022P440 ," 탄소중립, 원가절감형 신도장공법 적용에 따른 소재 영향성 연구 ", 2022-10-03 , 2023-09-29 , 2023-09-27 ,"487,004,000","487,004,000","375,948,502",1,1, 솔루션연구소 자동차소재솔루션연구그룹 ,  , 철강솔루션연구소 성능연구그룹 , 철강솔루션연구소 성능연구그룹 , 정봉훈 , 철강솔루션연구소 성능연구그룹 , 정용균 , (이용)강재성능 , 2024-03-29 , 기술축적 , 철강분야 , 정성효과 ,0,0,0,0,0,0,0,0,0,0,0,0,0,0,  ,  ,"487,004,000",0,  ,  ,0,0, 과제종결(완료평가) 
268,20229705, 미래기술과제 , 2022P319 , 강건재 및 가전복합화 욕실시스템 개발 기획 연구 , 2022-04-18 , 2022-12-16 , 2023-01-02 ,"56,094,000","56,094,000","62,679,335",1,1, 솔루션연구소 강건재솔루션연구그룹 , 미래수요개발실 , 철강솔루션연구소 구조연구그룹 , 철강솔루션연구소 구조연구그룹 , 김우석 , 철강솔루션연구소 구조연구그룹 , 이승은 , (이용)강구조 , 2022-12-29 , 철강신수요창출 , 철강분야 , 정성효과 ,0,0,0,0,0,0,0,0,0,0,0,0,0,0,  ,  ,"56,094,000",0,  ,  ,0,0, 과제종결(완료평가) 
269,20229719, 현업과제 , 2022P259 , 고로 장입물 낙하궤적 측정 기술 개발 , 2022-02-28 , 2023-02-10 , 2023-06-08 ,"368,320,000","368,320,000","359,867,684",1,1, 공정DX연구소 제선연구그룹 ,  , 저탄소제철연구소 제선연구그룹 , 저탄소제철연구소 제선연구그룹 , 백찬영 , (광양)제선부 , 손병연 , (공정)제선공정-생산성향상기술 , 2023-06-01 , 기술축적 , 철강분야 , 정성효과 ,0,0,0,0,0,0,0,0,0,0,0,0,0,0,  ,  ,"368,320,000",0,  ,  ,0,0, 과제종결(완료평가) 
270,20229723, 미래기술과제 , 2022P251 , 수소차용 470FC 후처리공정 3X 생산성 향상 고속전해조 설계기술 개발 , 2022-03-14 , 2023-02-24 , 2023-02-10 ,"536,189,700","536,189,700","432,781,502",1,1, 솔루션연구소 강재솔루션연구그룹 ,  , 철강솔루션연구소 성능연구그룹 , 철강솔루션연구소 성능연구그룹 , 문창호 , 철강솔루션연구소 성능연구그룹 , 정용균 , (엔지니어링)기계설비-생산성향상기술 , 2026-07-23 , 철강신수요창출 , 철강분야 , 정성효과 ,0,0,0,0,0,0,0,0,0,0,0,0,0,0,  ,  ,"536,189,700",0,  ,  ,0,0, 과제종결(완료평가) 
271,20229727, 미래기술과제 , 2022P328 , 고함량 수소 조건에서의 철광석류의 환원특성 평가 연구 , 2022-05-02 , 2023-09-01 , 2023-09-22 ,"551,192,100","551,192,100","720,210,925",1,1, 미래철강연구소 수소환원제철연구그룹 ,  , 저탄소제철연구소 수소환원연구그룹 , 저탄소제철연구소 수소환원연구그룹 , 라기호 , 저탄소제철연구소 수소환원연구그룹 , 이영석 , (공정)제선공정-에너지기술 , 2024-06-28 , 기술축적 , 철강분야 , 정성효과 ,0,0,0,0,0,0,0,0,0,0,0,0,0,0,  ,  ,"551,192,100",0,  ,  ,0,0, 과제종결(완료평가) 
272,20229735, 현업과제 , 2022P397 , 1열연 DC Side Guide Wear Plate 수명향상을 위한 재질개선 연구 , 2022-07-25 , 2023-11-03 , 2023-11-29 ,"612,614,600","612,614,600","837,610,346",1,1, 제품연구소 표면연구그룹 ,  , 자동차소재연구소 자동차소재표면연구그룹 , 자동차소재연구소 자동차소재표면연구그룹 , 이현범 , (광양)압연설비1부 , 전재균 , (공정)열연공정-생산성향상기술 , 2024-03-01 , 기술축적 , 철강분야 , 정성효과 ,0,0,0,0,0,0,0,0,0,0,0,0,0,0,  ,  ,"612,614,600",0,  ,  ,0,0, 과제종결(완료평가) 
273,20229743, 미래기술과제 , 2022P293 , Coke Oven 도어의 가스 누설 방지 자동화 로봇솔루션 기술 개발 , 2022-04-04 , 2023-12-29 , 2023-09-26 ,"1,162,706,100","1,162,706,100","1,088,174,702",1,1, 공정DX연구소 로봇AI연구그룹 ,  , 공정연구소 로봇솔루션연구그룹 , 공정연구소 로봇솔루션연구그룹 , 원성연 , 공정연구소 로봇솔루션연구그룹 , 최용준 , (엔지니어링)기계설비-대기기술 , 2023-12-30 , 기업이미지제고 , 철강분야 , 정성효과 ,0,0,0,0,0,0,0,0,0,0,0,0,0,0,  ,  ,"1,162,706,100",0,  ,  ,0,0, 과제종결(완료평가) 
274,20229764, 현업과제 , 2022P271 , Duplex S31803 용접관의 플랜트 적용 확대 솔루션 개발 , 2022-03-14 , 2023-02-24 , 2023-02-27 ,"386,704,200","386,704,200","702,130,861",1,1, 솔루션연구소 강재솔루션연구그룹 ,  , 철강솔루션연구소 접합연구그룹 , 철강솔루션연구소 접합연구그룹 , 홍승갑 , 스테인리스마케팅실 솔루션개발섹션 , 황영훈 , (이용)접합 , 2023-03-01 , 철강신수요창출 , 철강분야 , 정성효과 ,0,0,0,0,0,0,0,0,0,0,0,0,0,0,  ,  ,"386,704,200",0,  ,  ,0,0, 과제종결(완료평가) 
275,20229768, 현업과제 , 2022P318 , TMCP 잔류응력예측 및 온간 교정기를 활용한 냉간 교정 생략 기술 개발 , 2022-04-18 , 2023-03-31 , 2023-04-17 ,"349,583,800","349,583,800","369,319,059",1,1, 미래철강연구소 차세대철강연구그룹 ,  , 강재연구소 에너지조선연구그룹 , 강재연구소 에너지조선연구그룹 , 정영진 , (포항)후판부 , 홍헌호 , (공정)후판공정-생산성향상기술 , 2023-05-24 , 기업이미지제고 , 철강분야 , 정량효과 ,0,"109,395,693",0,0,0,0,0,0,0,0,0,0,0,0, 원단위절감 ," 정량적 효과 : 1.1억 - 소절재 냉간 교정 생략(55%)에 의한 가공비 절감 : 0.36억 : 21년 총생산량 (32,158톤) x 2,025원(정정 변동 가공비) x 0.55(냉간교정생략55%) = 35,815,973원 - 온라인 교정기 효율 향상에 따른 3후판 생산재 냉간교정 생략에 의한 가공비 절감 : 0.74억 : 21년 총생산량 x (21년 개선전 교정률 : 11.3% - 23년 개선후 교정률 : 6.5%)/100 x 2,025원 = 73,579,720원 ","349,583,800","109,395,693",4,80,"437,582,772",1.25, 과제종결(완료평가) 
276,20229772, 미래기술과제 , 2022P314 , API-X80급 耐Sour 라인파이프용 고Mn강 강재 및 이용기술 미래선도 개발 , 2022-04-25 , 2023-04-21 , 2023-05-31 ,"419,920,200","419,920,200","507,925,495",1,1, 솔루션연구소 강재솔루션연구그룹 , 후판마케팅실 솔루션개발섹션 , 강재연구소 고Mn강TF팀 , 강재연구소 고Mn강TF팀 , 이상철 , 기술연구원 고Mn강TF팀 , 이순기 , (이용)접합 , 2025-02-03 , 철강신수요창출 , 철강분야 , 정성효과 ,0,0,0,0,0,0,0,0,0,0,0,0,0,0,  ,  ,"419,920,200",0,  ,  ,0,0, 과제종결(완료평가) 
277,20229778, 미래기술과제 , 2022P394 , 이동형 로봇을 활용한 코크스 노상 작업 무인화 기술 개발 , 2022-07-25 , 2023-12-29 , 2023-12-27 ,"537,627,600","537,627,600","540,787,870",1,1, 공정DX연구소 로봇AI연구그룹 ,  , 공정연구소 로봇솔루션연구그룹 , 공정연구소 로봇솔루션연구그룹 , 신기태 , 공정연구소 로봇솔루션연구그룹 , 최용준 , (엔지니어링)기계설비-Smart solution기술(AI/Big Data/IoT) , 2024-12-02 , 기술축적 , 철강분야 , 정성효과 ,0,0,0,0,0,0,0,0,0,0,0,0,0,0,  ,  ,"537,627,600",0,  ,  ,0,0, 과제종결(완료평가) 
278,20229780, 현업과제 , 2022P362 , 광양 연원료하역부두 5선석 하역기 대상 원격 자동 운전기능 개발 , 2022-06-20 , 2023-11-24 , 2023-12-13 ,"2,792,335,935","2,792,335,935","2,049,282,174",1,1, 공정DX연구소 로봇AI연구그룹 ,  , 공정연구소 로봇솔루션연구그룹 , 공정연구소 로봇솔루션연구그룹 , 황석균 , (광양)제선부 , 손병연 , (공정)제선공정-생산성향상기술 , 2024-12-02 , 기술축적 , 철강분야 , 정량효과 ,"40,000,000",0,0,0,0,0,0,0,0,0,0,0,0,0, 생산성향상 ," 1○ 정량적 이익 (기대이익 혹은 실현이익) 1. 하역율 개선 - 개선효과: 하역효율 개선에 의한 체선료 저감 0.3억/년 - 하역사 년간 핸들교대 OT지급금액 3억원/년: 5선석 0.4억 2. 협력사 인력 저감 - 2차년도 자동화 개발 완료후 적용 가능 ○ 정성적 이익 (정성적 효과, 지적재산 확보 등) - 국내 기술 축적 및 양소 하역기 확대 가능 ","2,792,335,935","40,000,000",4,100,"160,000,000",0.06, 과제종결(완료평가) 
279,20229782, 현업과제 , 2022P415 , 후판 전단 DSS Scrap Knife 교체 주기 상향을 위한 표면 개선 연구 , 2022-08-08 , 2023-07-28 , 2023-08-12 ,"571,119,400","571,119,400","811,354,744",1,1, 제품연구소 표면연구그룹 ,  , 자동차소재연구소 자동차소재표면연구그룹 , 자동차소재연구소 자동차소재표면연구그룹 , 홍석준 , (광양)후판부 , 이영춘 , (공정)후판공정-생산성향상기술 , 2023-09-01 , 기술축적 , 철강분야 , 정량효과 ,"96,000,000",0,0,0,0,0,0,0,"4,000,000",0,0,0,0,0," 생산성향상,공정개선 "," - Knife 구매비용 . [(50회/년 X 281,400원/매X2매/회) - (25회/년 x 700,000원/매X2매/회) = -7백만원/년 - Chute 육성용접 비용 절감 . (50회/년-25회/년) X 750,000원/회 X 기여율(0.6)=11백만원/년 - 기회비용 절감 . (50회/년-25회/년) X 0.5Hr/회 X 220Ton/Hr X 174,600원/Ton (영업이익) X 기여율(0.2) = 96백만원/년 ","571,119,400","100,000,000",4,50,"400,000,000",0.7, 과제종결(완료평가) 
280,20229784, 현업과제 , 2022P425 , 석탄 장기배합 시뮬레이션을 활용한 원료수급 편차저감 기술개발 , 2022-08-22 , 2023-12-29 , 2023-12-28 ,"474,485,000","474,485,000","525,864,690",1,1, 공정DX연구소 제선연구그룹 ,  , 저탄소제철연구소 제선연구그룹 , 저탄소제철연구소 제선연구그룹 , 이승재 , (광양)화성부 , 유재홍 , (공정)제선공정-원가절감기술 , 2024-01-01 , 기술축적 , 철강분야 , 정량효과 ,0,"1,130,000,000",0,0,0,0,0,0,0,0,0,0,0,0, 원단위절감 ," 저가 신규탄 활용을 통한 원료비 저감 : (비교탄 DNC 단가 - 신규탄 LPN 단가) * LPN 사용량 = (407,490 - 385,231) * 50,799 = 11.3 억원 ","474,485,000","1,130,000,000",4,50,"4,520,000,000",9.53, 과제종결(완료평가) 
281,20229786, 현업과제 , 2022P363 , 3냉연 PCM 박물재 형상품질 개선을 위한 자동형상제어 기술개발 , 2022-06-27 , 2023-01-27 , 2023-01-31 ,"185,736,000","185,736,000","223,597,680",1,1, 공정DX연구소 로봇AI연구그룹 , (광양)냉연부 기술개발섹션 , 공정연구소 제어계측연구그룹 , 공정연구소 제어계측연구그룹 , 박정훈 , (광양)냉연부 , 이훈휘 , (공정)냉연공정-생산성향상기술 , 2023-02-01 , 기술축적 , 철강분야 , 정성효과 ,0,0,0,0,0,0,0,0,0,0,0,0,0,0,  ,  ,"185,736,000",0,  ,  ,0,0, 과제종결(완료평가) 
282,20229788, 현업과제 , 2022P424 , 타르슬러지 고체원료화 Process 시험공정 상세 설계 , 2022-08-22 , 2023-03-31 , 2023-04-13 ,"278,270,200","278,270,200","337,586,703",1,1, 공정DX연구소 제선연구그룹 , 기술연구원 연구기획그룹 , 저탄소제철연구소 제선연구그룹 , 저탄소제철연구소 제선연구그룹 , 박관욱 , (광양)화성부 , 유재홍 , (공정)제선공정-부산물기술 , 2023-04-28 , 기술축적 , 철강분야 , 정량효과 ,0,0,0,0,0,"8,150,000,000",0,0,0,0,0,0,0,0, 부산물/폐기물재활용 ," 기대효과: 137.5억원/년 (광양 타르슬러지 3만톤 적용시) 계산근거: ’21년 광양 타르슬러지 3만톤 적용, 품질향상효과 미적용, ’22上 단가기준(원료화), 콜타르 고상바인더화 mass balance 적용 ","278,270,200","8,150,000,000",3,50,"24,450,000,000",87.86, 과제종결(완료평가) 
283,20229796, 현업과제 , 2022P442 , 소결기 Bed 통기성 측정을 통한 원료 편석 저감 및 균일장입 제어 기술 , 2022-09-19 , 2023-09-15 , 2023-09-26 ,"590,210,050","590,210,050","665,658,197",1,1, 공정DX연구소 제선연구그룹 ,  , 저탄소제철연구소 제선연구그룹 , 저탄소제철연구소 제선연구그룹 , 지윤경 , (광양)제선부 , 손병연 , (공정)제선공정-원가절감기술 , 2024-04-08 , 기술축적 , 철강분야 , 정량효과 ,"980,000,000",0,0,0,0,0,0,0,0,0,0,0,0,0, 생산성향상 ," 소결광 품질 편차저감에 따른 조업안정화로 소결생산성 0.5 t/m2/d 개선, 총 9.8억원/년 1) 전제조건: 소결광 고정비 12,551원/t-s, '20년 기준, 광양 1소결 화상면적 450m2, 가동율 95.84% = 0.5 t/m2/d * ‘20년기준 소결 고정비 12,551원/t-s * 광양 1소결 화상면적 450m2 * 가동율 95.84% * 356 일 = 9.8억원 ","590,210,050","980,000,000",2.5,50,"2,450,000,000",4.15, 과제종결(완료평가) 
284,20229798, 미래기술과제 , 2022P382 , 모바일 로봇을 이용한 배관부식 및 상태진단 기술 개발 , 2022-07-18 , 2023-10-27 , 2023-11-02 ,"374,301,200","374,301,200","377,412,944",1,1, 공정DX연구소 로봇AI연구그룹 ,  , 공정연구소 로봇솔루션연구그룹 , 공정연구소 로봇솔루션연구그룹 , 김민성 , 공정연구소 로봇솔루션연구그룹 , 최용준 , (엔지니어링)기계설비-Smart solution기술(AI/Big Data/IoT) , 2024-06-03 , 기술축적 , 철강분야 , 정성효과 ,0,0,0,0,0,0,0,0,0,0,0,0,0,0,  ,  ,"374,301,200",0,  ,  ,0,0, 과제종결(완료평가) 
285,20229807, 현업과제 , 2022P348 , 저원가 고자속밀도 50PN1300 기계적특성 향상기술 개발 , 2022-05-30 , 2023-07-07 , 2023-07-07 ,"125,638,540","125,638,540","144,945,639",1,1, (광양)HyperNO프로젝트팀 ,  , 강재연구소 전기전자연구그룹 , 강재연구소 전기전자연구그룹 , 송대현 , 전기전자마케팅실 전기강판판매그룹 , 배연호 , (공정)전기강판공정-제품양산기술 , 2024-01-01 , 기타 , 철강분야 , 정성효과 ,0,0,0,0,0,0,0,0,0,0,0,0,0,0,  ,  ,"125,638,540",0,  ,  ,0,0, 과제종결(완료평가) 
286,20229817, 미래기술과제 , 2022P381 , 1.0t/hr급 시험용 ESF 설치 및 공정 설계 기술 개발 , 2022-07-18 , 2023-03-17 , 2023-03-13 ,"642,021,100","642,021,100","752,499,121",1,1, 미래철강연구소 수소환원제철연구그룹 ,  , 저탄소제철연구소 전기로연구그룹 , 저탄소제철연구소 전기로연구그룹 , 이상범 , 저탄소제철연구소 전기로연구그룹 , 박재훈 , (신성장)신성장기타 , 2024-04-01 , 기술축적 , 신성장분야 , 정성효과 ,0,0,0,0,0,0,0,0,0,0,0,0,0,0,  ,  ,"642,021,100",0,  ,  ,0,0, 과제종결(완료평가) 
287,20229819, 미래기술과제 , 2022P384 , 수소환원 DRI 용해용 ESF조업 최적화를위한 자소성전극봉 기초기술개발 , 2022-07-18 , 2023-03-17 , 2023-03-15 ,"744,346,400","744,346,400","830,853,200",1,1, 미래철강연구소 수소환원제철연구그룹 ,  , 저탄소제철연구소 전기로연구그룹 , 저탄소제철연구소 전기로연구그룹 , 강동수 , 저탄소제철연구소 전기로연구그룹 , 박재훈 , (신성장)신성장기타 , 2024-04-01 , 기술축적 , 신성장분야 , 정성효과 ,0,0,0,0,0,0,0,0,0,0,0,0,0,0,  ,  ,"744,346,400",0,  ,  ,0,0, 과제종결(완료평가) 
288,20229820, 미래기술과제 , 2022P389 , 수소환원 DRI 기초 물성 평가 및 ESF(Electric Smelting Furnace) Simulator 개발 , 2022-07-18 , 2023-03-17 , 2023-03-17 ,"851,591,500","851,591,500","1,013,022,031",1,1, 미래철강연구소 수소환원제철연구그룹 ,  , 저탄소제철연구소 전기로연구그룹 , 저탄소제철연구소 전기로연구그룹 , 박상채 , 저탄소제철연구소 전기로연구그룹 , 박재훈 , (신성장)신성장기타 , 2024-03-01 , 기술축적 , 철강분야 , 정성효과 ,0,0,0,0,0,0,0,0,0,0,0,0,0,0,  ,  ,"851,591,500",0,  ,  ,0,0, 과제종결(완료평가) 
289,20229823, 현업과제 , 2022P350 , 광양 2제선 스마트 기술을 이용한 공정효율 향상 기술 개발 , 2022-06-06 , 2023-07-28 , 2023-07-28 ,"809,643,000","809,643,000","924,678,248",1,1, 공정DX연구소 제선연구그룹 ,  , 저탄소제철연구소 제선연구그룹 , 저탄소제철연구소 제선연구그룹 , 이승문 , (광양)제선부 , 손병연 , (공정)제선공정-원가절감기술 , 2023-08-01 , 기술축적 , 철강분야 , 정성효과 ,0,0,0,0,0,0,0,0,0,0,0,0,0,0,  ,  ,"809,643,000",0,  ,  ,0,0, 과제종결(완료평가) 
290,20229825, 현업과제 , 2022P388 , PosMAC Super 도금 Pot용 축수부 수명 향상 기술 개발 , 2022-08-01 , 2024-08-30 , 2025-02-05 ,"906,206,000","906,206,000","1,477,272,850",1,1, 제품연구소 표면연구그룹 ,  , 자동차소재연구소 표면연구그룹 , 자동차소재연구소 표면연구그룹 , 남경훈 , (포항)냉연부 , 조명래 , (공정)표면처리공정-생산성향상기술 , 2024-12-31 , 기술축적 , 철강분야 , 정량효과 ,"101,000,000",0,0,0,0,0,0,0,0,0,0,0,0,0, 생산성향상 ," - PosMAC Super 중장기 (’22~’25년) 판매① 확대에 따른 영업이익 증가 산출내역 : PosMAC Super 판매계획량 x 톤당 영업이익 x 기여율 = 15천톤/년 x 96천원/톤② x 7% = 101백만원/년 (’22년 기준) (※ ① ’22년 15천톤, ’23년 40천톤, ’24년 60천톤, ’25년 80천톤, ② ‘20년 PosMAC3.0 제품 영업이익) ","906,206,000","101,000,000",4,50,"404,000,000",0.45, 과제종결(완료평가) 
291,20229829, 현업과제 , 2022P378 , 동보向 친환경차 모터 Rotor shaft용 ERW Pipe 고탄소강 선도제품개발 , 2022-07-18 , 2023-09-22 , 2023-09-27 ,"424,074,700","424,074,700","495,830,516",1,1, 제품연구소 열연선재후판연구그룹 ,  , 강재연구소 열연선재연구그룹 , 강재연구소 열연선재연구그룹 , 김선미 , 열연선재마케팅실 열연판매그룹 솔루션개발섹션 , 강건우 , (제품)열연제품-선도제품개발기술 , 2024-01-01 , 철강신수요창출 , 철강분야 , 정량효과 ,0,0,"600,000,000",0,0,0,0,0,0,0,0,0,0,0, 제품개발/수입대체 ," '27년 예상 판매량 3천톤 X 합금고탄소강 평균 영업이익 200,000원/톤 = 6억원 ","424,074,700","600,000,000",4,50,"2,400,000,000",5.66, 과제종결(완료평가) 
292,20229831, 미래기술과제 , 2022P377 , 포장장 공간 제한 극복형 라벨 부착 자동화 로봇솔루션 기술 개발 , 2022-07-18 , 2023-05-26 , 2023-05-25 ,"703,387,600","703,387,600","767,126,605",1,1, 공정DX연구소 포장자동화TF팀 ,  , 공정연구소 로봇솔루션연구그룹 , 공정연구소 로봇솔루션연구그룹 , 류창우 , 공정연구소 로봇솔루션연구그룹 , 최용준 , (엔지니어링)제어계측-Smart solution기술(AI/Big Data/IoT) , 2024-06-28 , 기술축적 , 철강분야 , 정성효과 ,0,0,0,0,0,0,0,0,0,0,0,0,0,0,  ,  ,"703,387,600",0,  ,  ,0,0, 과제종결(완료평가) 
293,20229837, 미래기술과제 , 2022P387 , CO-Shift 반응기를 활용한 FINEX 유동로 환원가스 중 수소농도 증폭 기술개발 , 2022-07-18 , 2023-09-01 , 2023-09-01 ,"455,482,000","455,482,000","502,313,593",1,1, 미래철강연구소 수소환원제철연구그룹 ,  , 저탄소제철연구소 수소환원연구그룹 , 저탄소제철연구소 수소환원연구그룹 , 윤시경 , 저탄소제철연구소 수소환원연구그룹 , 이영석 , (공정)제선공정-에너지기술 , 2024-12-31 , 기술축적 , 철강분야 , 정성효과 ,0,0,0,0,0,0,0,0,0,0,0,0,0,0,  ,  ,"455,482,000",0,  ,  ,0,0, 과제종결(완료평가) 
294,20229839, 현업과제 , 2022P477 , 도금사향 저원가 365Y 원판 선도제품 개발 , 2022-11-21 , 2023-05-26 , 2023-05-24 ,"118,235,400","118,235,400","113,868,720",1,1, 미래철강연구소 차세대철강연구그룹 ,  , 강재연구소 전기전자연구그룹 , 강재연구소 전기전자연구그룹 , 김동휘 , 전기전자마케팅실 솔루션개발섹션 , 나상준 , (제품)냉연제품-선도제품개발기술 , 2024-06-03 , 철강신수요창출 , 철강분야 , 정량효과 ,0,0,"386,000,000",0,0,0,"90,000,000",0,0,0,0,0,0,0," 제품개발/수입대체,신수요창출 ", 4.76억원/년 (FH 365Y + GI 360Y) FH 365Y: 0.9억원/년 = 30천원/톤 × 3천톤/년 (개발강 Extra×판매예상량) GI 360Y: 3.86억원/년 = 81천원/톤 × 8.4천톤/년 - 28천원/톤 × 10.5천톤/년 (개발강 기대이익 - 기존소재(CGCC-N) 기대이익) ,"118,235,400","476,000,000",3,40,"1,428,000,000",12.08, 과제종결(완료평가) 
295,20229842, 미래기술과제 , 2022P435 , 소결 결합재 유효입도 향상을 위한 선택적 원료파쇄기술 개발 , 2022-09-12 , 2023-12-08 , 2023-12-11 ,"566,457,700","566,457,700","745,874,244",1,1, 미래철강연구소 차세대철강연구그룹 ,  , 공정연구소 철강엔지니어링연구그룹 , 공정연구소 철강엔지니어링연구그룹 , 정은호 , 공정연구소 철강엔지니어링연구그룹 , 황종연 , (엔지니어링)열유체-원가절감기술 , 2024-01-01 , 기술축적 , 철강분야 , 정성효과 ,0,0,0,0,0,0,0,0,0,0,0,0,0,0,  ,  ,"566,457,700",0,  ,  ,0,0, 과제종결(완료평가) 
296,20229844, 현업과제 , 2022P402 , 액화수소용 극저온 충격인성이 우수한 고강도 316LH 선도제품 개발 , 2022-08-01 , 2023-09-29 , 2023-09-20 ,"339,042,000","339,042,000","425,492,692",1,1, 제품연구소 STS연구그룹 , 미래수요개발실 , 강재연구소 STS연구그룹 , 강재연구소 STS연구그룹 , 김광민 , 스테인리스마케팅실 솔루션개발섹션 , 황영훈 , (제품)STS제품-선도제품개발기술 , 2025-01-01 , 철강신수요창출 , 철강분야 , 정성효과 ,0,0,0,0,0,0,0,0,0,0,0,0,0,0,  ,  ,"339,042,000",0,  ,  ,0,0, 과제종결(완료평가) 
297,20229846, 현업과제 , 2022P374 , 버스 프레임용 410UF 냉연 제품 양산 제조기술 정립 , 2022-07-11 , 2023-09-29 , 2023-09-22 ,"240,274,500","240,274,500","316,766,410",1,1, 제품연구소 STS연구그룹 ,  , 강재연구소 STS연구그룹 , 강재연구소 STS연구그룹 , 정일찬 , 스테인리스마케팅실 STS자동차가전판매그룹 , 이선후 , (제품)STS제품-양산제품개발기술 , 2024-01-01 , 철강신수요창출 , 철강분야 , 정량효과 ,0,0,0,0,0,0,"1,700,000,000",0,0,0,0,0,0,0, 신수요창출 ," 410UF HR재(Frame用)+CR재(Panel用) Package 판매 확대 -기대이익 17억/년 .예상 판매량 5천톤 (HR 50%, CR 50%) x 예상 수익성 365천원/톤 ※410UF 판매전망: 2천톤('24) → 3천톤('25) → 5천톤('26) ※410UF 기대이익: HR 480천원/톤, CR 200천원/톤 ","240,274,500","1,700,000,000",4,80,"6,800,000,000",28.3, 과제종결(완료평가) 
298,20229859, 미래기술과제 , 2022P423 , HyREX 공정 및 Plant Pre-Engineering 기술 개발 , 2022-08-29 , 2023-08-25 , 2023-08-24 ,"3,428,588,000","3,428,588,000","3,635,261,641",1,1, 미래철강연구소 수소환원제철연구그룹 , HyREX추진반 , 저탄소제철연구소 수소환원연구그룹 , 저탄소제철연구소 수소환원연구그룹 , 김도형 , 저탄소제철연구소 수소환원연구그룹 , 이영석 , (공정)제선공정-에너지기술 , 2025-06-30 , 기술축적 , 철강분야 , 정성효과 ,0,0,0,0,0,0,0,0,0,0,0,0,0,0,  ,  ,"3,428,588,000",0,  ,  ,0,0, 과제종결(완료평가) 
299,20229861, 현업과제 , 2022P417 , 중국 상용차 경량휠 Rim용 PO 650CP 현장적용 연구 , 2022-08-15 , 2023-07-28 , 2023-07-28 ,"306,294,900","306,294,900","444,055,329",1,1, 포스코홀딩스 ,  , 자동차소재연구소 자동차소재연구그룹 , 자동차소재연구소 자동차소재연구그룹 , 이제웅 , 자동차소재마케팅실 자동차강판수출2그룹 , 한상민 , (제품)열연제품-양산제품개발기술 , 2023-08-01 , 철강신수요창출 , 철강분야 , 정량효과 ,0,0,0,0,0,0,"76,500,000",0,0,0,0,0,0,0, 신수요창출 ," 기대이익= 예상판매량*톤당 판매가격*영억이익률 = 5천톤*765천원*2% = 76,500,000원 ","306,294,900","76,500,000",4,80,"306,000,000",1, 과제종결(완료평가) 
300,20229865, 미래기술과제 , 2022P439 , 함철부산물 처리효율 증대 설비기술 개발 , 2022-09-26 , 2023-08-11 , 2023-09-12 ,"533,363,100","533,363,100","707,795,430",1,1, 공정DX연구소 압연엔지니어링연구그룹 ,  , 공정연구소 철강엔지니어링연구그룹 , 공정연구소 철강엔지니어링연구그룹 , 조문경 , 공정연구소 철강엔지니어링연구그룹 , 황종연 , (엔지니어링)열유체-부산물기술 , 2023-12-29 , 기술축적 , 철강분야 , 정성효과 ,0,0,0,0,0,0,0,0,0,0,0,0,0,0,  ,  ,"533,363,100",0,  ,  ,0,0, 과제종결(완료평가) 
301,20229867, 미래기술과제 , 2022P393 , 협동로봇 활용 산세 실험실 무인화 기술 개발 , 2022-07-25 , 2023-05-26 , 2023-05-26 ,"388,980,800","388,980,800","396,452,389",1,1, 공정DX연구소 로봇AI연구그룹 ,  , 공정연구소 로봇솔루션연구그룹 , 공정연구소 로봇솔루션연구그룹 , 신기태 , 공정연구소 로봇솔루션연구그룹 , 최용준 , (엔지니어링)기계설비-Smart solution기술(AI/Big Data/IoT) , 2023-06-12 , 기타 , 철강분야 , 정성효과 ,0,0,0,0,0,0,0,0,0,0,0,0,0,0,  ,  ,"388,980,800",0,  ,  ,0,0, 과제종결(완료평가) 
302,20229871, 미래기술과제 , 2022P484 , 이동로봇 활용 코크스공장 사일로 Belt Conveyor 무인점검 솔루션 개발 , 2022-12-19 , 2024-01-19 , 2024-02-14 ,"265,328,500","265,328,500","280,329,741",1,1, 공정DX연구소 로봇AI연구그룹 ,  , 포스코홀딩스 , 포스코홀딩스 , 임성환 , 포스코홀딩스 , 최용준 , (엔지니어링)기계설비-Smart solution기술(AI/Big Data/IoT) , 2024-04-01 , 기술축적 , 철강분야 , 정성효과 ,0,0,0,0,0,0,0,0,0,0,0,0,0,0,  ,  ,"265,328,500",0,  ,  ,0,0, 과제종결(완료평가) 
303,20229881, 미래기술과제 , 2022P447 , 열연 석출강화강 Hybrid(물리+AI)형 재질예측 모델 개발 , 2022-10-31 , 2023-10-27 , 2023-10-30 ,"546,187,000","546,187,000","615,384,817",1,1, 기술연구원 연구기획그룹 ,  , 강재연구소 열연선재연구그룹 , 강재연구소 열연선재연구그룹 , 박경수 , 제품연구소 열연선재후판연구그룹 , 고성웅 , (공정)열연공정-불량율저감기술 , 2023-12-01 , 기술축적 , 철강분야 , 정성효과 ,0,0,0,0,0,0,0,0,0,0,0,0,0,0,  ,  ,"546,187,000",0,  ,  ,0,0, 과제종결(완료평가) 
304,20229884, 현업과제 , 2022P436 , 주조준비중 세그먼트 가이드롤 회전불량 감시 기술 개발 , 2022-09-26 , 2023-10-20 , 2023-09-26 ,"544,640,000","544,640,000","683,666,178",1,1, 공정DX연구소 압연엔지니어링연구그룹 ,  , 공정연구소 철강엔지니어링연구그룹 , 공정연구소 철강엔지니어링연구그룹 , 신민철 , (광양)제강부 , 최등모 , (엔지니어링)기계설비-생산성향상기술 , 2023-10-23 , 기타 , 철강분야 , 정량효과 ,"160,000,000",0,0,0,0,0,0,"40,000,000",0,0,0,0,0,0," 생산성향상,실수율/품질향상 "," 세그먼트 가이드롤 회전불량 감지 통해, 비계획 교체 건수 감소 및 주편 긁힌흠 방지로 2.0억/년 비용 저감 (비계획 교체 저감에 따른 생산량 증가 + 긁힌흠에 의한 Scarfing 낭비 감소 = 1.6억원/년 + 0.4억원/년 = 2 억원/년 ) . 비계획 교체 저감에 따른 생산량 증가(B-9) = 가이드롤 회전불량 사전 검출에 의한 비계획 교체 감소 건수 X 비계획 교체 1회당 감산 charge X 1 charge당 생산량 X 개선 전 단위당 고정가공비 = (-2 - -8) X 3 charge/회 X 265 t/charge X 34,107원/t = 1.6억 원/년 . 긁힌흠에 의한 Scarfing 낭비 감소(B-7) = 긁힌흠에 의한 Scarfing 부여 저감량 x 부분 Scarfing 가격 = 11,912 톤 x 3,474원/톤 = 0.4억원/년 ","544,640,000","200,000,000",4,100,"800,000,000",1.47, 과제종결(완료평가) 
305,20229888, 현업과제 , 2022P475 , 제철소 안전구축물 부식방지 세라믹코팅기술개발 , 2022-11-07 , 2023-10-27 , 2023-11-01 ,"299,764,200","299,764,200","338,083,903",1,1, 미래철강연구소 차세대철강연구그룹 ,  , 강재연구소 제강연구그룹 , 강재연구소 제강연구그룹 , 변윤기 , (광양)후판부 , 이영춘 , (철강기타)철강기타 , 2023-11-01 , 법/제도규제대응 , 철강분야 , 정량효과 ,0,0,0,"2,284,265,740",0,0,0,0,0,0,0,0,0,0, 자재수명향상 ," ※ 산출기준 : 양소 년간 재도장 면적(’22년기준) : 485,358m2(광)+524,186m2(포)=1,009,544m2 기존 재도장 단가 : 12,362원/m2 인산염세라믹(하도) 단가 적용 : 20,335원/m2 [(12,362원/m2*1,009,544m2)/2년] – [20,335원/m2 * 1,009,544m2)/6년] = 2,284,265,740원 ","318,764,200","2,284,265,740",4,70,"9,137,062,960",28.66, 과제종결(완료평가) 
306,20229890, 현업과제 , 2022P421 , 친환경차용 전기강판 열연재의 스케일 특성 규명 , 2022-08-22 , 2023-02-24 , 2023-02-09 ,"254,173,000","254,173,000","375,038,938",1,1, 미래철강연구소 차세대철강연구그룹 ,  , 자동차소재연구소 자동차소재표면연구그룹 , 자동차소재연구소 자동차소재표면연구그룹 , 김영하 , (광양)품질기술부 , 이철영 , (공정)열연공정-생산성향상기술 , 2023-03-01 , 조업/기술경영자료 , 철강분야 , 정량효과 ,0,"225,000,000,000",0,0,0,0,0,0,0,0,0,0,0,0, 원단위절감 ," ○ 산출 근거 - PCM/CAL 공정 활용시 APL/ZRM 각 1기 투자비용 절감 . 2APL 1기: 1600억원, ZRM 1기: 650억원 ","254,173,000","225,000,000,000",4,10,"900,000,000,000",3540.9, 과제종결(완료평가) 
307,20229892, 미래기술과제 , 2022P411 , HyperNO 新투자 연속압연 Line 통판성 확보를 위한 모재 및 레이저 용접부 물성 최적화 기술 개발 , 2022-08-08 , 2023-07-14 , 2023-08-02 ,"592,545,500","592,545,500","461,158,075",1,1, 솔루션연구소 강재솔루션연구그룹 ,  , 철강솔루션연구소 접합연구그룹 , 철강솔루션연구소 접합연구그룹 , 이진우 , 친환경차용NO고도화TF팀 , 박종태 , (공정)전기강판공정-제품양산기술 , 2024-07-30 , 기술축적 , 철강분야 , 정성효과 ,0,0,0,0,0,0,0,0,0,0,0,0,0,0,  ,  ,"592,545,500",0,  ,  ,0,0, 과제종결(완료평가) 
308,20229896, 현업과제 , 2022P434 ," 압연유, 방청유 입고시 화학성분 검수 분석기술개발 ", 2022-09-12 , 2023-05-26 , 2023-05-24 ,"239,534,000","239,534,000","383,239,853",1,1, 제품연구소 표면연구그룹 ,  , 자동차소재연구소 자동차소재표면연구그룹 , 자동차소재연구소 자동차소재표면연구그룹 , 이정환 , 생산기술전략실 생산기술기획그룹 , 김상윤 , (철강기타)철강기타 , 2023-11-01 , 조업/기술경영자료 , 철강분야 , 정성효과 ,0,0,0,0,0,0,0,0,0,0,0,0,0,0,  ,  ,"239,534,000",0,  ,  ,0,0, 과제종결(완료평가) 
309,20229898, 현업과제 , 2022P458 , 소형 승용차용 소화기 용기 최적 구조 설계 및 제조 기술 개발 , 2022-10-24 , 2023-06-30 , 2023-07-12 ,"132,521,400","132,521,400","143,112,569",1,1, 솔루션연구소 강재솔루션연구그룹 ,  , 철강솔루션연구소 성형연구그룹 , 철강솔루션연구소 성형연구그룹 , 박기철 , 전기전자마케팅실 솔루션개발섹션 , 나상준 , (이용)가공 , 2023-07-11 , 철강신수요창출 , 철강분야 , 정성효과 ,0,0,0,0,0,0,0,0,0,0,0,0,0,0,  ,  ,"132,521,400",0,  ,  ,0,0, 과제종결(완료평가) 
310,20229900, 현업과제 , 2022P429 , Metalsa향 상용차 Frame용 내충격성 보증 HR 1250Y PHT 선도제품 개발 , 2022-08-29 , 2023-09-01 , 2023-09-27 ,"215,273,200","215,273,200","323,225,461",1,1, 제품연구소 자동차소재연구그룹 ,  , 자동차소재연구소 자동차소재연구그룹 , 자동차소재연구소 자동차소재연구그룹 , 성환구 , 자동차소재마케팅실 자동차소재솔루션그룹 , 조용균 , (제품)열연제품-선도제품개발기술 , 2023-12-29 , 철강신수요창출 , 철강분야 , 정량효과 ,0,0,0,0,0,0,"500,000,000",0,0,0,0,0,0,0, 신수요창출 ," 예상 기대이익 = 5.0 억원/년 (산출식) = 예상 판매량 x 영업이익 = 2,500톤/년 x 200,000원/톤 = 500,000,000 원 = 5.0 억원/년 ","215,273,200","500,000,000",4,70,"2,000,000,000",9.29, 과제종결(완료평가) 
311,20229904, 현업과제 , 2022P433 , 인도 FCA향 GI 690TRIP 선도제품 개발 , 2022-08-29 , 2023-12-29 , 2023-12-28 ,"266,842,000","266,842,000","422,246,368",1,1, 제품연구소 자동차소재연구그룹 ,  , 자동차소재연구소 자동차소재연구그룹 , 자동차소재연구소 자동차소재연구그룹 , 정기택 , 자동차소재마케팅실 자동차소재솔루션그룹 , 조용균 , (제품)냉연제품-선도제품개발기술 , 2024-12-02 , 철강신수요창출 , 철강분야 , 정량효과 ,0,0,"155,000,000",0,0,0,0,0,0,0,0,0,0,0, 제품개발/수입대체 ," GI 690TRIP 예상판매량 1.55천톤/년 * 예상 엽업이익 100천톤 = 155,000,000원/년 ","326,842,000","155,000,000",4,90,"620,000,000",1.9, 과제종결(완료평가) 
312,20229906, 현업과제 , 2022P474 , 4열연 수식모델 Ensemble AI 활용 압연 온도 예측 및 제어 기술 개발 , 2022-11-21 , 2024-05-10 , 2024-05-20 ,"344,768,000","344,768,000","393,362,231",1,1, 공정DX연구소 압연엔지니어링연구그룹 ,  , 공정연구소 압연공정연구그룹 , 공정연구소 압연공정연구그룹 , 조용석 , (광양)열연부 , 최석찬 , (공정)열연공정-제품양산기술 , 2025-01-01 , 기술축적 , 철강분야 , 정량효과 ,0,0,0,0,0,0,0,"720,000,000",0,0,0,0,0,0, 실수율/품질향상 ," ○ 압연 설정모델 정도 향상에 의한 Size 및 표면 품질 개선 : 7.2 억원/년 산출식 – 두께불량/폭불량/Scale 부적합률 개선 : (개선 후 – 개선 전 수율) * 개선 후 처리량 * (제강~해당공정 변동가공비) = (0.022+0.0149+0.0056)/100 * 4,147,364 * (1,131,488-724,753) = 717,534,580 원/년 ","344,768,000","720,000,000",4,50,"2,880,000,000",8.35, 과제종결(완료평가) 
313,20229910, 현업과제 , 2022P466 , 고강도 건축구조용 강관 SNT460 제작시방서 작성 및 설계기준 제도화 , 2022-10-17 , 2023-09-29 , 2023-09-27 ,"537,864,000","537,864,000","486,046,451",1,1, 솔루션연구소 강건재솔루션연구그룹 ,  , 철강솔루션연구소 구조연구그룹 , 철강솔루션연구소 구조연구그룹 , 이호준 , 열연선재마케팅실 열연판매그룹 솔루션개발섹션 , 강건우 , (이용)강구조 , 2024-06-28 , 철강신수요창출 , 철강분야 , 정량효과 ,0,0,0,0,0,0,"600,000,000",0,0,0,0,0,0,0, 신수요창출 , SNT460 판매 6천톤/년 X 100천원/톤(영업이익) = 6.0억원/년 ,"537,864,000","600,000,000",4,100,"2,400,000,000",4.46, 과제종결(완료평가) 
314,20229911, 현업과제 , 2022P445 , 광양 2제강-2연주 공정간 연속 버블링을 위한 ATOM설비 개발 , 2022-10-03 , 2023-09-01 , 2023-08-31 ,"522,358,000","522,358,000","459,725,524",1,1, 공정DX연구소 제강연구그룹 ,  , 강재연구소 제강연구그룹 , 강재연구소 제강연구그룹 , 김성줄 , (광양)제강부 , 최등모 , (공정)제강공정-불량율저감기술 , 2023-12-29 , 기술축적 , 철강분야 , 정량효과 ,0,0,0,"1,400,000,000",0,0,0,"900,000,000",0,"6,000,000,000",0,0,0,0," 실수율/품질향상,에너지절감,자재수명향상 "," 광)2제강 전체 적용 기대효과 (83억원/년 추정) 1) 품질부적합 개선: 9억원/년 ((0.52-0.41%)/100×6백만톤/년×(14만원/톤)) 2) 2차정련 청정버블링 대체 Heat Loss최소, Lead Time단축: 60억원/년 3) PP수명향상/래들 소수리 주기 개선을 통한 수리비 절감: 14억원/년 ","2,022,358,000","8,300,000,000",4,100,"33,200,000,000",16.42, 과제종결(완료평가) 
315,20229924, 현업과제 , 2022P462 , 기가급 강재 냉간 성형 부품 양산화 솔루션 , 2022-10-24 , 2023-09-29 , 2023-09-21 ,"904,042,400","1,580,652,400","761,916,591",2,2, 솔루션연구소 자동차소재솔루션연구그룹 ,  , 철강솔루션연구소 성형연구그룹 , 철강솔루션연구소 성형연구그룹 , 박종연 , 자동차소재마케팅실 자동차소재솔루션그룹 , 조용균 , (이용)가공 , 2023-10-27 , 철강신수요창출 , 철강분야 , 정량효과 ,0,0,0,0,0,0,"734,000,000",0,0,0,0,0,0,0, 신수요창출 ," 734,000천원=(기대 판매량)1,360톤/년 x (판매가)1,500천원/톤x ('23년 상반기 르노-닛산 영업이익율) 36% 르노향 BCB, HHN Phase 2 (‘25.2Q) 기대 판매량 : 1,360톤/년 = (MBR-Side RR 6kg/대 + Lower Arm TV Link 4.5kg/대) x (르노코리아 10만대/년 + 르노 25만대x점유 10%) ","904,042,400","734,000,000",4,10,"2,936,000,000",3.25, 과제종결(완료평가) 
316,20229926, 현업과제 , 2022P483 , PosMAC용 압연부하저감형 TS490/540급 강재 개발 , 2022-12-12 , 2023-12-08 , 2023-12-08 ,"420,210,850","420,210,850","484,399,869",1,1, (포항)전력용전기강판프로젝트팀 ,  , 강재연구소 전기전자연구그룹 , 강재연구소 열연선재연구그룹 , 이병갑 , (포항)품질기술부 , 이재기 , (제품)냉연제품-품질개선기술 , 2024-01-01 , 철강신수요창출 , 철강분야 , 정량효과 ,"592,200,000",0,0,0,0,0,0,"155,610,000",0,0,0,0,0,0," 생산성향상,실수율/품질향상 "," ○ 정량적 이익 (기대이익 혹은 실현이익): TS540 압연부하저감 재무효과 : 748백만원/년 (1) Scale 저감 재무효과 : (개선전 HGI, PosMAC Scale 부적합률 - 개선후 HGI, PosMAC Scale 부적합률) / 100 x (TS490/540급 HGI, PosMAC 생산량) x (PosMAC, HGI 판매가 - Scrap가) = (0.39 - 0.2) / 100 x 130,000톤/년 x (1,350,000 – 720,000) = 155,610,000원/년 (2) 열연 Roll 단위제약 해소 : 열연 압연단위 제약 해소량* x (PosMAC HGI 영업이익 - HR 일반재 영업이익) * 기여율 = 25,200 톤/년 x 47,000원/톤 * 0.5 = 592,200,000원/년 *압연단위 제약 해소량 : CGL Roll 단위수 x 추가편성가능매수 x 평균단중 x 가중치 : 560 x 6 x 25 총 재무효과 748백만원/년 ","570,210,850","747,810,000",4,50,"2,991,240,000",5.25, 과제종결(완료평가) 
317,20229928, 미래기술과제 , 2022P478 , HB500급 고경도 고인성강 산업기계 및 방산분야 적용성 확대를 위한 이용기술 개발 , 2022-12-19 , 2023-12-15 , 2023-12-13 ,"459,218,600","459,218,600","391,060,636",1,1, 솔루션연구소 강재솔루션연구그룹 ,  , 철강솔루션연구소 접합연구그룹 , 철강솔루션연구소 접합연구그룹 , 김상훈 , 철강솔루션연구소 접합연구그룹 , 정보영 , (이용)접합 , 2024-01-01 , 기술축적 , 철강분야 , 정량효과 ,0,0,0,0,0,0,"6,000,000,000",0,0,0,0,0,0,0, 신수요창출 ," 년간기대이익 산출내역 (단위:천원) - 영업이익(3,000천원/톤) x 예상 판매량(2천톤/년) = 60억/년 ","459,218,600","6,000,000,000",4,50,"24,000,000,000",52.26, 과제종결(완료평가) 
318,20229930, 현업과제 , 2022P480 , 조건불리 토양에서 식생 성장향상을 위한 내해수강 관수시스템 실증 , 2022-12-05 , 2024-01-26 , 2024-01-29 ,"470,347,000","470,347,000","442,434,773",1,1, 솔루션연구소 강건재솔루션연구그룹 ,  , 철강솔루션연구소 구조연구그룹 , 철강솔루션연구소 구조연구그룹 , 이종구 , 열연선재마케팅실 열연판매그룹 솔루션개발섹션 , 양정윤 , (이용)강구조 , 2024-07-31 , 기업이미지제고 , 철강분야 , 정량효과 ,0,0,0,0,0,0,"150,000,000",0,0,0,0,0,0,0, 신수요창출 ," Poseidon500 1,000톤/년 x 150,000원/톤(영업이익) = 150,000,000원/년 ","470,347,000","150,000,000",4,100,"600,000,000",1.28, 과제종결(완료평가) 
319,20229934, 현업과제 , 2022P479 , 인발강관사 열처리 및 산세공정 최적화 기술 개발 , 2022-12-05 , 2023-11-24 , 2023-11-23 ,"334,043,300","334,043,300","419,094,415",1,1, 공정DX연구소 로봇AI연구그룹 ,  , 공정연구소 제어계측연구그룹 , 공정연구소 제어계측연구그룹 , 박형국 , 열연선재마케팅실 열연판매그룹 솔루션개발섹션 , 강건우 , (이용)가공 , 2024-01-01 , 고객기술지원 , 철강분야 , 정량효과 ,0,0,0,0,0,0,"250,000,000",0,0,0,0,0,0,0, 신수요창출 ," 1. 인발강관용 열연재 판매량 증대 (2.5억원/년) - 톤당영엽이익 (80천원/톤) * 연간판매량 (40천톤) * 판매량 상승분 (8%) = 256,000천원/년 ","334,043,300","250,000,000",4,80,"1,000,000,000",2.99, 과제종결(완료평가) 
320,20229938, 현업과제 , 2022P451 , 자동차 보강재용 CR/EG 1.7GPa급 PosMART강 시장선도 제품개발 , 2022-10-10 , 2023-12-29 , 2023-12-28 ,"675,456,600","675,456,600","1,037,845,477",1,1, (광양)GigaSteel프로젝트팀 ,  , 자동차소재연구소 자동차소재연구그룹 , 자동차소재연구소 자동차소재연구그룹 , 공종판 , 자동차소재마케팅실 자동차소재솔루션그룹 , 조용균 , (제품)냉연제품-선도제품개발기술 , 2024-01-08 , 기술축적 , 철강분야 , 정성효과 ,0,0,0,0,0,0,0,0,0,0,0,0,0,0,  ,  ,"675,456,600",0,  ,  ,0,0, 과제종결(완료평가) 
321,20229949, 미래기술과제 , 2022P501 , STS 3HAPL 미산세 잔류 Scale 결함 검출을 위한 SDD 기술 개발 , 2022-12-26 , 2024-04-26 , 2024-05-16 ,"462,420,000","462,420,000","521,709,303",1,1, 공정DX연구소 로봇AI연구그룹 ,  , 공정연구소 제어계측연구그룹 , 공정연구소 제어계측연구그룹 , 정창기 , 공정연구소 제어계측연구그룹 , 김기원 , (공정)STS공정-불량율저감기술 , 2024-06-10 , 기술축적 , 철강분야 , 정량효과 ,0,0,0,0,0,0,0,"101,000,000",0,0,0,0,0,0, 실수율/품질향상 ," ['23년 실적 기준] ○ 3HAP 미산세 발생량: 2.5천톤 ○ 3HAP 변동비: 40,544원/톤 ○ 재무효과: 미산세 발생량 × 변동비 = 101백만원 ","655,319,000","101,000,000",4,100,"404,000,000",0.62, 과제종결(완료평가) 
322,20229951, 미래기술과제 , 2022P465 , 친환경차 구동모터용 20PNX1100F 미래선도제품 개발 , 2022-10-31 , 2023-08-25 , 2023-08-25 ,"362,781,600","362,781,600","399,655,751",1,1, (광양)HyperNO프로젝트팀 ,  , 강재연구소 전기전자연구그룹 , 강재연구소 전기전자연구그룹 , 박준수 , 제품연구소 냉연도금연구그룹 , 주형돈 , (제품)전기강판제품-선도제품개발기술 , 2024-01-01 , 철강신수요창출 , 철강분야 , 정성효과 ,0,0,0,0,0,0,0,0,0,0,0,0,0,0,  ,  ,"362,781,600",0,  ,  ,0,0, 과제종결(완료평가) 
323,20229953, 미래기술과제 , 2022P461 , 차세대 PNX 제품의 열연 요소 기술 개발 , 2022-10-31 , 2023-08-25 , 2023-08-25 ,"380,954,520","380,954,520","463,413,777",1,1, 제품연구소 냉연도금연구그룹 ,  , 강재연구소 열연선재연구그룹 , 강재연구소 전기전자연구그룹 , 박준학 , 제품연구소 냉연도금연구그룹 , 주형돈 , (제품)전기강판제품-선도제품개발기술 , 2023-09-01 , 기술축적 , 철강분야 , 정성효과 ,0,0,0,0,0,0,0,0,0,0,0,0,0,0,  ,  ,"380,954,520",0,  ,  ,0,0, 과제종결(완료평가) 
324,20229959, 현업과제 , 2022P467 , 光.HCGL GI(H) Spray Type 친환경 Cr3+ 용액개발 , 2022-10-31 , 2024-03-15 , 2024-04-08 ,"274,229,200","274,229,200","437,656,126",1,1, (포항)신재생에너지용PosMAC프로젝트팀 ,  , 자동차소재연구소 자동차소재표면연구그룹 , 자동차소재연구소 자동차소재표면연구그룹 , 조수현 , 생산기술전략실 생산기술기획그룹 , 김상윤 , (제품)표면처리제품-양산제품개발기술 , 2024-12-31 , 법/제도규제대응 , 철강분야 , 정성효과 ,0,0,0,0,0,0,0,0,0,0,0,0,0,0,  ,  ,"274,229,200",0,  ,  ,0,0, 과제종결(완료평가) 
325,20229963, 현업과제 , 2022P488 , GI/GA 980GEN3강 공정생략 1회소둔 기술 개발 , 2022-12-05 , 2023-09-29 , 2023-10-23 ,"236,130,500","236,130,500","325,972,582",1,1, 제품연구소 자동차소재연구그룹 , 기술연구원 연구기획그룹 , 자동차소재연구소 자동차소재연구그룹 , 자동차소재연구소 자동차소재연구그룹 , 조원태 , (광양)품질기술부 , 이철영 , (공정)냉연공정-원가절감기술 , 2024-07-01 , 기술축적 , 철강분야 , 정량효과 ,0,"159,887,500",0,0,0,0,0,0,0,0,0,0,0,0, 원단위절감 ," - GA 980GEN3강 닛산향 '21년 판매량 (2500톤) x '21년 2CAL 냉연가공비 (63,955원/톤) = 159,887,500 원/년 ※ 현재 도금재의 2회소둔은 1차소둔 CAL + 2차소둔 CGL 로써, 공정단축시 CAL 소둔비용이 절감됨 ※ 현재 GA 980GEN3 현대차기아향 인증완료 및 GI 980GEN3 GM향 인증완료 되어 23년 이후 향후 판매량은 증가될 전망임 ","236,130,500","159,887,500",4,80,"639,550,000",2.71, 과제종결(완료평가) 
326,20229965, 현업과제 , 2022P498 , MDH 세그먼트 롤회전불량 저감기술 개발 , 2022-12-26 , 2023-12-22 , 2023-12-29 ,"840,414,080","840,414,080","1,053,705,256",1,1, 공정DX연구소 압연엔지니어링연구그룹 ,  , 공정연구소 철강엔지니어링연구그룹 , 공정연구소 철강엔지니어링연구그룹 , 이혁준 , (광양)제강부 , 최등모 , (엔지니어링)기계설비-생산성향상기술 , 2024-01-01 , 기술축적 , 철강분야 , 정량효과 ,"210,000,000",0,0,"936,000,000",0,0,0,"40,000,000",0,0,0,0,0,0," 생산성향상,실수율/품질향상,자재수명향상 "," ○ 정량적 기대효과: 기대효과: 11.86억 원/년 (1-1, 2-2 연주기) - 정비비 절감 ⓐ 교체 비용 감소: 세그먼트 교체 비용 50만원/건 * 롤회전불량에 따른 교체 건수 57건/년 * 수명 증대 67% = 0.19억 원/년 (B-8) ⓑ 수리 비용 감소: 세그먼트 수리 비용 2,400만원/건 * 롤회전불량에 따른 교체 건수 57건/년 * 수명 증대 67% = 9.17억 원/년 (B-8) - 조업비용 절감 ⓐ 회전불량에 따른 비계획 돌발교체 비용(감산) : 비계획 교체에 따른 감산 3 ch/회 * 감산 비용 0.14억/ch * 비계획 교체 5건/년 = 2.10억 원/년 (B-9) ⓑ 회전불량에 의한 주편 긁힌흠 처리 비용: Scarfing 양: 0.4억 원/년(21년도 실적) (B-6) ","840,414,080","1,186,000,000",4,50,"4,744,000,000",5.64, 과제종결(완료평가) 
327,20229967, 현업과제 , 2022P497 , K23 전기강판용 EMS 세그먼트 설계기술 개발 , 2022-12-26 , 2023-12-01 , 2023-12-29 ,"633,508,680","633,508,680","944,521,467",1,1, 공정DX연구소 압연엔지니어링연구그룹 ,  , 공정연구소 철강엔지니어링연구그룹 , 공정연구소 철강엔지니어링연구그룹 , 신민철 , (광양)제강부 , 최등모 , (공정)제강공정-원가절감기술 , 2023-12-31 , 기타 , 철강분야 , 정량효과 ,"173,000,000",0,0,"334,000,000",0,0,0,0,0,0,0,0,0,0," 생산성향상,자재수명향상 "," ⓐ 생산량 증가(B-9, (개선 후 – 개선 전 생산량) X 개선 전 단위당 고정비) : 소구경 롤 개발 실패로 인한, Roll geometry 불량으로 MLH 심화되어 중탄강 0.4 m/min 감속 발생 - 감속으로 인한 손실 시간 / 총 시간 * 년간 생산량 X 고정비 = 중탄강 생산 점유비율(29%) * 총 시간 * 중탄강 감속 비율(감속주속/기준주속) / 총 시간 * 년간 생산량 X 고정비 = 0.29 X 0.4 / 1.6 * 200만 톤/년 X 8,681 원/톤 * 기여율 = 8.5 * 10% = 1.26억 원/년 ⓑ 고정가공비 금액 절감(B-8, 개선 전 해당 비용-개선 후 해당비용): SWA 기인 비계획 교체 건수 감소로 정비비 절감 = SWA기인 비계획 교체 건수 X 세그먼트 정비비 = 4회 / 년 * 83,666천 원 / 회 = 3.34억 원/년 ⓒ 생산량 증가(B-9, (개선 후 – 개선 전 생산량) X 개선 전 단위당 고정비): SWA 기인 비계획 교체 건수 감소로 생산량 증대 = SWA기인 비계획 교체 건수 X 세그먼트 교체 시간 X 시간 당 생산량 X 고정비 = 4 회/년 X 3 hr/회 X 450 t/hr X 8,681 원/톤 = 0.47억 원/년 ⓐ + ⓑ + ⓒ = 1.26 + 3.34 + 0.47 = 5.07억 원/년 ","633,508,680","507,000,000",4,100,"2,028,000,000",3.2, 과제종결(완료평가) 
328,20229969, 미래기술과제 , 2022P203 , 제강공정 난제거 성분 정련 요소기술 개발 , 2022-02-07 , 2023-01-27 , 2023-01-26 ,"508,433,400","508,433,400","480,220,549",1,1, 공정DX연구소 제강연구그룹 , (광양)전기로사업추진반 기술개발섹션 , 강재연구소 제강연구그룹 , 강재연구소 제강연구그룹 , 박정호 , 공정DX연구소 제강연구그룹 , 서성모 , (공정)제강공정-제품양산기술 , 2027-01-01 , 기술축적 , 철강분야 , 정성효과 ,0,0,0,0,0,0,0,0,0,0,0,0,0,0,  ,  ,"508,433,400",0,  ,  ,0,0, 과제종결(완료평가) 
329,20239011, 현업과제 , 2023P310 , 플럭스 내 Li2O 하향을 통한 저원가 몰드 플럭스 개발 , 2023-07-03 , 2024-09-13 , 2024-09-02 ,"386,874,900","386,874,900","449,552,678",1,1, 공정DX연구소 제강연구그룹 ,  , 강재연구소 제강연구그룹 , 강재연구소 제강연구그룹 , 박민석 , (광양)제강부 , 최등모 , (공정)제강공정-원가절감기술 , 2024-10-01 , 기술축적 , 철강분야 , 정량효과 ,0,"2,080,485,000",0,0,0,0,0,0,0,0,0,0,0,0, 원단위절감 ," - KJ4: 원가절감액(2,634-1,545)원/kg X 1,120,000kg = 12.2억/년 - NV7: 원가절감액(1,955-1,438)원/kg X 1,665,000kg = 8.6억/년 → 년간 20.8억 원가 절감 가능 ","386,874,900","2,080,485,000",4,50,"8,321,940,000",21.51, 과제종결(완료평가) 
330,20239015, 현업과제 , 2023P087 , 토요타외 6사향 AHSS의 Spot용접 및 계면성능 Self 인증평가 기술 개발 , 2023-01-02 , 2023-09-29 , 2023-09-21 ,"753,405,000","753,405,000","1,350,333,100",1,1, 솔루션연구소 제품승인평가섹션 ,  , 철강솔루션연구소 제품인증평가섹션 , 철강솔루션연구소 제품인증평가섹션 , 우인수 , 자동차소재마케팅실 자동차소재솔루션그룹 , 조용균 , (이용)접합 , 2023-12-29 , 철강신수요창출 , 철강분야 , 정량효과 ,0,"1,800,000,000",0,0,0,0,"672,000,000",0,0,0,0,0,0,0," 원단위절감,신수요창출 "," - CR/EG11470MART강 예상 판매량 11,000톤/년 * 기대수익 185,000원/톤 *기여율 0.33 = 6.72억원 - 해외 위탁시험 절감 60규격*30,000,000원 = 18억*기여율 1.0 =18억원 ","753,405,000","2,472,000,000",4,100,"9,888,000,000",13.12, 과제종결(완료평가) 
331,20239017, 현업과제 , 2023P101 , 소결기 통합자동제어 활용성 증대 및 영상AI활용 장입편차 저감 , 2023-01-09 , 2023-09-29 , 2023-10-04 ,"652,423,000","652,423,000","637,411,543",1,1, POSCO-Western Australia(서호주) ,  , 저탄소제철연구소 제선연구그룹 , 저탄소제철연구소 제선연구그룹 , 전지원 , (광양)제선부 , 손병연 , (공정)제선공정-생산성향상기술 , 2023-10-31 , 기술축적 , 철강분야 , 정량효과 ,"870,000,000",0,0,0,0,0,0,0,0,0,0,0,0,0, 생산성향상 ," 1. 산출식 생산성 증가 x 소결 고정비 x 광양 1소결 화상면적 x 가동률 x 역일수 2. 기대효과 - 생산성 개선 = 0.5 t/m2/d(생산성 증가) x 11,011원/t-s(소결 고정비, ‘20년 기준) x 450 m2(광양 1소결 화상면적) x 95.84%(가동률) x 365일(역일수) 3. 총기대이익 - 8.7억원/년 ","652,423,000","870,000,000",4,40,"3,480,000,000",5.33, 과제종결(완료평가) 
332,20239019, 현업과제 , 2023P249 , 기가스틸/MM 적용 고객사 배터리팩의 원가절감/경량화 솔루션 개발 , 2023-04-03 , 2024-06-21 , 2024-06-17 ,"1,048,914,000","1,048,914,000","876,403,136",1,1, 솔루션연구소 자동차소재솔루션연구그룹 ,  , 철강솔루션연구소 성형연구그룹 , 철강솔루션연구소 성형연구그룹 , 위상권 , 자동차소재마케팅실 자동차소재솔루션그룹 , 조용균 , (이용)가공 , 2024-12-31 , 고객기술지원 , 철강분야 , 정성효과 ,0,0,0,0,0,0,0,0,0,0,0,0,0,0,  ,  ,"1,048,914,000",0,  ,  ,0,0, 과제종결(완료평가) 
333,20239020, 미래기술과제 , 2023P008 , 스프링백유형별 최적 스마트금형 제어기구 개발 , 2023-01-02 , 2023-12-29 , 2023-12-21 ,"1,077,294,500","1,077,294,500","815,658,761",1,1, 솔루션연구소 자동차소재솔루션연구그룹 ,  , 철강솔루션연구소 성형연구그룹 , 철강솔루션연구소 성형연구그룹 , 김태효 , 철강솔루션연구소 성형연구그룹 , 정기석 , (이용)가공 , 2024-03-29 , 고객기술지원 , 철강분야 , 정성효과 ,0,0,0,0,0,0,0,0,0,0,0,0,0,0,  ,  ,"1,077,294,500",0,  ,  ,0,0, 과제종결(완료평가) 
334,20239022, 미래기술과제 , 2023P219 , 1.0t/hr급 시험용 ESF 설치 및 공정 설계 기술 개발 (2/2) , 2023-03-27 , 2024-04-19 , 2024-04-19 ,"858,851,300","858,851,300","928,404,515",1,1, 미래철강연구소 수소환원제철연구그룹 ,  , 저탄소제철연구소 전기로연구그룹 , 저탄소제철연구소 전기로연구그룹 , 이상범 , 저탄소제철연구소 전기로연구그룹 , 박재훈 , (신성장)신성장기타 , 2024-06-03 , 기술축적 , 신성장분야 , 정성효과 ,0,0,0,0,0,0,0,0,0,0,0,0,0,0,  ,  ,"858,851,300",0,  ,  ,0,0, 과제종결(완료평가) 
335,20239023, 미래기술과제 , 2023P224 , 수소환원 DRI 용해용 ESF조업 최적화를 위한 자소성전극봉 기초기술개발 (2/2) , 2023-03-27 , 2024-02-23 , 2024-02-23 ,"1,578,202,500","1,578,202,500","1,618,013,619",1,1, 미래철강연구소 수소환원제철연구그룹 ,  , 저탄소제철연구소 전기로연구그룹 , 저탄소제철연구소 전기로연구그룹 , 강동수 , 저탄소제철연구소 전기로연구그룹 , 박재훈 , (신성장)신성장기타 , 2024-04-01 , 기술축적 , 신성장분야 , 정성효과 ,0,0,0,0,0,0,0,0,0,0,0,0,0,0,  ,  ,"1,578,202,500",0,  ,  ,0,0, 과제종결(완료평가) 
336,20239024, 미래기술과제 , 2023P220 , 수소환원 DRI 기초 물성 평가 및 ESF(Electric Smelting Furnace) Simulator 개발 (2/2) , 2023-03-27 , 2024-03-22 , 2024-03-22 ,"738,933,400","738,933,400","630,196,850",1,1, 미래철강연구소 수소환원제철연구그룹 ,  , 저탄소제철연구소 전기로연구그룹 , 저탄소제철연구소 전기로연구그룹 , 박상채 , 저탄소제철연구소 전기로연구그룹 , 박재훈 , (신성장)신성장기타 , 2024-04-01 , 기술축적 , 신성장분야 , 정성효과 ,0,0,0,0,0,0,0,0,0,0,0,0,0,0,  ,  ,"738,933,400",0,  ,  ,0,0, 과제종결(완료평가) 
337,20239026, 미래기술과제 , 2023P157 , 치수정밀도 향상을 위한 폼성형 부품의 설계 자동화 기술 개발 , 2023-02-06 , 2024-02-02 , 2024-01-31 ,"958,594,000","958,594,000","673,652,710",1,1, 솔루션연구소 자동차소재솔루션연구그룹 ,  , 철강솔루션연구소 성형연구그룹 , 철강솔루션연구소 성형연구그룹 , 이석렬 , 철강솔루션연구소 성형연구그룹 , 정기석 , (이용)가공 , 2024-02-05 , 고객기술지원 , 철강분야 , 정성효과 ,0,0,0,0,0,0,0,0,0,0,0,0,0,0,  ,  ,"958,594,000",0,  ,  ,0,0, 과제종결(완료평가) 
338,20239028, 현업과제 , 2023P137 , PosMAC 태양광 구조물 단면부식 수명예측 기술 개발 (2/2) , 2023-01-23 , 2023-11-24 , 2023-11-21 ,"707,060,600","1,529,127,000","530,330,218",2,2, RIST ,  , 철강솔루션연구소 성능연구그룹 , 철강솔루션연구소 성능연구그룹 , 양지훈 , 에너지조선마케팅실 친환경에너지소재판매그룹 , 이동은 , (이용)강재성능 , 2024-01-31 , 고객기술지원 , 철강분야 , 정량효과 ,0,0,0,0,0,0,"1,600,000,000",0,0,0,0,0,0,0, 신수요창출 ," 16,000톤/년(예상판매량)*100천원/톤(영업이익) ","707,060,600","1,600,000,000",4,50,"6,400,000,000",9.05, 과제종결(완료평가) 
339,20239030, 현업과제 , 2023P093 , SHAPE向 Truck Frame용 PO 1470MART강 시장선도 제품 개발 , 2023-01-09 , 2023-12-29 , 2023-12-21 ,"623,943,000","623,943,000","781,503,813",1,1, 제품연구소 자동차소재연구그룹 ,  , 자동차소재연구소 자동차소재연구그룹 , 자동차소재연구소 자동차소재연구그룹 , 이일철 , 자동차소재마케팅실 자동차소재솔루션그룹 , 조용균 , (제품)열연제품-선도제품개발기술 , 2024-06-15 , 철강신수요창출 , 철강분야 , 정량효과 ,0,0,"340,000,000",0,0,0,0,0,0,0,0,0,0,0, 제품개발/수입대체 ," (예상수요 1,400톤/년 x 예상판매가격 약 1,200,000원/ton x 예상영업이익률 20%) ","623,943,000","340,000,000",4,80,"1,360,000,000",2.18, 과제종결(완료평가) 
340,20239031, 현업과제 , 2023P150 , 5고로 노체 냉각반 leak 조기 감지 기술 개발 , 2023-01-02 , 2023-09-29 , 2023-10-04 ,"652,430,700","652,430,700","627,539,176",1,1, 공정DX연구소 제선연구그룹 ,  , 저탄소제철연구소 제선연구그룹 , 저탄소제철연구소 제선연구그룹 , 김주훈 , (광양)제선부 , 손병연 , (공정)제선공정-원가절감기술 , 2023-10-01 , 기술축적 , 철강분야 , 정량효과 ,0,"54,040,000,000",0,0,0,0,0,0,0,0,0,0,0,0, 원단위절감 ," (1) 냉각반 파손시 즉교체 및 분리급수통한 환원제비 저감 [환원제비 개선* x (’23년 목표 출선량) x (환원제 평균단가)] = 29.7kg/t-p ÷ 1,000kg/t x 4,050,700 t-p x 512,616원/ton = 616.7억원 * (광)5고로 냉각반 모니터링 시스템 가동 이후 환원제비 개선 실적 적용 (‘23.1~8월) 509.4kg/t-p → (‘23.9월) 479.7kg/t-p, △ 29.7kg/t-p 저감 (2) CO2 감축분 : {(환원제비 개선 29.7kg÷ 1,000kg/t × Coke배출계수 3.18CO2/t × 출선량 4,050,700t-p/년 + 화성 Coke생산량 감소 영향*} = 382,572.4t-CO2 * ’21.6월 CO2 배출권 단가: 15,000원 * CO2 감축분×’21년 6월 CO2 배출권 단가 =57.3억원 (3) 환원제비 저감에 의한 BFG 발생량 감소 BFG발생량 : (환원제비 개선) × BFG 환산 × 출선량 x BFG단가 = 29.7kg/t-p x 3.2N㎥/kg x 4,050,700t-p/년 × 34.7원/N㎥ = 133.6억원 산출 계산식 : (1)+(2)-(3) ","3,627,430,700","54,040,000,000",2,10,"108,080,000,000",29.8, 과제종결(완료평가) 
341,20239032, 미래기술과제 , 2023P350 , 전기차 전/후방 충돌 대응 철강 부품화 솔루션 개발 및 실증 (1/2) , 2023-07-31 , 2024-03-29 , 2024-03-25 ,"728,149,900","1,112,201,820","577,333,421",2,1, 솔루션연구소 자동차소재솔루션연구그룹 ,  , 철강솔루션연구소 성형연구그룹 , 철강솔루션연구소 성형연구그룹 , 이규민 , 철강솔루션연구소 성형연구그룹 , 정기석 , (이용)가공 , 2025-04-30 , 철강신수요창출 , 철강분야 , 정성효과 ,0,0,0,0,0,0,0,0,0,0,0,0,0,0,  ,  ,"728,149,900",0,  ,  ,0,0, 과제종결(단계완료평가) 
342,20239034, 현업과제 , 2023P100 , STS300계 강종 Slab Edge 저감을 위한 Convex 몰드 기술 개발 , 2023-01-02 , 2023-12-29 , 2023-12-28 ,"581,988,700","581,988,700","436,774,239",1,1, 공정DX연구소 제강연구그룹 ,  , 강재연구소 제강연구그룹 , 강재연구소 제강연구그룹 , 이형준 , (포항)STS제강부 , 조용석 , (공정)제강공정-원가절감기술 , 2024-03-01 , 기술축적 , 철강분야 , 정량효과 ,0,0,0,0,0,0,0,"537,169,420",0,0,0,0,0,0, 실수율/품질향상 ," ① 부적합량 개선 관련(''2,3제강 부적합률 21년 0.08 → 0.05%, 약 40% 개선) - '21년 2,3제강 냉연재 생산량 : 488,322톤 - 주문외 감가율 : 20% - 300계 냉연재 판매단가 : 3,598,842원/톤 ② 후판 폭여유치 개선(폭여유치 20mm 개선 시, 현재에서 40% 개선 가정) - 2제강 200t 생산량 '21년 62,979톤(304L 47,203톤, 316L 8,361톤) '22년 51,214톤(304L 37,029톤, 316L 7,443톤) - Slab Edge 20mm 개선으로 폭여유치 20mm개선 시 설계 실수율 약 0.82% 개선 가능 - STS후판 제조원가 - Scrap가 = 304L : 903,732원/톤 316L : 1,194,908원/톤 [ 계산 ] : 0.82 * 0.01 * 47,203톤 * 903,732원/톤 + 0.82 * 0.01 * 8,361톤 * 1,194,908원/톤 = 431,725,797원 ■ 총 합계 : 537,169,420 (5.4억원) ","581,988,700","537,169,420",4,100,"2,148,677,680",3.69, 과제종결(완료평가) 
343,20239036, 미래기술과제 , 2023P391 , 23PHD080 강재의 변압기 소음 인자 도출 및 소음 저감 기술 개발 , 2023-10-02 , 2024-09-27 , 2024-08-30 ,"588,866,800","588,866,800","464,509,078",1,1, 솔루션연구소 강재솔루션연구그룹 ,  , 철강솔루션연구소 성능연구그룹 , 철강솔루션연구소 성능연구그룹 , 심호경 , 철강솔루션연구소 성능연구그룹 , 정용균 , (이용)강재성능 , 2024-10-31 , 고객기술지원 , 철강분야 , 정성효과 ,0,0,0,0,0,0,0,0,0,0,0,0,0,0,  ,  ,"588,866,800",0,  ,  ,0,0, 과제종결(완료평가) 
344,20239038, 현업과제 , 2023P194 , Duplex STS 적용 해상 태양광 발전 고유모델의 실증을 통한 성능평가 , 2023-03-06 , 2024-04-26 , 2024-05-03 ,"567,337,800","567,337,800","437,537,809",1,1, 솔루션연구소 강재솔루션연구그룹 ,  , 철강솔루션연구소 성능연구그룹 , 철강솔루션연구소 성능연구그룹 , 이계만 , 스테인리스마케팅실 솔루션개발섹션 , 황영훈 , (이용)강재성능 , 2024-07-01 , 철강신수요창출 , 철강분야 , 정량효과 ,0,0,0,0,0,0,"7,950,000,000",0,0,0,0,0,0,0, 신수요창출 ," 79.5억원/年 = 신수요 개발 92.4천톤/年 x 329J3L 영업이익 430천원/톤 x 시장점유율 20% (수요 1.0GW/年, 소요량 92.4톤/MW) ","567,337,800","7,950,000,000",4,50,"31,800,000,000",56.05, 과제종결(완료평가) 
345,20239039, 현업과제 , 2023P353 , 광양 3소결 장입부 영상 AI 분석을 통한 소결기 통합자동제어 기술 , 2023-07-24 , 2024-10-18 , 2024-10-19 ,"1,167,741,200","1,167,741,200","1,251,162,301",1,1, 공정DX연구소 제선연구그룹 ,  , 저탄소제철연구소 제선연구그룹 , 저탄소제철연구소 제선연구그룹 , 지윤경 , (광양)제선부 , 손병연 , (공정)제선공정-생산성향상기술 , 2024-11-04 , 기술축적 , 철강분야 , 정량효과 ,"920,000,000",0,0,0,0,0,0,0,0,0,0,0,0,0, 생산성향상 ," 생산성 0.5t/m2/d * '22년기준 소결 고정비 11,011원/t-s *광양 3소결 화상면적 470.25m2 * 가동율 97.1% * 365일 = 9.2억원/년 ","1,167,741,200","920,000,000",4,80,"3,680,000,000",3.15, 과제종결(완료평가) 
346,20239040, 현업과제 , 2023P057 , 몰드 내 용강유동 Digital Twin 구축 및 주편 결함예측 정합성 향상 기술 , 2023-01-02 , 2023-12-29 , 2024-01-05 ,"1,673,991,381","1,673,991,381","1,242,657,982",1,1, 공정DX연구소 제강연구그룹 ,  , 강재연구소 제강연구그룹 , 강재연구소 제강연구그룹 , 조현진 , (광양)제강부 , 최등모 , (공정)열연공정-불량율저감기술 , 2024-01-01 , 기술축적 , 철강분야 , 정량효과 ,0,0,0,0,0,0,0,"16,191,147,748",0,0,0,0,0,0, 실수율/품질향상 ," 광양소 5기 연주기 대상 결함예측 모델 기반 스카핑 해제로 실수율 향상 및 가열로 원단위 저감 = 설계재 3등급 이하재 물량 994,115톤 * 모델 기반 정상예측 비율 70% * 톤당 재무효과 16,287원/톤 ","1,912,991,381","16,191,147,748",4,80,"64,764,590,992",33.86, 과제종결(완료평가) 
347,20239041, 미래기술과제 , 2023P305 , 주편 내 개재물 종류 및 위치에 따른 표면결함 발현 규명 , 2023-06-12 , 2024-08-30 , 2024-08-29 ,"625,208,500","625,208,500","728,410,458",1,1, 공정DX연구소 제강연구그룹 ,  , 강재연구소 제강연구그룹 , 강재연구소 제강연구그룹 , 손일헌 , 공정DX연구소 제강연구그룹 , 서성모 , (공정)열연공정-불량율저감기술 , 2025-01-01 , 기술축적 , 철강분야 , 정성효과 ,0,0,0,0,0,0,0,0,0,0,0,0,0,0,  ,  ,"625,208,500",0,  ,  ,0,0, 과제종결(완료평가) 
348,20239044, 현업과제 , 2023P056 , HPF 공정이력 적용 Al550/1000/1500H 고객요청 고온해석 물성평가 기술개발 및 D/B구축 (1/2) , 2023-01-02 , 2023-12-29 , 2023-12-28 ,"983,429,000","1,967,912,000","784,256,004",2,1, (광양)GigaSteel프로젝트팀 ,  , 철강솔루션연구소 성형연구그룹 , 철강솔루션연구소 성형연구그룹 , 손현성 , 자동차소재마케팅실 친환경차그룹 , 김창묵 , (이용)가공 , 2025-06-30 , 고객기술지원 , 철강분야 , 정성효과 ,0,0,0,0,0,0,0,0,0,0,0,0,0,0,  ,  ,"983,429,000",0,  ,  ,0,0, 과제종결(단계완료평가) 
349,20239045, 현업과제 , 2023P184 , 1.4GPa급 자동차용 고강도볼트 피로수명 향상 기술 개발 , 2023-02-27 , 2023-12-29 , 2023-12-28 ,"442,637,500","442,637,500","299,223,096",1,1, 솔루션연구소 제품승인평가섹션 ,  , 철강솔루션연구소 성능연구그룹 , 철강솔루션연구소 성능연구그룹 , 김동완 , 열연선재마케팅실 선재판매그룹 솔루션개발섹션 , 박병주 , (이용)강재성능 , 2024-02-01 , 철강신수요창출 , 철강분야 , 정량효과 ,0,0,"600,000,000",0,0,0,0,0,0,0,0,0,0,0, 제품개발/수입대체 ," 톤당 기대이익 x 년간 판매량 302천원/톤 x 2,000톤/년 = 6.0억원/년 ","442,637,500","600,000,000",4,50,"2,400,000,000",5.42, 과제종결(완료평가) 
350,20239052, 현업과제 , 2023P084 , HPF TWB Laser용접솔루션 개발 및 부품사 용접조건 최적화 , 2023-01-16 , 2024-01-26 , 2024-02-01 ,"615,902,000","615,902,000","457,481,592",1,1, 솔루션연구소 자동차소재솔루션연구그룹 ,  , 철강솔루션연구소 접합연구그룹 , 철강솔루션연구소 접합연구그룹 , 엄상호 , 자동차소재마케팅실 자동차소재솔루션그룹 , 조용균 , (이용)접합 , 2027-03-01 , 고객기술지원 , 철강분야 , 정량효과 ,0,0,0,0,0,0,0,0,0,0,0,0,0,"736,000,000", 기타 ," - 중) Xinjie社 HPF 연간수요: 8000톤/년 - 7CGL 생산에 따른 영업이익: 92,000원/톤 ('21년 과제계획 참조) - 연간 수익율: 8000톤/년 * 92,000원/톤 = 736,000,000원 ","615,902,000","736,000,000",4,40,"2,944,000,000",4.78, 과제종결(완료평가) 
351,20239054, 현업과제 , 2023P004 , 4냉연 PCM Mill Pacing 최적제어를 통한 압연 생산성 향상 기술 개발(2/2) , 2023-01-02 , 2023-11-03 , 2023-09-21 ,"518,548,100","518,548,100","291,231,763",1,1, 공정DX연구소 엔지니어링연구그룹 ,  , 공정연구소 압연공정연구그룹 , 공정연구소 압연공정연구그룹 , 송길호 , (광양)냉연부 , 이훈휘 , (공정)냉연공정-생산성향상기술 , 2023-11-06 , 기술축적 , 철강분야 , 정량효과 ,"1,840,000,000",0,0,0,0,0,0,0,0,0,0,0,0,0, 생산성향상 ," - 예상 증산량_97,342톤 × 고정비_19,407원 x 실수율_97.6% = 18.4억원 - 예상 증산량 = T/Hr 증가량_14 x 순작업시간_6,953 ","518,548,100","1,840,000,000",4,60,"7,360,000,000",14.19, 과제종결(완료평가) 
352,20239055, 현업과제 , 2023P181 ," 1, 2냉연 PCM 생산성 향상 기반기술 개발 ", 2023-03-06 , 2024-03-01 , 2023-12-27 ,"460,670,900","460,670,900","334,472,204",1,1, 공정DX연구소 엔지니어링연구그룹 ,  , 공정연구소 압연공정연구그룹 , 공정연구소 압연공정연구그룹 , 송길호 , (광양)냉연부 , 이훈휘 , (공정)냉연공정-생산성향상기술 , 2024-03-04 , 기술축적 , 철강분야 , 정성효과 ,0,0,0,0,0,0,0,0,0,0,0,0,0,0,  ,  ,"460,670,900",0,  ,  ,0,0, 과제종결(완료평가) 
353,20239058, 현업과제 , 2023P112 , 배터리팩용 Multi-material 냉각판 Brazing 양산화 기술 개발 , 2023-01-16 , 2024-01-26 , 2024-01-25 ,"525,792,664","525,792,664","389,098,117",1,1, 솔루션연구소 자동차소재솔루션연구그룹 ,  , 철강솔루션연구소 접합연구그룹 , 철강솔루션연구소 접합연구그룹 , 엄상호 , 자동차소재마케팅실 자동차소재솔루션그룹 , 조용균 , (이용)접합 , 2025-11-01 , 철강신수요창출 , 철강분야 , 정량효과 ,0,0,0,0,0,0,"530,000,000",0,0,0,0,0,0,0, 신수요창출 ," - 현대두산인프라코어 전동화 대상 기종: 약 1만대/년 - 중장비 1대당 최대 24개의 냉각판 사용(냉각판 치수: 300x500mm) - Al냉각판의 하판을 STS로 대체시 예상 소요량: 200톤/년 - Al도금 STS409L 판매가: 2,650,000원/톤('22. 7 스테인리스마케팅실 확인) - Al대체를 통한 신수요창출: 2,650,000원/톤 * 200톤/년 = 530,000,000원 ","525,792,664","530,000,000",4,50,"2,120,000,000",4.03, 과제종결(완료평가) 
354,20239059, 현업과제 , 2023P248 , 친환경 에너지 저장용 경쟁소재대체 PosMAC 적용 솔루션 및 부품 개발 연구 , 2023-04-03 , 2024-06-28 , 2024-06-26 ,"396,852,000","396,852,000","291,299,189",1,1, 솔루션연구소 강재솔루션연구그룹 ,  , 철강솔루션연구소 성능연구그룹 , 철강솔루션연구소 성능연구그룹 , 정현주 , 강건재가전마케팅실 강건재가전솔루션그룹 , 전형준 , (이용)강재성능 , 2024-07-31 , 고객기술지원 , 철강분야 , 정성효과 ,0,0,0,0,0,0,0,0,0,0,0,0,0,0,  ,  ,"396,852,000",0,  ,  ,0,0, 과제종결(완료평가) 
355,20239060, 현업과제 , 2023P315 , 2023년 선진 자동차의 테어다운 분석을 통한 고객 활용 철강 솔루션 기술 개발 , 2023-07-03 , 2024-06-28 , 2024-06-28 ,"710,238,000","710,238,000","544,874,327",1,1, 솔루션연구소 자동차소재솔루션연구그룹 ,  , 철강솔루션연구소 성형연구그룹 , 철강솔루션연구소 성형연구그룹 , 최한호 , 자동차소재마케팅실 자동차소재솔루션그룹 , 조용균 , (이용)가공 , 2024-07-01 , 고객기술지원 , 철강분야 , 정성효과 ,0,0,0,0,0,0,0,0,0,0,0,0,0,0,  ,  ,"710,238,000",0,  ,  ,0,0, 과제종결(완료평가) 
356,20239061, 현업과제 , 2023P272 , 성형 후 bake hardening 특성의 강종 별 분석 및 활용방안 개발 , 2023-05-01 , 2024-04-26 , 2024-04-25 ,"1,420,564,400","1,420,564,400","1,059,221,341",1,1, 솔루션연구소 자동차소재솔루션연구그룹 ,  , 철강솔루션연구소 성형연구그룹 , 철강솔루션연구소 성형연구그룹 , 임지호 , 자동차소재마케팅실 자동차소재솔루션그룹 , 조용균 , (이용)가공 , 2024-05-01 , 고객기술지원 , 철강분야 , 정성효과 ,0,0,0,0,0,0,0,0,0,0,0,0,0,0,  ,  ,"1,420,564,400",0,  ,  ,0,0, 과제종결(완료평가) 
357,20239062, 현업과제 , 2023P203 , 북미 향 16인치 스타일드 보트 트레일러 휠 개발 , 2023-03-06 , 2024-05-17 , 2024-05-07 ,"779,502,000","779,502,000","626,629,506",1,1, 솔루션연구소 자동차소재솔루션연구그룹 , 자동차소재마케팅실 자동차소재솔루션그룹 개발1섹션 , 철강솔루션연구소 성형연구그룹 , 철강솔루션연구소 성형연구그룹 , 정연일 , 자동차소재마케팅실 자동차소재솔루션그룹 , 조용균 , (이용)가공 , 2024-12-31 , 철강신수요창출 , 철강분야 , 정성효과 ,0,0,0,0,0,0,0,0,0,0,0,0,0,0,  ,  ,"779,502,000",0,  ,  ,0,0, 과제종결(완료평가) 
358,20239064, 현업과제 , 2023P079 , 고로 Best Practices분포 확보형 장입물 층후 제어모델 개발 , 2023-01-09 , 2024-03-29 , 2024-04-02 ,"1,022,221,000","1,022,221,000","1,063,993,504",1,1, 공정DX연구소 제선연구그룹 ,  , 저탄소제철연구소 제선연구그룹 , 저탄소제철연구소 제선연구그룹 , 이승문 , (광양)제선부 , 손병연 , (공정)제선공정-원가절감기술 , 2024-04-15 , 조업/기술경영자료 , 철강분야 , 정성효과 ,0,0,0,0,0,0,0,0,0,0,0,0,0,0,  ,  ,"1,022,221,000",0,  ,  ,0,0, 과제종결(완료평가) 
359,20239065, 현업과제 , 2023P309 , 면도날용 고탄소 마르텐사이트계 RB1강 시장선도제품 개발 , 2023-07-03 , 2025-06-27 , 2025-07-02 ,"780,544,600","780,544,600","1,042,161,502",1,1, 제품연구소 STS연구그룹 ,  , 강재연구소 STS연구그룹 , 강재연구소 STS연구그룹 , 정성인 , 스테인리스마케팅실 STS냉연판매그룹 , 이진호 , (제품)STS제품-선도제품개발기술 , 2026-01-05 , 철강신수요창출 , 철강분야 , 정량효과 ,0,0,"900,000,000",0,0,0,0,0,0,0,0,0,0,0, 제품개발/수입대체 ," 예상판매량 1500톤 x 예상수익 600,000원/톤 = 9억원 ","780,544,600","900,000,000",4,50,"3,600,000,000",4.61, 과제종결(완료평가) 
360,20239066, 미래기술과제 , 2023P007 , SiO2 연소대 입량 증가를 통한 [Si] 상향 및 CO2 저감기술 , 2023-01-02 , 2023-10-27 , 2023-10-12 ,"522,495,100","522,495,100","520,115,438",1,1, 저탄소제철연구소 제선연구그룹 ,  , 저탄소제철연구소 제선연구그룹 , 저탄소제철연구소 제선연구그룹 , 정진경 , 저탄소제철연구소 제선연구그룹 , 류진호 , (공정)제선공정-원가절감기술 , 2024-06-30 , 기술축적 , 철강분야 , 정성효과 ,0,0,0,0,0,0,0,0,0,0,0,0,0,0,  ,  ,"522,495,100",0,  ,  ,0,0, 과제종결(완료평가) 
361,20239067, 미래기술과제 , 2023P022 ," 철강-사출플라스틱 조합의 멀티 머터리얼 부품,요소기술 개발 ", 2023-01-09 , 2023-12-15 , 2023-12-13 ,"911,850,750","911,850,750","676,351,151",1,1, 솔루션연구소 자동차소재솔루션연구그룹 ,  , 철강솔루션연구소 성형연구그룹 , 철강솔루션연구소 성형연구그룹 , 정창균 , 철강솔루션연구소 성형연구그룹 , 정기석 , (이용)가공 , 2024-01-01 , 철강신수요창출 , 철강분야 , 정성효과 ,0,0,0,0,0,0,0,0,0,0,0,0,0,0,  ,  ,"911,850,750",0,  ,  ,0,0, 과제종결(완료평가) 
362,20239070, 현업과제 , 2023P047 , 고경도 Knife用 고탄소 마르텐사이트 KB1강 시장선도 제품개발 , 2023-01-02 , 2023-09-29 , 2023-09-27 ,"541,891,500","541,891,500","582,084,782",1,1, 제품연구소 STS연구그룹 ,  , 강재연구소 STS연구그룹 , 강재연구소 STS연구그룹 , 정일찬 , 스테인리스마케팅실 솔루션개발섹션 , 황영훈 , (제품)STS제품-선도제품개발기술 , 2024-01-01 , 철강신수요창출 , 철강분야 , 정량효과 ,0,0,0,0,0,0,"500,000,000",0,0,0,0,0,0,0, 신수요창출 , ○ 유럽內 Knife용 고탄소 마르텐사이트강 KB1 시장 진입을 통한 수익 창출 - 정량효과 : 5억원/년 . 예상영업이익 500천원/톤 * 1천톤/年=5억원/年 (유사 마르텐사이트강 PossFB 원가를 참고로 원료비 변동성 반영) ,"541,891,500","500,000,000",4,90,"2,000,000,000",3.69, 과제종결(완료평가) 
363,20239071, 미래기술과제 , 2023P118 , 기가스틸/MM 기반 Cell-to-Pack 배터리팩 고유모델 개발 , 2023-01-16 , 2024-02-16 , 2024-02-16 ,"855,315,200","855,315,200","631,125,755",1,1, 솔루션연구소 자동차소재솔루션연구그룹 ,  , 철강솔루션연구소 성형연구그룹 , 철강솔루션연구소 성형연구그룹 , 위상권 , 철강솔루션연구소 성형연구그룹 , 정기석 , (이용)가공 , 2024-03-31 , 철강신수요창출 , 철강분야 , 정성효과 ,0,0,0,0,0,0,0,0,0,0,0,0,0,0,  ,  ,"855,315,200",0,  ,  ,0,0, 과제종결(완료평가) 
364,20239072, 현업과제 , 2023P202 , B형 단면 범퍼빔 인라인 가변롤벤딩 부품 개발 , 2023-02-27 , 2024-01-26 , 2024-01-26 ,"620,170,700","620,170,700","396,884,028",1,1, 솔루션연구소 자동차소재솔루션연구그룹 ,  , 철강솔루션연구소 성형연구그룹 , 철강솔루션연구소 성형연구그룹 , 차명환 , 자동차소재마케팅실 자동차소재솔루션그룹 , 조용균 , (이용)가공 , 2024-02-01 , 고객기술지원 , 철강분야 , 정성효과 ,0,0,0,0,0,0,0,0,0,0,0,0,0,0,  ,  ,"620,170,700",0,  ,  ,0,0, 과제종결(완료평가) 
365,20239073, 현업과제 , 2023P186 , 자동차 열연 650CP 중형 상용휠 현장 적용 연구 (1/2) , 2023-03-06 , 2024-03-01 , 2024-03-05 ,"625,236,800","625,236,800","502,256,621",1,1, 솔루션연구소 자동차소재솔루션연구그룹 ,  , 철강솔루션연구소 성형연구그룹 , 철강솔루션연구소 성형연구그룹 , 권혁선 , 자동차소재마케팅실 자동차소재솔루션그룹 , 조용균 , (이용)가공 , 2025-10-31 , 철강신수요창출 , 철강분야 , 정량효과 ,0,0,0,0,0,0,"250,000,000",0,0,0,0,0,0,0, 신수요창출 , 5천톤판매/년*백만원/톤*영업이익5% ,"625,236,800","250,000,000",4,80,"1,000,000,000",1.6, 과제종결(단계완료평가) 
366,20239074, 현업과제 , 2023P382 , 1소결 미분조립설비의 부산물 고배합시 적정 조업조건 도출 , 2023-09-04 , 2024-05-31 , 2024-06-14 ,"328,772,100","328,772,100","376,951,281",1,1, 공정DX연구소 제선연구그룹 ,  , 저탄소제철연구소 제선연구그룹 , 저탄소제철연구소 제선연구그룹 , 양영철 , (광양)제선부 , 손병연 , (공정)제선공정-부산물기술 , 2026-01-01 , 기술축적 , 철강분야 , 정량효과 ,0,0,0,0,0,0,0,"920,000,000",0,"2,380,000,000",0,0,0,0," 실수율/품질향상,에너지절감 "," ① 소결 총결합재비 Δ1.5kg/t-s 저감에 따른 원가/CO2 저감 효과(4.8kg-CO2/t-s 저하) = 소결광 총생산량(톤/년) x [결합재 저감량(1.5kg/톤) x 결합재비 단가(260.46원/kg) + CO2 저감량(4.8kg-CO2/톤) x CO2 단가(24원/kg-CO2)] = 4,717,310톤/년 x [1.5kg/톤 x 260.46원/kg + 4.8kg-CO2/톤 x 24원/kg-CO2] = 18.4억원/년 + 5.4억원/년 = 23.8억원/년 ② 회수율 +2.1%(순생산량 90,014톤) 증대에 따른 소결광 고정비 저감 효과(광 1소결) = 순생산량 90,014톤(회수율 +2.1%) x 고정비(10,224원/t-s) = 9.2억원/년 ","328,772,100","3,300,000,000",2,50,"6,600,000,000",20.07, 과제종결(완료평가) 
367,20239075, 현업과제 , 2023P325 , 2연주 포스코형 경압하 제어기술 개발 , 2023-07-03 , 2024-08-30 , 2024-09-01 ,"1,085,606,500","1,085,606,500","868,226,720",1,1, 공정DX연구소 제강연구그룹 ,  , 강재연구소 제강연구그룹 , 강재연구소 제강연구그룹 , 원영목 , (포항)제강부 , 송원용 , (공정)제강공정-제품양산기술 , 2025-01-01 , 기술축적 , 철강분야 , 정량효과 ,0,0,0,0,0,0,0,"1,688,469,720",0,0,0,0,0,"132,280,990"," 실수율/품질향상,기타 "," 1) 시스템 단락 저감 (포항 2-1M/C) : 지연시간 x 1ch당 용강량 x 고정가공비 / 주조시간 = 0.65억/년 - 지연시간 270분/년, 310톤/Ch, 주조시간 40.6분/Ch, 고정가공비 31,643원/톤 반영 2) 시스템 단락 저감 (포항 2-2M/C) : 지연시간 x 1ch당 용강량 x 고정가공비 / 주조시간 = 0.67억/년 - 지연시간 277.5분/년, 310톤/Ch, 주조시간 40.6분/Ch, 고정가공비 31,643원/톤 반영 3) 코너크랙 저감 (포항 2-1M/C) : 코너크랙 발생량 x 개선율 50% x (정품 판매가격-스크랩가격) = 1.96억/년 - 코너크랙 부적합 발생량(’21년) : 727톤 - 후판제품 평균 판매가(’22년) : 1,257천원/톤, 제품 스크랩 단가('22년) 719천원/톤 - 개선율: SWA가 적용된 포항 4-1M/C는 코너크랙 발생률이 2-1M/C 대비 25% 수준이나, Slab 두께가 두꺼우면 코너크랙 발생률이 증가하므로 개선율 50% 적용 [참고] 코너크랙 발생률 : 2-1M/C(300t) 6.5%, 4-1M/C(250t) 1.6% 4) 스카핑 저감 (포항 2-1M/C) : 스카핑량 x 개선율 50% x (스카핑 비용+승온비용+Loss율*(제조원가-지금단가)) = 0.91억/년 - 코너부 스카핑량(’21년) : 12,543톤, - 스카핑 비용(’22년) : 11,787원/톤 - 스카핑 후 승온(+143℃) 비용(’22년) : 1,601원/톤 - 코너 스카핑 의한 Slab Loss율 : 0.4% (스카핑량 4mm ÷ 300mm x 30%) - 제조원가-지금단가(’22년) : 297,133원 - 개선율 : 상동 5) UST 저감(포항 2-1M/C) : 편석성UST 발생량 x 개선율 50% x (정품 판매가격-스크랩가격) = 14.01억/년 - 편석요인 UST불량(’21년) : 5,210톤 (전체 UST결함의 87%) - 개선율 : 양소 300t 동일강종 비교 시, 광양 UST 결함률이 포항 2-1M/C 대비 35% 수준이나, 광양소는 In-Roll EMS 설비가 있고, 2-1M/C는 없어 개선율 50% 적용 [참고] UST결함률 : 포항 2-1M/C 1.22%, 광양 3-1M/C 0.43% ","1,085,606,500","1,820,750,710",4,50,"7,283,002,840",6.71, 과제종결(완료평가) 
368,20239076, 미래기술과제 , 2023P244 , 고단열 외벽용 PosMAC 구조재 기술 개발 , 2023-04-03 , 2023-12-29 , 2023-12-21 ,"496,549,000","496,549,000","397,021,170",1,1, 솔루션연구소 강건재솔루션연구그룹 ,  , 철강솔루션연구소 구조연구그룹 , 철강솔루션연구소 구조연구그룹 , 유영동 , 철강솔루션연구소 구조연구그룹 , 박찬희 , (이용)강구조 , 2024-09-30 , 철강신수요창출 , 철강분야 , 정성효과 ,0,0,0,0,0,0,0,0,0,0,0,0,0,0,  ,  ,"496,549,000",0,  ,  ,0,0, 과제종결(완료평가) 
369,20239077, 미래기술과제 , 2023P193 , 대형 모노파일용 대단중 용접후판 제조를 위한 Feasibility 연구 , 2023-03-06 , 2024-02-23 , 2024-02-26 ,"585,986,860","585,986,860","462,883,104",1,1, (포항)에너지후판프로젝트팀 ,  , 철강솔루션연구소 접합연구그룹 , 철강솔루션연구소 접합연구그룹 , 채현병 , 철강솔루션연구소 접합연구그룹 , 정보영 , (이용)접합 , 2024-05-01 , 철강신수요창출 , 철강분야 , 정량효과 ,0,0,0,0,0,0,"60,000,000,000",0,0,0,0,0,0,0, 신수요창출 ," ① 대단중 용접후판 연간 영업이익 600억 ② 대단중 모노파일용 후판 판매가능양 = 30만톤/년 (’30년, 마케팅 부서 추정) ","200,585,986,860","60,000,000,000",4,10,"240,000,000,000",1.2, 과제종결(완료평가) 
370,20239078, 현업과제 , 2023P099 , STS4제강 VOD Al 탈산적중 향상 기술 개발 , 2023-01-02 , 2023-12-29 , 2023-12-28 ,"641,637,640","641,637,640","649,328,978",1,1, 공정DX연구소 제강연구그룹 ,  , 강재연구소 제강연구그룹 , 강재연구소 제강연구그룹 , 한승민 , (포항)STS제강부 , 조용석 , (공정)STS공정-원가절감기술 , 2024-03-01 , 기술축적 , 철강분야 , 정량효과 ,0,"7,153,348",0,0,0,0,0,0,0,0,0,0,0,0, 원단위절감 ," ○ 년간 기대이익 산출내역 (단위:천원) - 23년 STS4제강 생산 439강의 VOD 탈산 적중률 1.12% 저감 기대 (적중률 71.3 → 72.4%)에 따른 환원제, 생석회 및 진공처리시간 저감 = 7,153,348 천원 - 산식 : ∑(저감량 X 생산량 X 원단가) . Al 환원제 원단위 저감: (0.01 kg/t-s X 92,681 ton X 3,529 원/kg) = 3,271 천원 . 생석회 원단위 저감: (0.02 kg/t-s X 92,681 ton X 178 원/kg) = 380 천원 . Ti 환원제 원단위 저감: (0.003 kg/t-s X 92,681 ton X 9,406 원/kg) = 2,615 천원 . 진공처리시간 단축: (0.10 분/Ch X 92,681 ton / 94 ton/Ch X 9000원/분) = 887 천원 . 23년 생산량 (1/1~12/17): 92,681 톤 . 원단가: Al 3,529원/kg, 생석회 205원/kg, Ti 9,406원/kg, 진공처리 9,000원/분, Ch.당 평균 용강량 94ton/Ch. ","641,637,640","7,153,348",4,100,"28,613,392",0.04, 과제종결(완료평가) 
371,20239080, 현업과제 , 2023P135 , AlSi-HPF강 고객사 적용 가속화 기술 개발 (2/2) , 2023-01-23 , 2024-01-19 , 2024-01-12 ,"937,848,000","1,533,044,800","675,016,114",2,2, 솔루션연구소 자동차소재솔루션연구그룹 ,  , 철강솔루션연구소 성형연구그룹 , 철강솔루션연구소 성형연구그룹 , 김홍기 , 자동차소재마케팅실 자동차소재솔루션그룹 , 조용균 , (이용)가공 , 2024-02-01 , 고객기술지원 , 철강분야 , 정성효과 ,0,0,0,0,0,0,0,0,0,0,0,0,0,0,  ,  ,"937,848,000",0,  ,  ,0,0, 과제종결(완료평가) 
372,20239081, 현업과제 , 2023P111 , 자동차 샤시부품용 PO 540/780급 품질차별화 제조기술 개발 , 2023-01-16 , 2023-11-03 , 2023-11-30 ,"560,442,400","560,442,400","663,438,373",1,1, 제품연구소 자동차소재연구그룹 ,  , 자동차소재연구소 자동차소재연구그룹 , 자동차소재연구소 자동차소재연구그룹 , 송태진 , (광양)품질기술부 , 이철영 , (공정)열연공정-제품양산기술 , 2024-01-01 , 철강신수요창출 , 철강분야 , 정량효과 ,0,0,"550,000,000",0,0,0,0,"100,000,000",0,0,0,0,0,0," 실수율/품질향상,제품개발/수입대체 "," - PO 540DP 고객 가공크랙 클레임 방지를 통한 영업이익 확대 (‘21년 클레임 보상 1억원) - S700MC 예상수요 5,000톤/년 x 예상영업이익 110,600원/ton = 5.5억원/년 ","810,442,400","650,000,000",4,75,"2,600,000,000",3.21, 과제종결(완료평가) 
373,20239084, 현업과제 , 2023P153 , 광)후판 제품 크레인 무인 자동화 요소 기술 개발 , 2023-01-09 , 2023-12-29 , 2024-01-04 ,"679,239,000","679,239,000","582,964,241",1,1, 공정DX연구소 로봇AI연구그룹 ,  , 공정연구소 로봇솔루션연구그룹 , 공정연구소 로봇솔루션연구그룹 , 정용화 , (광양)생산기술부 , 김희봉 , (공정)후판공정-생산성향상기술 , 2025-07-31 , 기술축적 , 철강분야 , 정량효과 ,0,"80,000,000",0,0,0,0,0,0,0,0,0,0,0,0, 원단위절감 ," - [산식] (①과제성과 총금액 – ②역효과) x ③과제 기여도 - [재무성과] 0.8억원 = (①3.2억원/년) x ③% - [과제 성과 총금액] Ⅰ. (①과제성과 총금액 – ②역효과) x ③과제 기여도 ① 과제성과 총금액 = (개선전 투입인력 - 개선후 투입인력) X 외주비 단가(억원) = 4(명) X 0.8억원 = 3.2억원/년 * '22년 크레인 운전직 계약 단가 = 6,717 천원/월 = 80,604 천원/년 = 0.8억원/년 ③과제 기여도 : 30% ","679,239,000","80,000,000",4,30,"320,000,000",0.47, 과제종결(완료평가) 
374,20239086, 현업과제 , 2023P055 , 해상용 초고내식 파스너 복합표면처리기술 개발 , 2023-01-02 , 2023-12-29 , 2023-12-26 ,"577,268,100","577,268,100","375,996,585",1,1, 휴직 ,  , 설비자재구매실 동반성장그룹 사내벤처 포솔이노텍벤처TF팀 , 철강솔루션연구소 성능연구그룹 , 이경황 , 열연선재마케팅실 선재판매그룹 솔루션개발섹션 , 박병주 , (제품)선재제품-품질개선기술 , 2024-06-30 , 철강신수요창출 , 철강분야 , 정성효과 ,0,0,0,0,0,0,0,0,0,0,0,0,0,0,  ,  ,"577,268,100",0,  ,  ,0,0, 과제종결(완료평가) 
375,20239091, 미래기술과제 , 2023P054 , Slab 연주기 극저탄소강용 무불소 몰드플럭스 개발 , 2023-01-09 , 2023-12-22 , 2023-09-22 ,"371,739,000","371,739,000","252,343,290",1,1, 공정DX연구소 제강연구그룹 ,  , 강재연구소 제강연구그룹 , 강재연구소 제강연구그룹 , 박민석 , 공정DX연구소 제강연구그룹 , 서성모 , (공정)제강공정-원가절감기술 , 2024-03-29 , 기술축적 , 철강분야 , 정성효과 ,0,0,0,0,0,0,0,0,0,0,0,0,0,0,  ,  ,"371,739,000",0,  ,  ,0,0, 과제종결(완료평가) 
376,20239097, 현업과제 , 2023P046 , 고내식 Knife用 고탄소 마르텐사이트 KB2강 시장선도 제품개발 , 2023-01-02 , 2023-09-29 , 2023-09-27 ,"549,102,140","549,102,140","574,594,537",1,1, 제품연구소 STS연구그룹 ,  , 강재연구소 STS연구그룹 , 강재연구소 STS연구그룹 , 송병준 , 스테인리스마케팅실 솔루션개발섹션 , 황영훈 , (제품)STS제품-선도제품개발기술 , 2023-10-02 , 철강신수요창출 , 철강분야 , 정량효과 ,0,0,"500,000,000",0,0,0,0,0,0,0,0,0,0,0, 제품개발/수입대체 ," 5억원/년 = 예상영업이익 500천원/톤 * 1천톤/年 (유사 마르텐사이트강 PossFB 원가를 참고로 원료비 변동성 반영, STS마케팅실 공동 검토) ","549,102,140","500,000,000",4,90,"2,000,000,000",3.64, 과제종결(완료평가) 
377,20239098, 미래기술과제 , 2023P061 , 경량 샌드위치 강판 시제품 개발 및 부품적용성 평가 , 2023-02-06 , 2023-12-29 , 2023-12-27 ,"997,475,939","997,475,939","740,486,719",1,1, 솔루션연구소 자동차소재솔루션연구그룹 ,  , 철강솔루션연구소 성형연구그룹 , 철강솔루션연구소 성형연구그룹 , 정경환 , 철강솔루션연구소 성형연구그룹 , 정기석 , (이용)가공 , 2024-06-03 , 철강신수요창출 , 철강분야 , 정성효과 ,0,0,0,0,0,0,0,0,0,0,0,0,0,0,  ,  ,"997,475,939",0,  ,  ,0,0, 과제종결(완료평가) 
378,20239100, 미래기술과제 , 2023P040 , 멀티머티리얼 하이브리드 도어 시제품 개발 및 양산성 검증 , 2023-01-02 , 2023-12-29 , 2023-12-28 ,"740,105,750","740,105,750","583,561,901",1,1, 솔루션연구소 강재솔루션연구그룹 ,  , 철강솔루션연구소 성형연구그룹 , 철강솔루션연구소 성형연구그룹 , 안강환 , 철강솔루션연구소 성형연구그룹 , 정기석 , (이용)가공 , 2024-03-01 , 기술축적 , 철강분야 , 정성효과 ,0,0,0,0,0,0,0,0,0,0,0,0,0,0,  ,  ,"740,105,750",0,  ,  ,0,0, 과제종결(완료평가) 
379,20239101, 미래기술과제 , 2023P039 , 철강과 Al 다이캐스팅 하이브리드 부품화 응용 기술 , 2023-01-02 , 2023-12-29 , 2023-12-28 ,"688,889,000","688,889,000","502,557,385",1,1, 솔루션연구소 자동차소재솔루션연구그룹 ,  , 철강솔루션연구소 성형연구그룹 , 철강솔루션연구소 성형연구그룹 , 서민홍 , 철강솔루션연구소 성형연구그룹 , 정기석 , (이용)가공 , 2024-01-01 , 기술축적 , 철강분야 , 정성효과 ,0,0,0,0,0,0,0,0,0,0,0,0,0,0,  ,  ,"688,889,000",0,  ,  ,0,0, 과제종결(완료평가) 
380,20239102, 미래기술과제 , 2023P053 , 철강기반 멀티머트리얼 자동차 부품제조를 위한 압흔 최소화 접합 기술 개발 , 2023-01-02 , 2023-12-29 , 2023-12-28 ,"567,047,800","567,047,800","476,463,974",1,1, 솔루션연구소 자동차소재솔루션연구그룹 ,  , 철강솔루션연구소 접합연구그룹 , 철강솔루션연구소 접합연구그룹 , 이목영 , 철강솔루션연구소 접합연구그룹 , 정보영 , (이용)접합 , 2024-03-31 , 기술축적 , 철강분야 , 정성효과 ,0,0,0,0,0,0,0,0,0,0,0,0,0,0,  ,  ,"567,047,800",0,  ,  ,0,0, 과제종결(완료평가) 
381,20239103, 미래기술과제 , 2023P045 , 멀티머티리얼 실부품 방청 솔루션 최적화 및 부식특성 연구 , 2023-01-02 , 2023-12-29 , 2023-12-26 ,"539,379,100","539,379,100","407,389,091",1,1, 솔루션연구소 강재솔루션연구그룹 ,  , 철강솔루션연구소 성능연구그룹 , 철강솔루션연구소 성능연구그룹 , 홍수직 , 철강솔루션연구소 성능연구그룹 , 정용균 , (이용)강재성능 , 2024-06-28 , 기술축적 , 철강분야 , 정성효과 ,0,0,0,0,0,0,0,0,0,0,0,0,0,0,  ,  ,"539,379,100",0,  ,  ,0,0, 과제종결(완료평가) 
382,20239104, 미래기술과제 , 2023P038 , 철강기반 Multi Material 실부품용 접착제 개발 , 2023-01-02 , 2023-12-29 , 2023-12-21 ,"513,521,600","513,521,600","350,567,390",1,1, 솔루션연구소 강재솔루션연구그룹 ,  , 철강솔루션연구소 성능연구그룹 , 철강솔루션연구소 성능연구그룹 , 유현석 , 철강솔루션연구소 성능연구그룹 , 정용균 , (이용)강재성능 , 2024-03-29 , 기술축적 , 철강분야 , 정성효과 ,0,0,0,0,0,0,0,0,0,0,0,0,0,0,  ,  ,"513,521,600",0,  ,  ,0,0, 과제종결(완료평가) 
383,20239106, 미래기술과제 , 2023P376 , STG800 강관 적용 부력방지용 앵커 기술 개발(2/2) , 2023-09-04 , 2024-05-24 , 2024-05-23 ,"650,248,000","1,193,260,800","570,422,905",2,2, 솔루션연구소 강건재솔루션연구그룹 ,  , 철강솔루션연구소 구조연구그룹 , 철강솔루션연구소 구조연구그룹 , 안동욱 , 철강솔루션연구소 구조연구그룹 , 박찬희 , (이용)강구조 , 2024-09-06 , 철강신수요창출 , 철강분야 , 정량효과 ,0,0,0,0,0,0,"750,000,000",0,0,0,0,0,0,0, 신수요창출 , PosH690 판매확대 5천톤/년 X 100만원/톤(판매단가) X 15% (영업이익율) ,"650,248,000","750,000,000",4,70,"3,000,000,000",4.61, 과제종결(완료평가) 
384,20239110, 현업과제 , 2023P145 , 고로 Heat Balance를 고려한 노열 통합 자동 제어 시스템 개발 , 2023-01-30 , 2024-01-26 , 2024-02-07 ,"479,982,500","479,982,500","471,782,628",1,1, 공정DX연구소 제선연구그룹 ,  , 저탄소제철연구소 제선연구그룹 , 저탄소제철연구소 제선연구그룹 , 신민수 , (광양)제선부 , 손병연 , (공정)제선공정-불량율저감기술 , 2024-03-04 , 기술축적 , 철강분야 , 정성효과 ,0,0,0,0,0,0,0,0,0,0,0,0,0,0,  ,  ,"479,982,500",0,  ,  ,0,0, 과제종결(완료평가) 
385,20239113, 미래기술과제 , 2023P114 , 자동차용 신강종 점용접부 특성 종합 예측 기술 개발 , 2023-01-09 , 2024-02-23 , 2024-03-22 ,"657,368,000","657,368,000","524,603,362",1,1, 솔루션연구소 자동차소재솔루션연구그룹 ,  , 철강솔루션연구소 접합연구그룹 , 철강솔루션연구소 접합연구그룹 , 최두열 , 철강솔루션연구소 접합연구그룹 , 정보영 , (이용)접합 , 2024-05-01 , 기술축적 , 철강분야 , 정성효과 ,0,0,0,0,0,0,0,0,0,0,0,0,0,0,  ,  ,"657,368,000",0,  ,  ,0,0, 과제종결(완료평가) 
386,20239115, 현업과제 , 2023P256 , 저산화부산물 소결 투입시 FeO 발열량 고려한 적정 결합재 사용기준 도출 , 2023-04-03 , 2024-03-22 , 2024-04-18 ,"196,259,950","196,259,950","210,252,674",1,1, 공정DX연구소 제선연구그룹 ,  , 저탄소제철연구소 제선연구그룹 , 저탄소제철연구소 제선연구그룹 , 박준우 , (광양)제선부 , 손병연 , (공정)제선공정-원가절감기술 , 2024-07-01 , 기술축적 , 철강분야 , 정량효과 ,0,"938,462,096",0,0,0,0,0,0,0,0,0,0,0,0, 원단위절감 ," 결합재비 감소효과=결합재비 감소분 (kg/t-s) x 생산량 (ton/y) x 결합재 단가 (원/ton) =0.5 kg/t-s x 13,380,414 ton/y x 140,274 원/ton =9.4억원 ","196,259,950","938,462,096",3,50,"2,815,386,288",14.35, 과제종결(완료평가) 
387,20239123, 현업과제 , 2023P175 , 소내 부산물을 활용한 FINEX 低융점 성형탄 제조 기술 개발 , 2023-02-13 , 2023-12-01 , 2023-11-20 ,"471,043,050","471,043,050","437,067,767",1,1, 미래철강연구소 수소환원제철연구그룹 ,  , 저탄소제철연구소 제선연구그룹 , 저탄소제철연구소 제선연구그룹 , 손상한 , (포항)FINEX부 , 박경동 , (공정)제선공정-원가절감기술 , 2024-04-01 , 기술축적 , 철강분야 , 정량효과 ,0,0,0,0,0,0,0,0,"1,260,000,000",0,0,0,0,0, 공정개선 , FINEX Coal비 10kg/t-p 저감 ,"471,043,050","1,260,000,000",3,50,"3,780,000,000",8.02, 과제종결(완료평가) 
388,20239124, 미래기술과제 , 2023P271 , 석출활용 차세대 기가스틸 Plus 미래선도제품 개발 , 2023-05-01 , 2024-04-26 , 2024-05-17 ,"561,222,000","561,222,000","706,323,289",1,1, 제품연구소 자동차소재연구그룹 ,  , 자동차소재연구소 자동차소재연구그룹 , 자동차소재연구소 자동차소재연구그룹 , 송태진 , 제품연구소 자동차소재연구그룹 , 김성일 , (제품)냉연제품-선도제품개발기술 , 2025-01-01 , 철강신수요창출 , 철강분야 , 정성효과 ,0,0,0,0,0,0,0,0,0,0,0,0,0,0,  ,  ,"561,222,000",0,  ,  ,0,0, 과제종결(완료평가) 
389,20239128, 현업과제 , 2023P269 , 액화수소용 고강도 316LH 후판 용접재료 선도제품개발 , 2023-05-01 , 2024-03-29 , 2024-04-03 ,"391,319,300","391,319,300","326,608,125",1,1, (광양)고Mn강프로젝트팀 ,  , 철강솔루션연구소 접합연구그룹 , 철강솔루션연구소 접합연구그룹 , 이봉근 , 스테인리스마케팅실 솔루션개발섹션 , 황영훈 , (이용)접합 , 2026-03-02 , 철강신수요창출 , 철강분야 , 정량효과 ,0,0,0,0,0,0,"1,000,000,000",0,0,0,0,0,0,0, 신수요창출 ," '26년 이후 연계판매 : 1,000톤/년 예상 x 이익 100만원/톤 ","391,319,300","1,000,000,000",4,20,"4,000,000,000",10.22, 과제종결(완료평가) 
390,20239129, 현업과제 , 2023P324 , API 열연 JCO/Spiral/ERW 강관 강도예측 플랫폼 개발 , 2023-07-03 , 2024-08-30 , 2024-09-02 ,"526,168,000","526,168,000","448,058,406",1,1, 솔루션연구소 강건재솔루션연구그룹 ,  , 철강솔루션연구소 구조연구그룹 , 철강솔루션연구소 구조연구그룹 , 강수창 , 열연선재마케팅실 열연판매그룹 솔루션개발섹션 , 양정윤 , (이용)강구조 , 2024-10-31 , 철강신수요창출 , 철강분야 , 정량효과 ,0,0,0,0,0,0,"1,500,000,000",0,0,0,0,0,0,0, 신수요창출 ," 30,000톤/년(PJT 보증이 어려운 강관)*5만원=15억원/년 ","526,168,000","1,500,000,000",4,20,"6,000,000,000",11.4, 과제종결(완료평가) 
391,20239134, 미래기술과제 , 2023P359 , 자동차 BOM 기반 차량단위 온실가스 산정 알고리즘 개발 , 2023-08-14 , 2024-08-09 , 2024-08-06 ,"904,617,500","904,617,500","723,515,797",1,1, 솔루션연구소 자동차소재솔루션연구그룹 ,  , 철강솔루션연구소 성형연구그룹 , 철강솔루션연구소 성형연구그룹 , 김동진 , 철강솔루션연구소 성형연구그룹 , 정기석 , (이용)가공 , 2025-09-30 , 고객기술지원 , 철강분야 , 정성효과 ,0,0,0,0,0,0,0,0,0,0,0,0,0,0,  ,  ,"904,617,500",0,  ,  ,0,0, 과제종결(완료평가) 
392,20239135, 현업과제 , 2023P036 , STS290의 건축내외장재와 배관용도 적용 솔루션개발 , 2023-01-09 , 2024-04-26 , 2024-05-03 ,"481,899,400","481,899,400","398,122,234",1,1, 솔루션연구소 강재솔루션연구그룹 ,  , 철강솔루션연구소 성능연구그룹 , 철강솔루션연구소 성능연구그룹 , 김영호 , 스테인리스마케팅실 솔루션개발섹션 , 황영훈 , (이용)강재성능 , 2024-07-01 , 철강신수요창출 , 철강분야 , 정량효과 ,0,0,0,0,0,0,"300,000,000",0,0,0,0,0,0,0, 신수요창출 ," 수요개발 3,000톤/년 x 100천원/톤(영업이익)= 3억원 ","481,899,400","300,000,000",4,80,"1,200,000,000",2.49, 과제종결(완료평가) 
393,20239136, 현업과제 , 2023P206 ," 고로 노저 용선, Slag 레벨 정량화를 통한 출선 최적화 기술 ", 2023-03-06 , 2023-12-29 , 2023-12-29 ,"512,300,400","512,300,400","527,155,418",1,1, 공정DX연구소 제선연구그룹 ,  , 저탄소제철연구소 제선연구그룹 , 저탄소제철연구소 제선연구그룹 , 이정호 , (광양)제선부 , 손병연 , (공정)제선공정-원가절감기술 , 2024-06-30 , 기술축적 , 철강분야 , 정성효과 ,0,0,0,0,0,0,0,0,0,0,0,0,0,0,  ,  ,"512,300,400",0,  ,  ,0,0, 과제종결(완료평가) 
394,20239137, 미래기술과제 , 2023P161 , 목적기반차량(PBV) 철강구조 최적화 솔루션 개발 , 2023-02-06 , 2024-07-26 , 2024-07-26 ,"1,417,208,801","1,417,208,801","1,182,428,436",1,1, 솔루션연구소 자동차소재솔루션연구그룹 ,  , 철강솔루션연구소 성형연구그룹 , 철강솔루션연구소 성형연구그룹 , 이홍우 , 철강솔루션연구소 성형연구그룹 , 정기석 , (이용)가공 , 2024-11-01 , 고객기술지원 , 철강분야 , 정성효과 ,0,0,0,0,0,0,0,0,0,0,0,0,0,0,  ,  ,"1,417,208,801",0,  ,  ,0,0, 과제종결(완료평가) 
395,20239138, 현업과제 , 2023P446 , ATOM설비 모니터링 시스템 개발 (2/2) , 2023-12-25 , 2025-01-31 , 2025-03-07 ,"690,820,650","1,234,896,650","743,080,370",2,2, 공정DX연구소 제강연구그룹 ,  , 강재연구소 제강연구그룹 , 강재연구소 제강연구그룹 , 김성줄 , (포항)제강부 , 송원용 , (공정)제강공정-원가절감기술 , 2025-02-15 , 기술축적 , 철강분야 , 정량효과 ,0,0,0,0,0,0,0,"1,400,000,000",0,0,0,0,0,0, 실수율/품질향상 , 고급강 용도 전환 최소화 및 개재물 품질 향상에 따른 수익성 14억원/년 ,"690,820,650","1,400,000,000",4,100,"5,600,000,000",8.11, 과제종결(완료평가) 
396,20239140, 현업과제 , 2023P338 , AI 활용 On-line 주편 크랙 예측 시스템 개발 , 2023-07-03 , 2024-07-26 , 2024-07-30 ,"1,293,254,420","1,293,254,420","1,325,337,402",1,1, 공정DX연구소 제강연구그룹 ,  , 강재연구소 제강연구그룹 , 강재연구소 제강연구그룹 , 권상흠 , (포항)제강부 , 송원용 , (공정)제강공정-생산성향상기술 , 2024-08-01 , 기술축적 , 철강분야 , 정성효과 ,0,0,0,0,0,0,0,0,0,0,0,0,0,0,  ,  ,"1,293,254,420",0,  ,  ,0,0, 과제종결(완료평가) 
397,20239145, 미래기술과제 , 2023P236 , 저 HMR공정에서의 자동차 외판품질 확보 기술 개발 , 2023-04-03 , 2024-03-01 , 2024-03-05 ,"614,321,300","614,321,300","877,544,105",1,1, 제품연구소 표면연구그룹 ,  , 자동차소재연구소 자동차소재표면연구그룹 , 자동차소재연구소 자동차소재표면연구그룹 , 이석규 , 자동차소재연구소 자동차소재표면연구그룹 , 백두진 , (공정)표면처리공정-제품양산기술 , 2025-03-03 , 기술축적 , 철강분야 , 정성효과 ,0,0,0,0,0,0,0,0,0,0,0,0,0,0,  ,  ,"614,321,300",0,  ,  ,0,0, 과제종결(완료평가) 
398,20239147, 현업과제 , 2023P035 , CG 제품별 가공비 사용 최적화를 위한 DB설계 및 공정 모니터링 시스템 개발 , 2023-01-02 , 2023-12-29 , 2024-07-29 ,"901,146,283","901,146,283","1,001,401,487",1,1, 공정DX연구소 압연엔지니어링연구그룹 , (광양)도금부 기술개발섹션 , 공정연구소 압연공정연구그룹 , 공정연구소 압연공정연구그룹 , 장태인 , (광양)도금부 , 안정환 , (공정)표면처리공정-생산성향상기술 , 2024-04-01 , 기술축적 , 철강분야 , 정성효과 ,0,0,0,0,0,0,0,0,0,0,0,0,0,0,  ,  ,"901,146,283",0,  ,  ,0,0, 과제종결(완료평가) 
399,20239149, 현업과제 , 2023P179 , 모듈러용 골조 1시간/2시간 내화 최적화 기술 개발 , 2023-02-20 , 2024-03-15 , 2024-03-19 ,"541,501,500","541,501,500","472,568,551",1,1, RIST ,  , 철강솔루션연구소 구조연구그룹 , 철강솔루션연구소 구조연구그룹 , 한규홍 , 강건재가전마케팅실 구조강재판매그룹 , 김상범 , (이용)강구조 , 2024-05-01 , 철강신수요창출 , 철강분야 , 정량효과 ,0,0,0,0,0,0,"180,000,000",0,0,0,0,0,0,0, 신수요창출 , 2천톤/년 x 900 천원/톤 x 영업이익율 10% x 지속년수 4년 = 720 백만원 ,"541,501,500","180,000,000",4,100,"720,000,000",1.33, 과제종결(완료평가) 
400,20239150, 현업과제 , 2023P312 , 내화성능설계 적용 모듈러 골조 내화 최적화 기술 개발 , 2023-06-05 , 2024-07-12 , 2024-07-31 ,"753,912,500","753,912,500","611,752,115",1,1, 솔루션연구소 강건재솔루션연구그룹 ,  , 철강솔루션연구소 구조연구그룹 , 철강솔루션연구소 구조연구그룹 , 하태휴 , 강건재가전마케팅실 구조강재판매그룹 , 김상범 , (이용)강구조 , 2025-08-01 , 철강신수요창출 , 철강분야 , 정량효과 ,0,0,0,0,0,0,"200,000,000",0,0,0,0,0,0,0, 신수요창출 ," 2천톤/년 x 1,000천원/톤 x 영업이익율 10%=200(백만원) ","753,912,500","200,000,000",4,80,"800,000,000",1.06, 과제종결(단계완료평가) 
401,20239152, 현업과제 , 2023P014 , 버링성이 우수한 CR/GA 780DP 제조기술 개발 , 2023-01-02 , 2023-11-24 , 2023-11-30 ,"681,603,000","681,603,000","790,319,253",1,1, (광양)GigaSteel프로젝트팀 ,  , 자동차소재연구소 자동차소재연구그룹 , 자동차소재연구소 자동차소재연구그룹 , 안연상 , (광양)품질기술부 , 이철영 , (제품)냉연제품-품질개선기술 , 2024-03-01 , 철강신수요창출 , 철강분야 , 정량효과 ,0,0,0,0,0,0,"690,000,000",0,0,0,0,0,0,0, 신수요창출 ," ○ 판매가능 예상량 - 예상 수요량: 4,150톤/년 (당사 CR/GA 780DP ‘21년 판매량 83천톤(CR 46천톤, GA 37천톤)의 5% 수요) - 국내 및 해외 자동차사 신규판매 연계 가능 (Seat rail 등과 같은 고버링 부품 신규수요 창출) ○ 연간 기대이익 - 6.9억원/년 = (예상 수요량 4,150톤/년 x 예상 영업이익 168천원/톤) * 예상영업이익은 양산 CR/GA 780DP 영업이익의 평균 (CR 153천원/톤, GA 183천원/톤) ","681,603,000","690,000,000",4,70,"2,760,000,000",4.05, 과제종결(완료평가) 
402,20239154, 미래기술과제 , 2023P141 , ESF 용선-슬래그-내화물 평형 반응 거동 연구 , 2023-01-30 , 2024-03-15 , 2024-03-19 ,"446,578,400","446,578,400","325,557,274",1,1, (포항)제강부 상저취전로기술개발TF팀 ,  , 저탄소제철연구소 전기로연구그룹 , 저탄소제철연구소 전기로연구그룹 , 신동엽 , 저탄소제철연구소 전기로연구그룹 , 박재훈 , (신성장)신성장기타 , 2025-01-06 , 기술축적 , 신성장분야 , 정성효과 ,0,0,0,0,0,0,0,0,0,0,0,0,0,0,  ,  ,"446,578,400",0,  ,  ,0,0, 과제종결(완료평가) 
403,20239155, 미래기술과제 , 2023P146 , 수소환원 DRI 용해용 ESF 내화물 최적화를 위한 기초연구 , 2023-01-30 , 2024-03-15 , 2024-03-15 ,"636,057,200","636,057,200","742,530,230",1,1, 미래철강연구소 수소환원제철연구그룹 ,  , 저탄소제철연구소 전기로연구그룹 , 저탄소제철연구소 전기로연구그룹 , 강동수 , 저탄소제철연구소 전기로연구그룹 , 박재훈 , (신성장)신성장기타 , 2025-12-31 , 기술축적 , 철강분야 , 정성효과 ,0,0,0,0,0,0,0,0,0,0,0,0,0,0,  ,  ,"636,057,200",0,  ,  ,0,0, 과제종결(완료평가) 
404,20239156, 현업과제 , 2023P201 , LG전자 배기식 건조기 고강도강 적용 자원효율화 탄소배출저감 설계 개발 , 2023-03-06 , 2024-03-08 , 2024-03-04 ,"547,410,105","547,410,105","451,374,016",1,1, 솔루션연구소 자동차소재솔루션연구그룹 ,  , 철강솔루션연구소 성형연구그룹 , 철강솔루션연구소 성형연구그룹 , 김석년 , 강건재가전마케팅실 강건재가전솔루션그룹 , 전형준 , (이용)가공 , 2024-03-29 , 철강신수요창출 , 철강분야 , 정성효과 ,0,0,0,0,0,0,0,0,0,0,0,0,0,0,  ,  ,"547,410,105",0,  ,  ,0,0, 과제종결(완료평가) 
405,20239157, 미래기술과제 , 2023P002 , 1500HPF강 특성 차별화 제품기술 탐색 연구 , 2023-01-02 , 2023-12-29 , 2024-03-05 ,"1,031,462,100","1,031,462,100","1,459,892,310",1,1, (광양)GigaSteel프로젝트팀 ,  , 자동차소재연구소 자동차소재연구그룹 , 자동차소재연구소 자동차소재연구그룹 , 오진근 , 제품연구소 자동차소재연구그룹 , 김성일 , (제품)냉연제품-선도제품개발기술 , 2025-01-01 , 기술축적 , 철강분야 , 정성효과 ,0,0,0,0,0,0,0,0,0,0,0,0,0,0,  ,  ,"1,031,462,100",0,  ,  ,0,0, 과제종결(완료평가) 
406,20239163, 미래기술과제 , 2023P006 , 고강도강 탈지성 열위 메카니즘 규명 및 핵심 영향인자 도출 , 2023-01-02 , 2023-12-29 , 2023-12-21 ,"689,917,000","689,917,000","920,030,911",1,1, 제품연구소 표면연구그룹 ,  , 자동차소재연구소 자동차소재표면연구그룹 , 자동차소재연구소 자동차소재표면연구그룹 , 정진호 , 자동차소재연구소 자동차소재표면연구그룹 , 백두진 , (철강기타)철강기타 , 2025-08-01 , 기술축적 , 철강분야 , 정성효과 ,0,0,0,0,0,0,0,0,0,0,0,0,0,0,  ,  ,"689,917,000",0,  ,  ,0,0, 과제종결(완료평가) 
407,20239164, 현업과제 , 2023P098 , 고탄소(C>0.4%) 마르텐사이트 스테인리스강의 제강 및 연주 제조조건 정립 , 2023-01-16 , 2023-12-29 , 2023-12-28 ,"560,497,700","560,497,700","598,143,897",1,1, 공정DX연구소 제강연구그룹 ,  , 강재연구소 제강연구그룹 , 강재연구소 제강연구그룹 , 김상훈 , (포항)STS제강부 , 조용석 , (공정)STS공정-불량율저감기술 , 2024-01-01 , 철강신수요창출 , 철강분야 , 정성효과 ,0,0,0,0,0,0,0,0,0,0,0,0,0,0,  ,  ,"560,497,700",0,  ,  ,0,0, 과제종결(완료평가) 
408,20239167, 현업과제 , 2023P176 , 430강의 저원가 열연 소둔산세 공정기술 개발 , 2023-02-13 , 2023-12-08 , 2023-10-06 ,"448,292,300","448,292,300","307,641,239",1,1, 제품연구소 STS연구그룹 ,  , 강재연구소 STS연구그룹 , 강재연구소 STS연구그룹 , 강형구 , (포항)STS압연부 , 강태형 , (공정)STS공정-원가절감기술 , 2024-01-01 , 기술축적 , 철강분야 , 정량효과 ,"3,700,000,000",0,0,0,0,0,0,0,0,0,0,0,0,0, 생산성향상 ," 4BAF 폐쇄에 따른 BAF→CAF 가공비 저감 37 억원/년 (BAF 105천원/톤 → CAF 35천원/톤, 전환 예상량 53천톤/년) ","448,292,300","3,700,000,000",4,50,"14,800,000,000",33.01, 과제종결(완료평가) 
409,20239168, 미래기술과제 , 2023P345 , 무인택배차 적용 고강도 오스테나이트강 이용기술 개발 , 2023-08-07 , 2024-06-28 , 2024-05-31 ,"898,121,300","898,121,300","644,479,958",1,1, 솔루션연구소 강재솔루션연구그룹 ,  , 철강솔루션연구소 성형연구그룹 , 철강솔루션연구소 성형연구그룹 , 안덕찬 , 철강솔루션연구소 성형연구그룹 , 정기석 , (이용)가공 , 2024-08-01 , 철강신수요창출 , 철강분야 , 정성효과 ,0,0,0,0,0,0,0,0,0,0,0,0,0,0,  ,  ,"898,121,300",0,  ,  ,0,0, 과제종결(완료평가) 
410,20239170, 현업과제 , 2023P134 , STS2제강 140T 주편 그라인딩 저감기술 개발 , 2023-01-16 , 2024-03-29 , 2024-04-11 ,"551,712,960","551,712,960","556,772,818",1,1, 공정DX연구소 제강연구그룹 , (포항)STS제강부 기술개발섹션 , 강재연구소 제강연구그룹 , 강재연구소 제강연구그룹 , 김종철 , (포항)STS제강부 , 조용석 , (공정)STS공정-불량율저감기술 , 2024-07-01 , 기술축적 , 철강분야 , 정량효과 ,0,0,0,0,0,0,0,"510,351,652",0,0,0,0,0,0, 실수율/품질향상 ," ① Grinding 저감에 의한 실수율 향상 - {STS2제강 '24년 경영계획량 * '23년 304L 140T 중주편 생산비 * 실제 Grinding 저감할 수 있는 비율 * (2/140)} * (Slab 제조원가 - 304 자가 Scrap 사용단가)= {544천톤/년 * 7.33% * 70% * (2/140)} * (2,963,603원/톤 - 2,144,944원/톤) = 326,234,185원/년 ② Grinding 가공비 저감 - (STS2제강 '24년 경영계획량 * '23년 304L 140T 중주편 생산비 * 실제 Grinding 저감할 수 있는 비율)* Grinding 가공비 = (544천톤/년 * 7.33% * 70%)*6600원/톤 = 184,117,440원/년 ☞ ① + ② = 510,351,652원/년 ","551,712,960","510,351,652",4,70,"2,041,406,608",3.7, 과제종결(완료평가) 
411,20239171, 현업과제 , 2023P154 , CGL Pot Dead Zone 상부 드로스 제거 자동화 기술 개발 , 2023-02-06 , 2024-02-23 , 2024-07-17 ,"542,820,900","542,820,900","605,745,723",1,1, 공정DX연구소 압연엔지니어링연구그룹 ,  , 공정연구소 압연공정연구그룹 , 공정연구소 압연공정연구그룹 , 권용훈 , (광양)도금부 , 안정환 , (공정)표면처리공정-생산성향상기술 , 2024-03-05 , 기술축적 , 철강분야 , 정량효과 ,0,0,0,0,0,0,0,0,0,0,"200,000,000",0,0,0, 장치제작개발 , O. 드로스 제거 로봇 투자비용 (Pot D/S 및 W/S 각 1대 투자시) : 4억원*2대=8억원 (대당 4억원 : 로봇 하드웨어 & 소프트웨어) O. 연구개발에 의한 대체 효과 : 8억원 / 기술지속년수 (4년) = 2억원/년 ,"542,820,900","200,000,000",4,50,"800,000,000",1.47, 과제종결(완료평가) 
412,20239173, 미래기술과제 , 2023P218 , 박도금 과부착량 저감을 위한 에어나이프 와이핑 기술 개발 , 2023-04-03 , 2024-06-28 , 2024-06-24 ,"799,411,000","799,411,000","843,031,307",1,1, 공정DX연구소 압연엔지니어링연구그룹 ,  , 공정연구소 압연공정연구그룹 , 공정연구소 압연공정연구그룹 , 권용훈 , 공정연구소 압연공정연구그룹 , 강윤희 , (공정)표면처리공정-생산성향상기술 , 2026-12-01 , 기술축적 , 철강분야 , 정성효과 ,0,0,0,0,0,0,0,0,0,0,0,0,0,0,  ,  ,"799,411,000",0,  ,  ,0,0, 과제종결(완료평가) 
413,20239178, 현업과제 , 2023P113 , STS2제강 Smart AOD 정련 기술 개발 , 2023-01-02 , 2023-12-29 , 2023-12-28 ,"470,776,400","470,776,400","445,448,396",1,1, 공정DX연구소 제강연구그룹 , (포항)STS제강부 기술개발섹션 , 강재연구소 제강연구그룹 , 강재연구소 제강연구그룹 , 정은주 , (포항)STS제강부 , 조용석 , (공정)STS공정-생산성향상기술 , 2024-03-01 , 기술축적 , 철강분야 , 정성효과 ,0,0,0,0,0,0,0,0,0,0,0,0,0,0,  ,  ,"470,776,400",0,  ,  ,0,0, 과제종결(완료평가) 
414,20239181, 현업과제 , 2023P110 , 중공철근 적용 하이브리드 교각 구조 개발 및 성능 검증 , 2023-01-02 , 2024-03-01 , 2024-02-29 ,"416,618,500","416,618,500","401,872,702",1,1, 솔루션연구소 강건재솔루션연구그룹 ,  , 철강솔루션연구소 구조연구그룹 , 철강솔루션연구소 구조연구그룹 , 노명현 , 강건재가전마케팅실 강건재가전솔루션그룹 , 전형준 , (이용)강구조 , 2025-01-01 , 철강신수요창출 , 철강분야 , 정성효과 ,0,0,0,0,0,0,0,0,0,0,0,0,0,0,  ,  ,"416,618,500",0,  ,  ,0,0, 과제종결(완료평가) 
415,20239182, 현업과제 , 2023P333 , CO2운반선용 YP690MPa급 용접부 물성 확보 및 용접 잔류응력저감 기술개발 , 2023-07-03 , 2024-09-27 , 2024-09-20 ,"774,832,400","774,832,400","687,936,345",1,1, 솔루션연구소 강재솔루션연구그룹 ,  , 철강솔루션연구소 접합연구그룹 , 철강솔루션연구소 접합연구그룹 , 한규태 , 에너지조선마케팅실 조선소재판매그룹 , 이재혁 , (이용)접합 , 2024-10-01 , 철강신수요창출 , 철강분야 , 정량효과 ,0,0,"690,000,000",0,0,0,0,0,0,0,0,0,0,0, 제품개발/수입대체 , Noerthern Light phase2 등 신규프로젝트 수주에 따른 예상 수익성: 6.9억원/년 (중압용 LCO2 탱크용 강재 예상량 5천톤/년 x 영업이익 138천원/톤)(현대KAM) ,"774,832,400","690,000,000",4,80,"2,760,000,000",3.56, 과제종결(완료평가) 
416,20239183, 현업과제 , 2023P178 ," SN490B/CTM적용 내진접합부 로보트 용접 제품 기술 개발(C0, 2/2) ", 2023-03-06 , 2024-02-23 , 2024-02-27 ,"601,516,200","1,127,470,200","533,940,295",2,2, 솔루션연구소 강건재솔루션연구그룹 ,  , 철강솔루션연구소 구조연구그룹 , 철강솔루션연구소 구조연구그룹 , 정진안 , 강건재가전마케팅실 강건재가전솔루션그룹 , 전형준 , (이용)강구조 , 2024-12-27 , 철강신수요창출 , 철강분야 , 정량효과 ,0,0,0,0,0,0,"960,000,000",0,0,0,0,0,0,0, 신수요창출 , 신규 열연 제품 판매 12천톤*영업이익 8만원 =9.6억원/년 ,"601,516,200","960,000,000",4,40,"3,840,000,000",6.38, 과제종결(완료평가) 
417,20239184, 현업과제 , 2023P139 , 3후판 Press 교정 설정 자동화를 위한 기반기술 개발 , 2023-01-30 , 2024-03-01 , 2024-03-05 ,"759,515,000","759,515,000","571,966,101",1,1, 공정DX연구소 압연엔지니어링연구그룹 , 기술연구원 연구기획그룹 , 공정연구소 압연공정연구그룹 , 공정연구소 압연공정연구그룹 , 곽원식 , (포항)후판부 , 홍헌호 , (공정)후판공정-생산성향상기술 , 2024-06-28 , 기술축적 , 철강분야 , 정량효과 ,"336,000,000",0,0,0,0,0,0,0,0,0,0,0,0,0, 생산성향상 ," - Press 교정 일일 작업매수 향상(기존 22매/일 → 25매, 1.2억원/년) - 50T 이상 후물재 생산성 향상 (2,3후판 Ton/hr 향상, 2.16억원/년) ","759,515,000","336,000,000",4,100,"1,344,000,000",1.77, 과제종결(완료평가) 
418,20239185, 현업과제 , 2023P209 , CGL 탈탄 공정 강건화 기술 개발 , 2023-03-06 , 2024-02-23 , 2024-03-02 ,"520,752,000","520,752,000","707,357,864",1,1, (광양)GigaSteel프로젝트팀 ,  , 자동차소재연구소 자동차소재표면연구그룹 , 자동차소재연구소 자동차소재표면연구그룹 , 이원휘 , (광양)도금부 , 안정환 , (공정)표면처리공정-제품양산기술 , 2025-01-31 , 기술축적 , 철강분야 , 정량효과 ,0,0,0,0,0,0,"4,050,000,000",0,0,0,0,0,0,0, 신수요창출 , GI 1180TRIP Renault 판매량 1천톤/년x영업이익 400천원/톤 = 4억원/년 GI 980DH Daimler 판매량 15천톤/년x영업이익 243천원/톤=36.5억원/년 '25년 기준 총 영업이익 40.5억원/년 ,"520,752,000","4,050,000,000",4,40,"16,200,000,000",31.11, 과제종결(완료평가) 
419,20239186, 미래기술과제 , 2023P339 , 친환경 식별용 PosMAC 컬러 크롬3가 후처리 기술 개발 , 2023-07-17 , 2024-06-28 , 2024-07-02 ,"455,476,300","455,476,300","615,189,156",1,1, (포항)신재생에너지용PosMAC프로젝트팀 ,  , 자동차소재연구소 자동차소재표면연구그룹 , 자동차소재연구소 자동차소재표면연구그룹 , 조수현 , 자동차소재연구소 자동차소재표면연구그룹 , 백두진 , (제품)표면처리제품-품질개선기술 , 2025-12-31 , 기술축적 , 철강분야 , 정성효과 ,0,0,0,0,0,0,0,0,0,0,0,0,0,0,  ,  ,"455,476,300",0,  ,  ,0,0, 과제종결(완료평가) 
420,20239187, 현업과제 , 2023P171 , 플럭스성 대형 열연 결함 저감을 위한 탕면 유동 활성화 기술 개발 , 2023-02-06 , 2024-02-02 , 2024-02-07 ,"431,509,200","431,509,200","340,098,219",1,1, 공정DX연구소 제강연구그룹 ,  , 강재연구소 제강연구그룹 , 강재연구소 제강연구그룹 , 박인범 , (광양)제강부 , 최등모 , (공정)제강공정-원가절감기술 , 2024-02-29 , 기타 , 철강분야 , 정량효과 ,0,0,0,0,0,0,0,0,0,"1,190,000,000",0,0,0,0, 에너지절감 ," * 과제 기간 TEST에 근거한 이익 : 2-1MC FC-mold 연간 총사용전력량 9,500 (MWh) * 전력 저감량 35% * 산업용전기요금 140,000원/MWh = 4.65억/년 * 최종 기대 이익 : FC-mold 연간 총사용전력량 130,000 (MWh) * 전력 저감량 65% * 산업용전기요금 140,000원/MWh = 11.9억/년 ","431,509,200","1,190,000,000",3,100,"3,570,000,000",8.27, 과제종결(완료평가) 
421,20239188, 현업과제 , 2023P275 , STS 400계 Edge 품질 개선을 위한 제조기술 개발 , 2023-05-08 , 2023-11-24 , 2023-11-23 ,"391,714,500","391,714,500","270,801,257",1,1, 제품연구소 STS연구그룹 ,  , 강재연구소 STS연구그룹 , 강재연구소 STS연구그룹 , 박지언 , (포항)STS제강부 , 조용석 , (공정)STS공정-불량율저감기술 , 2024-01-31 , 기술축적 , 철강분야 , 정량효과 ,0,0,0,0,0,0,0,"79,000,000",0,0,0,0,0,0, 실수율/품질향상 , 0.79억원/년 = 귀터짐 실수율 개선(102톤/년) * (제조원가-스크랩가) ,"391,714,500","79,000,000",4,50,"316,000,000",0.81, 과제종결(완료평가) 
422,20239189, 미래기술과제 , 2023P183 , CR Gigasteel LME 개선 기술 개발 , 2023-03-06 , 2023-12-29 , 2024-01-09 ,"646,596,458","646,596,458","703,544,638",1,1, (광양)GigaSteel프로젝트팀 ,  , 자동차소재연구소 자동차소재표면연구그룹 , 자동차소재연구소 자동차소재표면연구그룹 , 권민혁 , 자동차소재연구소 자동차소재표면연구그룹 , 백두진 , (공정)냉연공정-제품양산기술 , 2024-01-01 , 철강신수요창출 , 철강분야 , 정성효과 ,0,0,0,0,0,0,0,0,0,0,0,0,0,0,  ,  ,"646,596,458",0,  ,  ,0,0, 과제종결(완료평가) 
423,20239191, 미래기술과제 , 2023P208 , 설비 조기검지를 위한 아날로그 센서 실시간 감시기술 개발 , 2023-03-06 , 2024-04-26 , 2024-04-25 ,"501,550,700","501,550,700","337,897,646",1,1, 공정DX연구소 압연엔지니어링연구그룹 ,  , 공정연구소 철강엔지니어링연구그룹 , 공정연구소 철강엔지니어링연구그룹 , 이형정 , 공정연구소 철강엔지니어링연구그룹 , 황종연 , (엔지니어링)열유체-Smart solution기술(AI/Big Data/IoT) , 2024-05-01 , 기술축적 , 철강분야 , 정성효과 ,0,0,0,0,0,0,0,0,0,0,0,0,0,0,  ,  ,"501,550,700",0,  ,  ,0,0, 과제종결(완료평가) 
424,20239192, 현업과제 , 2023P166 , STS강 실수율 향상을 위한 연연주비 증대기술 개발 , 2023-01-30 , 2024-06-28 , 2024-09-10 ,"725,347,050","725,347,050","743,440,053",1,1, 공정DX연구소 제강연구그룹 ,  , 강재연구소 제강연구그룹 , 강재연구소 제강연구그룹 , 최정윤 , (포항)STS제강부 , 조용석 , (공정)STS공정-원가절감기술 , 2024-10-01 , 기술축적 , 철강분야 , 정량효과 ,0,0,0,0,0,0,0,"238,000,000",0,0,0,0,0,0, 실수율/품질향상 ," 품질부적합 개선 기대이익 = 생산코일중량 x 부적합률 x 개선율 × 판매단가 = 35,350 ton x 1.59% x 10% x 4,228,786원/ton = 2.38억원/년 ","725,347,050","238,000,000",4,70,"952,000,000",1.31, 과제종결(완료평가) 
425,20239193, 현업과제 , 2023P073 , 강건재用 高강도 304FG 현장 적용연구 , 2023-01-02 , 2023-09-29 , 2023-09-27 ,"428,581,300","428,581,300","464,377,798",1,1, 연구개발AX가속화TF팀 ,  , 강재연구소 STS연구그룹 , 강재연구소 STS연구그룹 , 김경훈 , 스테인리스마케팅실 STS에너지강건재판매그룹 , 황성주 , (제품)STS제품-양산제품개발기술 , 2023-10-02 , 철강신수요창출 , 철강분야 , 정량효과 ,0,0,0,0,0,0,"1,560,000,000",0,0,0,0,0,0,0, 신수요창출 ," 15.6억원 = 10,000(28년 예상 정상판매량(톤)) x 156천원/톤(’20~’23년 STS304 평균 영업이익) ","428,581,300","1,560,000,000",2,50,"3,120,000,000",7.28, 과제종결(완료평가) 
426,20239194, 미래기술과제 , 2023P160 , 제강공정 난제거 성분 정련 요소기술 개발(2/3) , 2023-02-06 , 2024-01-26 , 2024-01-29 ,"523,503,600","523,503,600","499,808,681",1,1, 공정DX연구소 제강연구그룹 , (광양)전기로사업추진반 기술개발섹션 , 강재연구소 제강연구그룹 , 강재연구소 제강연구그룹 , 박정호 , 공정DX연구소 제강연구그룹 , 서성모 , (공정)제강공정-제품양산기술 , 2026-01-01 , 기술축적 , 철강분야 , 정성효과 ,0,0,0,0,0,0,0,0,0,0,0,0,0,0,  ,  ,"523,503,600",0,  ,  ,0,0, 과제종결(완료평가) 
427,20239195, 미래기술과제 , 2023P159 , 전기화학적 래들 슬래그 탈산 기술개발(2/2) , 2023-02-06 , 2024-01-26 , 2024-01-29 ,"305,861,900","305,861,900","287,137,725",1,1, 공정DX연구소 제강연구그룹 ,  , 강재연구소 제강연구그룹 , 강재연구소 제강연구그룹 , 현성희 , 공정DX연구소 제강연구그룹 , 서성모 , (공정)제강공정-제품양산기술 , 2025-04-02 , 기술축적 , 철강분야 , 정성효과 ,0,0,0,0,0,0,0,0,0,0,0,0,0,0,  ,  ,"305,861,900",0,  ,  ,0,0, 과제종결(완료평가) 
428,20239196, 미래기술과제 , 2023P158 , 플럭스를 이용한 용강중 Cu 제거 요소기술 개발 , 2023-02-06 , 2024-01-26 , 2024-01-29 ,"429,685,200","429,685,200","443,420,654",1,1, 공정DX연구소 제강연구그룹 ,  , 강재연구소 제강연구그룹 , 강재연구소 제강연구그룹 , 서정도 , 공정DX연구소 제강연구그룹 , 서성모 , (공정)제강공정-제품양산기술 , 2024-03-01 , 기술축적 , 철강분야 , 정성효과 ,0,0,0,0,0,0,0,0,0,0,0,0,0,0,  ,  ,"429,685,200",0,  ,  ,0,0, 과제종결(완료평가) 
429,20239198, 미래기술과제 , 2023P242 , 사용후핵연료 운반용기用 300계 STS 耐SCC성에 미치는 성분 및 조직 인자 영향 , 2023-04-03 , 2023-12-29 , 2023-12-26 ,"210,328,500","210,328,500","271,862,309",1,1, 제품연구소 STS연구그룹 ,  , 강재연구소 STS연구그룹 , 강재연구소 STS연구그룹 , 송석원 , 제품연구소 STS연구그룹 , 김진석 , (제품)STS제품-선도제품개발기술 , 2026-01-01 , 철강신수요창출 , 철강분야 , 정성효과 ,0,0,0,0,0,0,0,0,0,0,0,0,0,0,  ,  ,"210,328,500",0,  ,  ,0,0, 과제종결(완료평가) 
430,20239199, 현업과제 , 2023P205 , 후판 극후물재 주편 내외부 품질 개선 기술 개발 , 2023-03-13 , 2024-03-08 , 2024-03-27 ,"794,289,200","794,289,200","838,434,095",1,1, 공정DX연구소 제강연구그룹 ,  , 강재연구소 제강연구그룹 , 강재연구소 제강연구그룹 , 남철희 , (광양)후판부 , 이영춘 , (공정)제강공정-불량율저감기술 , 2024-03-11 , 기술축적 , 철강분야 , 정량효과 ,0,0,0,0,0,0,0,"648,309,200",0,0,0,0,0,0, 실수율/품질향상 , ○ 년간 기대이익 산출내역 (단위:천원) - 후물재의 내부 품질 개선에 의한 UST부적합률 감소(3.1→0.93%): 3.3억원/년 (톤당 정품/이상재 판매단가 차) × UST부적합 개선율 × 연간 판매량 = 308천원/톤×(2.17%)×97천톤/년 ,"794,289,200","648,309,200",2,40,"1,296,618,400",1.63, 과제종결(완료평가) 
431,20239200, 현업과제 , 2023P229 , 조선용 암모니아 탱크 저온용강 용접부 SCC 특성 보증 기술 개발 , 2023-04-03 , 2024-05-31 , 2024-06-28 ,"487,946,000","487,946,000","424,737,127",1,1, 솔루션연구소 강재솔루션연구그룹 ,  , 철강솔루션연구소 접합연구그룹 , 철강솔루션연구소 접합연구그룹 , 박서정 , 에너지조선마케팅실 조선소재판매그룹 , 이재혁 , (이용)접합 , 2024-06-01 , 철강신수요창출 , 철강분야 , 정성효과 ,0,0,0,0,0,0,0,0,0,0,0,0,0,0,  ,  ,"487,946,000",0,  ,  ,0,0, 과제종결(완료평가) 
432,20239201, 미래기술과제 , 2023P001 , 미주 GM향 Coating Free CR 1.2/1.8GPa HPF강 미래선도제품개발 , 2023-01-02 , 2023-10-27 , 2023-12-11 ,"580,665,000","580,665,000","713,608,129",1,1, 제품연구소 자동차소재연구그룹 ,  , 자동차소재연구소 자동차소재연구그룹 , 자동차소재연구소 자동차소재연구그룹 , 이세웅 , 제품연구소 자동차소재연구그룹 , 김성일 , (제품)냉연제품-선도제품개발기술 , 2025-01-01 , 기술축적 , 철강분야 , 정성효과 ,0,0,0,0,0,0,0,0,0,0,0,0,0,0,  ,  ,"580,665,000",0,  ,  ,0,0, 과제종결(완료평가) 
433,20239203, 현업과제 , 2023P149 , 현대차기아 GA SEDDQ 현장적용 연구 , 2023-02-06 , 2023-12-29 , 2023-12-28 ,"349,124,250","349,124,250","458,647,122",1,1, 제품연구소 자동차소재연구그룹 ,  , 자동차소재연구소 자동차소재연구그룹 , 자동차소재연구소 자동차소재연구그룹 , 한성호 , 자동차소재마케팅실 자동차강판판매그룹 , 홍윤식 , (제품)냉연제품-양산제품개발기술 , 2024-01-30 , 철강신수요창출 , 철강분야 , 정량효과 ,0,0,0,0,0,0,"1,345,650,000",0,0,0,0,0,0,0, 신수요창출 ," - 고객사 요구량 : 5,000톤/년(현대차기아), 12,942톤/년(북미 Stellantis) -> 총 17,942톤/년 - 영업이익 : 75,000원.톤 - 정량적 기대이익 : 1,345,650천원/년 ","369,124,250","1,345,650,000",3,50,"4,036,950,000",10.94, 과제종결(완료평가) 
434,20239204, 현업과제 , 2023P172 , 지하구조물 하이브리드 S-Beam용 공랭형 내진 KS-SN460B 양산제품 개발 , 2023-02-06 , 2023-10-27 , 2023-10-27 ,"415,699,000","415,699,000","430,366,975",1,1, 제품연구소 열연선재후판연구그룹 ,  , 강재연구소 에너지조선연구그룹 , 강재연구소 에너지조선연구그룹 , 조재영 , 강건재마케팅실 건설강재판매그룹 , 김상범 , (제품)후판제품-양산제품개발기술 , 2024-07-01 , 철강신수요창출 , 철강분야 , 정량효과 ,0,0,0,0,0,0,"930,000,000",0,0,0,0,0,0,0, 신수요창출 , • 활용계획: 당사 INNOVILT S-Beam 소재 고강도화로 강구조 거더시장 확대 (시장 규모 : 7천톤/년) • 기대이익: 9.3억원/년 (이지파트너社 거더 사용 예상량 7천톤/년 x 영업이익 133천원/톤) ,"415,699,000","930,000,000",3,50,"2,790,000,000",6.71, 과제종결(완료평가) 
435,20239205, 현업과제 , 2023P097 , Hyper NO 증산을 위한 용접부 판파단 억제 및 Lead Coil 생략 용접공정 기술개발 , 2023-01-09 , 2023-12-29 , 2024-01-02 ,"356,920,300","356,920,300","290,581,411",1,1, 솔루션연구소 강재솔루션연구그룹 ,  , 철강솔루션연구소 접합연구그룹 , 철강솔루션연구소 접합연구그룹 , 박서정 , (포항)전기강판부 , 김진형 , (이용)접합 , 2024-01-01 , 기술축적 , 철강분야 , 정성효과 ,0,0,0,0,0,0,0,0,0,0,0,0,0,0,  ,  ,"356,920,300",0,  ,  ,0,0, 과제종결(완료평가) 
436,20239206, 현업과제 , 2023P374 , FeMn 보온로의 운용성 증대를 위한 저융점 Slag 개발 , 2023-09-04 , 2024-08-30 , 2024-07-01 ,"398,093,200","398,093,200","350,855,380",1,1, 공정DX연구소 제강연구그룹 ,  , 강재연구소 제강연구그룹 , 강재연구소 제강연구그룹 , 송민호 , (광양)후판부 , 이영춘 , (공정)제강공정-생산성향상기술 , 2024-09-30 , 기술축적 , 철강분야 , 정성효과 ,0,0,0,0,0,0,0,0,0,0,0,0,0,0,  ,  ,"398,093,200",0,  ,  ,0,0, 과제종결(완료평가) 
437,20239208, 현업과제 , 2023P034 , APL 생략형 HNO 전기강판 연연주비 증대 기술 개발 , 2023-01-02 , 2023-10-27 , 2023-11-01 ,"306,744,400","306,744,400","274,699,086",1,1, 공정DX연구소 제강연구그룹 ,  , 강재연구소 제강연구그룹 , 강재연구소 제강연구그룹 , 이주혁 , (포항)제강부 , 최웅렬 , (공정)제강공정-생산성향상기술 , 2024-01-01 , 기술축적 , 철강분야 , 정량효과 ,0,"1,544,000,000",0,0,0,0,0,0,0,0,0,0,0,0, 원단위절감 ," [B-Class(50PN470, PF-PN18)을 APL 생략재로 전량 대체시] 턴디시 비용 절감 (4,675,802원/cast*68cast) + Crop 등 불건전 스크랩 저감 (1,173,682,718원) + 조강증산 기여효과 (조강증산량: 1,064톤*제강/연주 고정가공비: 45,000원/톤) + 스크랩 이송비 절감 (2,768,001원) = 15.44억원 ","306,744,400","1,544,000,000",4,25,"6,176,000,000",20.13, 과제종결(완료평가) 
438,20239209, 현업과제 , 2023P083 , 외판용 BH강 표면 불균일조직 및 선영성 개선 기술 개발 , 2023-01-09 , 2023-12-29 , 2023-12-23 ,"437,191,000","437,191,000","510,069,209",1,1, 제품연구소 자동차소재연구그룹 ,  , 자동차소재연구소 자동차소재연구그룹 , 자동차소재연구소 자동차소재연구그룹 , 하유미 , (광양)품질기술부 , 이철영 , (제품)냉연제품-품질개선기술 , 2024-03-01 , 철강신수요창출 , 철강분야 , 정량효과 ,0,0,0,0,0,0,"650,000,000",0,0,0,0,0,0,0, 신수요창출 ," 신규판매예상 5,000톤/년 X 예상영업이익 130,000원/ton ","447,191,000","650,000,000",1,50,"650,000,000",1.45, 과제종결(완료평가) 
439,20239210, 현업과제 , 2023P074 , 턴디시 내화물 내구성 향상 기술 개발 , 2023-01-02 , 2023-12-29 , 2023-12-28 ,"497,194,880","497,194,880","506,079,900",1,1, 공정DX연구소 제강연구그룹 ,  , 강재연구소 제강연구그룹 , 강재연구소 제강연구그룹 , 김장훈 , (광양)제강부 , 최등모 , (공정)제강공정-생산성향상기술 , 2024-07-01 , 기술축적 , 철강분야 , 정량효과 ,0,"4,020,000,000",0,0,0,0,0,"3,580,000,000",0,0,0,0,0,"80,000,000"," 실수율/품질향상,원단위절감,기타 ", 연연주비 향상에 따른 원가절감 : 11.5억원/년(평균 연연주비 1ch증대 가정시) . Tundish 내화물 및 수리비용 절감 40.2억원 + 정품증가 35.8억 +이송비용 0.2억 + TD지금 이송비용 0.6억 . 총 76.8억 X 기여율 15% ,"497,194,880","7,680,000,000",4,15,"30,720,000,000",61.79, 과제종결(완료평가) 
440,20239211, 현업과제 , 2023P072 , Shroud nozzle 수직도 및 내구성 향상 기술 개발 , 2023-01-02 , 2023-12-29 , 2023-12-28 ,"432,709,000","432,709,000","449,867,991",1,1, 공정DX연구소 제강연구그룹 ,  , 강재연구소 제강연구그룹 , 강재연구소 제강연구그룹 , 조승현 , (광양)노재그룹 , 박종화 , (공정)제강공정-생산성향상기술 , 2024-01-31 , 기술축적 , 철강분야 , 정량효과 ,"3,580,000,000","4,020,000,000",0,0,0,0,0,0,0,0,0,0,0,"80,000,000"," 생산성향상,원단위절감,기타 ", 평균 연연주비 1Ch 증대 가정 - 턴디시 내화물 및 수리비용 절감 40.2억원 + 정품증가 35.8억 + 이송비용 0.2억 + 턴디시 지금이송비용 0.6억 - 총 76.8억 X 기여육 10% ,"432,709,000","7,680,000,000",4,10,"30,720,000,000",70.99, 과제종결(완료평가) 
441,20239213, 현업과제 , 2023P071 , LCO2 저장탱크용 고강도 압력용기용 강재 용접부 PWHT전후 한계 저온인성 확보 기술 개발 , 2023-01-09 , 2023-12-22 , 2023-12-14 ,"275,457,800","275,457,800","215,909,187",1,1, 솔루션연구소 강재솔루션연구그룹 ,  , 철강솔루션연구소 접합연구그룹 , 철강솔루션연구소 접합연구그룹 , 이진우 , 에너지조선마케팅실 친환경에너지소재판매그룹 , 이동은 , (이용)접합 , 2024-04-30 , 철강신수요창출 , 철강분야 , 정성효과 ,0,0,0,0,0,0,0,0,0,0,0,0,0,0,  ,  ,"275,457,800",0,  ,  ,0,0, 과제종결(완료평가) 
442,20239215, 현업과제 , 2023P288 , 전로 열배합 정합성 향상 기술 , 2023-04-10 , 2024-04-12 , 2024-04-17 ,"618,907,100","1,109,280,066","239,635,885",2,1, 공정DX연구소 제강연구그룹 , (광양)제강부 2제강공장 , 강재연구소 제강연구그룹 , 강재연구소 제강연구그룹 , 한웅희 , (광양)제강부 , 최등모 , (공정)제강공정-원가절감기술 , 2025-09-01 , 기술축적 , 철강분야 , 정량효과 ,0,"170,000,000",0,0,0,0,0,0,0,0,0,0,0,"600,000,000"," 원단위절감,기타 "," - 조업 Case H에서의 열배합 Miss율 40% 개선을 통한 승열제 원단위 저감(1.7억원/년) . Dyn목표열원 적중률 25.0%下, 미준수 N수 1726Ch로 40% 저감 목표(총 690Ch 개선) . [(개선 Ch수 x Ch별 평균 승열제 투입량kg)/1000] x 승열제 단가(원/톤) x 기여율(%) . [(690Ch x 371kg)/1000] x 1,328,000원/톤 x 50% = 170백만원/년 - 2, 3제강 투자 및 정비비 절감: 과제 직접비 4.2억 제외시 6억 절감 . 투자비 10억 (S/W 및 알고리즘 개발비, H/W 설치비 포함) . Tuning시 협력작업 비용 절감: 3천만원/회/년 ","618,907,100","770,000,000",4,50,"3,080,000,000",4.98, 과제종결(단계완료평가) 
443,20239216, 현업과제 , 2023P268 , 전로 잔류 슬래그 정량화 및 공취 최적화 공정적용 기술개발 , 2023-04-24 , 2024-05-31 , 2024-05-26 ,"598,549,300","598,549,300","621,058,743",1,1, 강재연구소 제강연구그룹 ,  , 강재연구소 제강연구그룹 , 강재연구소 제강연구그룹 , 서성모 , (광양)제강부 , 최등모 , (공정)제강공정-원가절감기술 , 2026-01-01 , 기술축적 , 철강분야 , 정성효과 ,0,0,0,0,0,0,0,0,0,0,0,0,0,0,  ,  ,"598,549,300",0,  ,  ,0,0, 과제종결(완료평가) 
444,20239218, 미래기술과제 , 2023P003 , 탄소중립 대응 저HMR 자동차강재 품질확보 방안 , 2023-01-02 , 2023-12-29 , 2023-12-28 ,"870,954,920","870,954,920","1,165,231,765",1,1, (광양)전기로고급강프로젝트팀 ,  , 자동차소재연구소 자동차소재연구그룹 , 자동차소재연구소 자동차소재연구그룹 , 이재훈 , 제품연구소 자동차소재연구그룹 , 김성일 , (제품)표면처리제품-선도제품개발기술 , 2026-06-15 , 기술축적 , 철강분야 , 정성효과 ,0,0,0,0,0,0,0,0,0,0,0,0,0,0,  ,  ,"870,954,920",0,  ,  ,0,0, 과제종결(완료평가) 
445,20239219, 현업과제 , 2023P078 , 자동차용 YS보증강 재질편차 개선기술 개발 , 2023-01-02 , 2023-08-25 , 2023-08-30 ,"423,060,000","423,060,000","507,131,456",1,1, (광양)전기로고급강프로젝트팀 ,  , 자동차소재연구소 자동차소재연구그룹 , 자동차소재연구소 자동차소재연구그룹 , 김재중 , (광양)품질기술부 , 이철영 , (제품)냉연제품-품질개선기술 , 2023-12-29 , 기술축적 , 철강분야 , 정성효과 ,0,0,0,0,0,0,0,0,0,0,0,0,0,0,  ,  ,"423,060,000",0,  ,  ,0,0, 과제종결(완료평가) 
446,20239223, 현업과제 , 2023P044 ," 계면특성 개선(DRY_SPM, Ni) 기가스틸 강재의 고객물성 평가 및 보증기간 도출 ", 2023-01-02 , 2024-01-05 , 2024-01-02 ,"100,766,800","100,766,800","76,889,944",1,1, 임원 ,  , 철강솔루션연구소 성능연구그룹 , 철강솔루션연구소 성능연구그룹 , 송연균 , (광양)냉연부 , 이훈휘 , (공정)냉연공정-원가절감기술 , 2024-08-01 , 기술축적 , 철강분야 , 정성효과 ,0,0,0,0,0,0,0,0,0,0,0,0,0,0,  ,  ,"100,766,800",0,  ,  ,0,0, 과제종결(완료평가) 
447,20239225, 현업과제 , 2023P108 , 일본 드럼사의 실사용 용액조건 일원화를 위한 인산염 반응성 향상 연구 , 2023-01-16 , 2023-12-29 , 2023-12-28 ,"531,642,800","531,642,800","382,876,538",1,1, 솔루션연구소 강재솔루션연구그룹 ,  , 철강솔루션연구소 성능연구그룹 , 철강솔루션연구소 성능연구그룹 , 박중철 , 전기전자마케팅실 솔루션개발섹션 , 나상준 , (이용)강재성능 , 2024-01-01 , 철강신수요창출 , 철강분야 , 정량효과 ,0,0,0,0,0,0,"240,000,000",0,0,0,0,0,0,0, 신수요창출 ," 대상 고객사는 YAMAMOTO DRUM, JFE CONTAINER, DAIKAN 3개 고객사이며, 판매전망량은 '24년 40천톤, '25년 41천톤, '26년 42천톤, '27년 43천톤으로 '27년까지 3천톤 이상 증가하여 판매 예정 =3000톤x80000원 = 2.4억원 ","531,642,800","240,000,000",4,80,"960,000,000",1.81, 과제종결(완료평가) 
448,20239226, 현업과제 , 2023P115 , 배터리 Module Case용 고강도 290 UFG 현장 적용연구 , 2023-01-02 , 2023-09-29 , 2023-09-22 ,"300,373,900","300,373,900","265,995,656",1,1, 제품연구소 STS연구그룹 ,  , 강재연구소 STS연구그룹 , 강재연구소 STS연구그룹 , 노한섭 , 자동차소재마케팅실 친환경차그룹 , 김창묵 , (제품)STS제품-양산제품개발기술 , 2023-12-29 , 철강신수요창출 , 철강분야 , 정량효과 ,0,0,0,0,0,0,"1,250,000,000",0,0,0,0,0,0,0, 신수요창출 ," ○ 정량효과: 기대이익 12.5억/년 (290 일반재 영업이익 550천원/톤, 향후 5년간 2.5천톤/년 수요 예상) ","300,373,900","1,250,000,000",4,100,"5,000,000,000",16.65, 과제종결(완료평가) 
449,20239227, 현업과제 , 2023P290 , STS2제강 전기로 집진 설비 운전 최적화 , 2023-06-05 , 2024-05-24 , 2024-06-04 ,"846,847,400","846,847,400","765,784,563",1,1, 공정DX연구소 압연엔지니어링연구그룹 ,  , 공정연구소 철강엔지니어링연구그룹 , 공정연구소 철강엔지니어링연구그룹 , 김구화 , (포항)STS제강부 , 조용석 , (공정)STS공정-대기기술 , 2024-06-03 , 법/제도규제대응 , 철강분야 , 정성효과 ,0,0,0,0,0,0,0,0,0,0,0,0,0,0,  ,  ,"846,847,400",0,  ,  ,0,0, 과제종결(완료평가) 
450,20239228, 현업과제 , 2023P142 , STS3제강 전기로 집진설비 제어시스템 개발 , 2023-01-30 , 2024-05-03 , 2024-05-27 ,"905,312,000","905,312,000","877,695,506",1,1, 공정DX연구소 압연엔지니어링연구그룹 ,  , 공정연구소 철강엔지니어링연구그룹 , 공정연구소 철강엔지니어링연구그룹 , 김구화 , (포항)STS제강부 , 조용석 , (환경/에너지)환경-대기기술 , 2024-07-01 , 기업이미지제고 , 철강분야 , 정성효과 ,0,0,0,0,0,0,0,0,0,0,0,0,0,0,  ,  ,"905,312,000",0,  ,  ,0,0, 과제종결(완료평가) 
451,20239229, 현업과제 , 2023P170 , STS4제강 래들 경동대 집진효율 향상기술 개발 , 2023-02-06 , 2023-09-29 , 2023-09-22 ,"559,086,600","559,086,600","69,891,817",1,1, 공정DX연구소 압연엔지니어링연구그룹 , (포항)제선부 2제선공장 , (포항)PosMC기술개발TF팀 , (포항)PosMC기술개발TF팀 , 조운관 , (포항)STS제강부 , 조용석 , (환경/에너지)환경-대기기술 , 2023-10-02 , 법/제도규제대응 , 철강분야 , 정성효과 ,0,0,0,0,0,0,0,0,0,0,0,0,0,0,  ,  ,"559,086,600",0,  ,  ,0,0, 과제종결(완료평가) 
452,20239230, 현업과제 , 2023P177 , LNG/LPG 운반선 Processing Pipe용 201LN 시장선도제품 개발 , 2023-02-20 , 2023-10-27 , 2023-11-08 ,"416,676,500","416,676,500","405,063,413",1,1, (포항)차세대성장시장용STS프로젝트팀 ,  , 강재연구소 STS연구그룹 , 강재연구소 STS연구그룹 , 김지수 , 스테인리스마케팅실 솔루션개발섹션 , 황영훈 , (제품)STS제품-선도제품개발기술 , 2025-12-31 , 철강신수요창출 , 철강분야 , 정량효과 ,0,0,"425,000,000",0,0,0,0,0,0,0,0,0,0,0, 제품개발/수입대체 ," 당사 유사강종 204강 영업이익 170천원/톤 반영, 예상 적용물량 25척 분량 5천톤/년 중 50% 공급 가정 ","416,676,500","425,000,000",4,50,"1,700,000,000",4.08, 과제종결(완료평가) 
453,20239234, 현업과제 , 2023P013 , 광양 후판 가열로 자동조업시스템 기능 개선 및 고도화 , 2023-01-16 , 2023-12-15 , 2023-12-29 ,"379,548,000","379,548,000","459,782,861",1,1, 미래철강연구소 차세대철강연구그룹 ,  , 공정연구소 철강엔지니어링연구그룹 , 공정연구소 철강엔지니어링연구그룹 , 이동은 , (광양)후판부 , 이영춘 , (공정)후판공정-원가절감기술 , 2024-01-01 , 기술축적 , 철강분야 , 정량효과 ,0,"240,000,000",0,0,0,0,0,0,0,0,0,0,0,0, 원단위절감 ," 개선 전 연료원단위 x 원단위 저감율 x 연료단가 x 생산량 = 255Mcal/Ton x 0.01 x 38.6원/Mcal x 2,500,000Ton = 2.4억원 (* 원단위 1% 개선 목표) ","379,548,000","240,000,000",3,100,"720,000,000",1.9, 과제종결(완료평가) 
454,20239235, 미래기술과제 , 2023P092 , 열연 1차 스케일 두께 측정을 통한 Scale Loss 정량화 기술 개발 , 2023-01-09 , 2023-09-29 , 2023-10-05 ,"319,568,200","319,568,200","287,402,397",1,1, 미래철강연구소 차세대철강연구그룹 ,  , 공정연구소 압연공정연구그룹 , 공정연구소 압연공정연구그룹 , 박민재 , 공정연구소 압연공정연구그룹 , 강윤희 , (공정)열연공정-생산성향상기술 , 2024-03-04 , 기술축적 , 철강분야 , 정성효과 ,0,0,0,0,0,0,0,0,0,0,0,0,0,0,  ,  ,"319,568,200",0,  ,  ,0,0, 과제종결(완료평가) 
455,20239236, 미래기술과제 , 2023P187 , 포스코 고유 Austenite 응고 주조 조직 미세화 기술 개발 , 2023-03-06 , 2024-08-30 , 2024-08-29 ,"710,706,200","710,706,200","742,414,530",1,1, 공정DX연구소 제강연구그룹 ,  , 강재연구소 제강연구그룹 , 강재연구소 제강연구그룹 , 박성배 , 공정DX연구소 제강연구그룹 , 서성모 , (공정)제강공정-불량율저감기술 , 2024-12-31 , 기술축적 , 철강분야 , 정성효과 ,0,0,0,0,0,0,0,0,0,0,0,0,0,0,  ,  ,"710,706,200",0,  ,  ,0,0, 과제종결(완료평가) 
456,20239238, 현업과제 , 2023P207 , 제진강판 부품화 개발을 통한 가전제품 진동소음 저감기술 개발 , 2023-03-27 , 2024-04-19 , 2024-03-25 ,"479,282,900","479,282,900","344,694,678",1,1, 솔루션연구소 강재솔루션연구그룹 ,  , 철강솔루션연구소 성능연구그룹 , 철강솔루션연구소 성능연구그룹 , 강대규 , 강건재가전마케팅실 강건재가전솔루션그룹 , 전형준 , (이용)강재성능 , 2025-02-03 , 철강신수요창출 , 철강분야 , 정성효과 ,0,0,0,0,0,0,0,0,0,0,0,0,0,0,  ,  ,"479,282,900",0,  ,  ,0,0, 과제종결(완료평가) 
457,20239239, 현업과제 , 2023P107 , 상용차용 PO/HR 650CP강 RIM 접합기술 양산화 개발 , 2023-01-09 , 2023-12-01 , 2023-12-07 ,"523,084,000","523,084,000","391,094,318",1,1, 솔루션연구소 자동차소재솔루션연구그룹 ,  , 철강솔루션연구소 접합연구그룹 , 철강솔루션연구소 접합연구그룹 , 배규열 , 자동차소재마케팅실 자동차강판수출2그룹 , 한상민 , (이용)접합 , 2024-01-02 , 철강신수요창출 , 철강분야 , 정량효과 ,0,0,0,0,0,0,"2,000,000,000",0,0,0,0,0,0,0, 신수요창출 ," ○ 기대효과 : 20억원/년, 20천톤/년(예상판매) * 100천원/톤(영업이익) ","523,084,000","2,000,000,000",4,30,"8,000,000,000",15.29, 과제종결(완료평가) 
458,20239240, 현업과제 , 2023P082 , 열연 API 재질예측 모델을 활용한 저원가형 API-X65/X70강 개발 , 2023-01-09 , 2023-12-22 , 2023-12-23 ,"472,305,500","472,305,500","458,098,835",1,1, (포항)에너지후판프로젝트팀 ,  , 강재연구소 에너지조선연구그룹 , 강재연구소 에너지조선연구그룹 , 김완근 , 열연선재마케팅실 열연판매그룹 솔루션개발섹션 , 강건우 , (제품)열연제품-품질개선기술 , 2024-01-01 , 기술축적 , 철강분야 , 정량효과 ,0,"390,000,000",0,0,0,0,0,0,0,0,0,0,0,0, 원단위절감 ," 기대이익: 예상수요 10,000톤/년 x 합금저감효과 39,000원/톤 = 3.9억원/년 ","622,305,500","390,000,000",4,80,"1,560,000,000",2.51, 과제종결(완료평가) 
459,20239243, 현업과제 , 2023P162 , 2CGL DFF를 활용한 산화환원 기술개발 , 2023-02-06 , 2023-10-27 , 2023-09-27 ,"222,353,100","222,353,100","265,361,182",1,1, 미래철강연구소 차세대철강연구그룹 ,  , 자동차소재연구소 자동차소재표면연구그룹 , 자동차소재연구소 자동차소재표면연구그룹 , 김영하 , (광양)도금부 , 안정환 , (공정)표면처리공정-불량율저감기술 , 2023-11-01 , 기술축적 , 철강분야 , 정량효과 ,0,0,0,0,0,0,"1,312,000,000",0,0,0,0,0,0,0, 신수요창출 ," 1,312,000,000 원/년 (PosMAC3.0 도금박리로 인한 신규 수주제약 해소에 따른 신규수요 확대) ※ 산출식 = (YS보증강 PosMAC3.0 신규수주 보류량, ’22년 기준) * 톤당 영업이익 = 8,000 톤/년 * 164,000 원/톤 = 1,312,000,000 원/년 ","222,353,100","1,312,000,000",4,50,"5,248,000,000",23.6, 과제종결(완료평가) 
460,20239246, 미래기술과제 , 2023P217 , 원자력 사용후핵연료 저장용기 CISCC저감 STS 용접 솔루션 개발 , 2023-03-27 , 2024-03-01 , 2024-03-08 ,"463,106,700","463,106,700","392,762,859",1,1, 솔루션연구소 강재솔루션연구그룹 ,  , 철강솔루션연구소 접합연구그룹 , 철강솔루션연구소 접합연구그룹 , 배홍열 , 철강솔루션연구소 접합연구그룹 , 정보영 , (이용)접합 , 2024-07-31 , 철강신수요창출 , 철강분야 , 정성효과 ,0,0,0,0,0,0,0,0,0,0,0,0,0,0,  ,  ,"463,106,700",0,  ,  ,0,0, 과제종결(완료평가) 
461,20239248, 현업과제 , 2023P323 , 건설용 1.4GPa급 초고장력볼트 성능평가 및 KS 규격화 , 2023-07-03 , 2024-09-27 , 2024-09-12 ,"484,151,000","484,151,000","468,208,550",1,1, 솔루션연구소 강건재솔루션연구그룹 ,  , 철강솔루션연구소 구조연구그룹 , 철강솔루션연구소 구조연구그룹 , 정미영 , 열연선재마케팅실 선재판매그룹 솔루션개발섹션 , 오영태 , (이용)강구조 , 2024-12-31 , 철강신수요창출 , 철강분야 , 정성효과 ,0,0,0,0,0,0,0,0,0,0,0,0,0,0,  ,  ,"484,151,000",0,  ,  ,0,0, 과제종결(완료평가) 
462,20239249, 미래기술과제 , 2023P086 , 상용차용 1.5GPa급 후열처리강 초경량휠 용접부 가공성 및 내구 향상 기술 개발 , 2023-01-09 , 2023-12-01 , 2023-12-11 ,"347,840,000","347,840,000","281,029,709",1,1, 솔루션연구소 자동차소재솔루션연구그룹 ,  , 철강솔루션연구소 접합연구그룹 , 철강솔루션연구소 접합연구그룹 , 배규열 , 철강솔루션연구소 접합연구그룹 , 정보영 , (이용)접합 , 2024-01-03 , 철강신수요창출 , 철강분야 , 정량효과 ,0,0,0,0,0,0,"4,500,000,000",0,0,0,0,0,0,0, 신수요창출 , 기대이익 : 예상 판매량 30천톤/년 (‘25년) × 영업이익 150천원/톤 = 45억원 ,"347,840,000","4,500,000,000",4,30,"18,000,000,000",51.75, 과제종결(완료평가) 
463,20239250, 현업과제 , 2023P180 , 수식모델 Ensemble AI 활용 전기강판 ZRM 통합 압연하중 예측 시스템 개발 , 2023-03-06 , 2024-05-10 , 2024-05-03 ,"212,480,000","212,480,000","214,342,200",1,1, 공정DX연구소 압연엔지니어링연구그룹 ,  , 공정연구소 압연공정연구그룹 , 공정연구소 압연공정연구그룹 , 조용석 , (포항)전기강판부 , 박용화 , (공정)전기강판공정-불량율저감기술 , 2024-07-01 , 기술축적 , 철강분야 , 정량효과 ,"1,761,000,000",0,0,0,0,0,0,0,0,0,0,0,0,0, 생산성향상 , - 초기 판파단 발생 저감을 통한 생산성 향상 : 17.61 억원/년 . 생산성 향상 : (개선후 – 개선전 T/H) x 개선 후 연간 순작업시간(순작업시간=처리량/(T/H)) x 실수율 x 고정가공비 1ZRM : (15.3 - 14.2ton/hr) x 6459hr x 97.6% x 86087원/ton = 5.97억원/년 2ZRM : (16.3 - 14.8ton/hr) x 6775hr x 95.0% x 86087원/ton = 8.31억원/년 3ZRM : (16.58 - 15.97ton/hr) x 6498hr x 97.6% x 86087원/ton = 3.33억원/년 ,"212,480,000","1,761,000,000",4,20,"7,044,000,000",33.15, 과제종결(완료평가) 
464,20239254, 현업과제 , 2023P081 , 열연 권취기 EPC 시스템 설계 및 Pilot 장치 개발 , 2023-01-09 , 2023-12-29 , 2024-03-28 ,"582,456,219","582,456,219","504,032,855",1,1, 공정DX연구소 압연엔지니어링연구그룹 ,  , 창의혁신TF팀(열연) , 공정연구소 압연공정연구그룹 , 권혁철 , (광양)열연부 , 최석찬 , (공정)열연공정-생산성향상기술 , 2025-03-28 , 기술축적 , 철강분야 , 정량효과 ,0,0,0,0,0,0,0,"350,000,000",0,0,0,0,0,0, 실수율/품질향상 , 권취 Telescope 저감을 통한 원가개선 효과 ,"582,456,219","350,000,000",4,70,"1,400,000,000",2.4, 과제종결(완료평가) 
465,20239255, 현업과제 , 2023P033 , 고효율 RH 정련 Process 적용을 통한 RH 처리시간 최적화 , 2023-01-02 , 2023-10-27 , 2023-10-26 ,"536,176,000","536,176,000","494,424,001",1,1, 공정DX연구소 제강연구그룹 ,  , 강재연구소 제강연구그룹 , 강재연구소 제강연구그룹 , 차우열 , (포항)제강부 , 최웅렬 , (공정)제강공정-원가절감기술 , 2023-11-01 , 기술축적 , 철강분야 , 정량효과 ,0,"160,000,000",0,0,0,"279,778,572",0,0,0,"1,366,086,960",0,0,0,0," 원단위절감,에너지절감,부산물/폐기물재활용 "," ○ RH 박벽화에 따른 RH하부조 내화물 Set단가저감 : 1.6억원/년 - 1RH Set 내화물 단가 저감(76백만원→68백만원), 8백만원 저감 ○ RH 처리시간 저감(극저탄소강+저탄소강 A04%)에 따른 변동 가공비(80738원/분) 저감(Steam 비용 등) : 13.7억원/년 - 극저탄소강(3504ch/년) 처리시간 2분 저감 (22분 → 20분), 중저탄,저탄,중탄(9912ch/년) 처리시간 1분 저감 (포항 2제강 기준 ’23년 1~8 기준 RH 변동 가공비 80,738원/분) ○ RH Heatloss 저감에 따른 전로 온도 저감으로 전로 부산물 활용 기회 증대에 따른 원가저감 : 2.8억원/년 - Heat save로 인한 SPB 0.05톤/1도로 부산물 사용가능하며, 고철과의 단가차(551179원/톤) ","536,176,000","1,805,865,532",4,80,"7,223,462,128",13.47, 과제종결(완료평가) 
466,20239256, 미래기술과제 , 2023P060 , 가열로 버너 수소연료 사용 기술 개발 (2/2) , 2023-01-02 , 2023-12-29 , 2024-02-29 ,"542,079,200","542,079,200","600,001,993",1,1, 미래철강연구소 차세대철강연구그룹 ,  , 공정연구소 철강엔지니어링연구그룹 , 공정연구소 철강엔지니어링연구그룹 , 시성규 , 공정연구소 철강엔지니어링연구그룹 , 황종연 , (엔지니어링)열유체-에너지기술 , 2025-08-31 , 기술축적 , 철강분야 , 정성효과 ,0,0,0,0,0,0,0,0,0,0,0,0,0,0,  ,  ,"542,079,200",0,  ,  ,0,0, 과제종결(완료평가) 
467,20239260, 미래기술과제 , 2023P091 , Substructure 조직제어를 통한 Multi-grade형 미래 선도제품 개발 , 2023-01-09 , 2023-10-27 , 2023-11-01 ,"483,364,700","483,364,700","488,331,105",1,1, 제품연구소 열연선재후판연구그룹 , 미래수요개발실 , 강재연구소 열연선재연구그룹 , 강재연구소 열연선재연구그룹 , 이재승 , 제품연구소 열연선재후판연구그룹 , 고성웅 , (공정)선재공정-원가절감기술 , 2025-07-01 , 기타 , 철강분야 , 정량효과 ,0,0,"2,730,000,000",0,0,0,0,0,0,0,0,0,0,0, 제품개발/수입대체 ," • 정량효과: 27.3억 - 합금원가 저감: 13억(15,853톤(‘21년 SCM435 판매량 20%)X82천원(매출원가 SCM435(919,859원)-SWRCH45(833.562원)) - 열처리 생략: 14.3억(열처리 회수 3회(SA2회, QT1회)X 3만원/톤(열처리 비용)X15,853톤(대상량)) ","483,364,700","2,730,000,000",4,100,"10,920,000,000",22.59, 과제종결(완료평가) 
468,20239263, 현업과제 , 2023P043 , 가열로 연료 원단위 절감을 위한 연료 Gas 실열량 기반 연소제어 기술 개발 , 2023-01-02 , 2023-12-29 , 2023-12-20 ,"583,851,200","583,851,200","574,453,890",1,1, 포스코홀딩스 ,  , 공정연구소 철강엔지니어링연구그룹 , 공정연구소 철강엔지니어링연구그룹 , 이승진 , (광양)열연부 , 최석찬 , (공정)열연공정-원가절감기술 , 2024-08-31 , 기술축적 , 철강분야 , 정량효과 ,0,0,0,0,0,0,0,0,0,"503,000,000",0,0,0,0, 에너지절감 ," 252.68 --> 250.15 Mcal/Ton 1% 개선, COG단가 46원/Mcal, 생산량 430만톤 5.03억원 / 년 ","793,851,200","503,000,000",4,100,"2,012,000,000",2.53, 과제종결(완료평가) 
469,20239264, 현업과제 , 2023P430 , 4선재 냉간 단조용 중탄소강 강종 통합 기반 기술 개발 , 2023-11-20 , 2024-10-18 , 2024-10-22 ,"471,518,900","471,518,900","518,029,561",1,1, 제품연구소 열연선재후판연구그룹 , 미래수요개발실 , 강재연구소 열연선재연구그룹 , 강재연구소 열연선재연구그룹 , 이재승 , (포항)품질기술부 , 안성수 , (공정)선재공정-원가절감기술 , 2026-07-01 , 철강신수요창출 , 철강분야 , 정량효과 ,0,0,"2,730,000,000",0,0,0,0,0,0,0,0,0,0,0, 제품개발/수입대체 ," • 정량효과: 27.3억 - 합금원가 저감: 13억(15,853톤(‘21년 SCM435 판매량 20%)X82천원(매출원가 SCM435(919,859원)-SWRCH45(833.562원)) - 열처리 생략: 14.3억(열처리 회수 3회(SA2회, QT1회)X 3만원/톤(열처리 비용)X15,853톤(대상량)) ","471,518,900","2,730,000,000",4,90,"10,920,000,000",23.16, 과제종결(완료평가) 
470,20239265, 현업과제 , 2023P330 , 차세대 PNX 전기강판 연연주수 증대를 위한 몰드 플럭스 개발 , 2023-07-03 , 2024-06-28 , 2024-05-17 ,"384,351,450","384,351,450","381,155,972",1,1, 공정DX연구소 제강연구그룹 ,  , 강재연구소 제강연구그룹 , 강재연구소 제강연구그룹 , 정태인 , 임원 , 최웅렬 , (공정)제강공정-원가절감기술 , 2024-07-01 , 기술축적 , 철강분야 , 정량효과 ,"391,651,857",0,0,0,0,0,0,0,0,0,0,0,0,0, 생산성향상 ," 차세대 PNX 양산시 단연주에서 4연연주로 증대시 변동비 및 고정비 절감 11.7억/3년 → 3.9억/년 ① Tundish 사용 대수 감소에 의한 변동비 절감 2.7억 ② 연연주 증대에 의한 생산성 향상으로 고정비 절감 9.0억 양산 판매 예상 `27-1928톤, `28-6747톤, `29-12048톤 ","384,351,450","391,651,857",4,100,"1,566,607,428",4.08, 과제종결(완료평가) 
471,20239266, 현업과제 , 2023P042 , 디스플레이용 방열 해석 및 구조 설계를 통한 TV 부품화 솔루션 개발 , 2023-01-02 , 2023-12-29 , 2023-12-18 ,"680,474,325","680,474,325","506,457,711",1,1, 솔루션연구소 강재솔루션연구그룹 ,  , 철강솔루션연구소 성능연구그룹 , 철강솔루션연구소 성능연구그룹 , 김중규 , 전기전자마케팅실 솔루션개발섹션 , 나상준 , (이용)강재성능 , 2024-01-01 , 기술축적 , 철강분야 , 정성효과 ,0,0,0,0,0,0,0,0,0,0,0,0,0,0,  ,  ,"680,474,325",0,  ,  ,0,0, 과제종결(완료평가) 
472,20239267, 현업과제 , 2023P200 , 열연 공정 중 스케일 결함 가시화 및 분류 AI 모델 개발 , 2023-03-06 , 2024-03-29 , 2024-04-04 ,"343,671,500","343,671,500","321,979,109",1,1, 미래철강연구소 차세대철강연구그룹 ,  , 공정연구소 압연공정연구그룹 , 공정연구소 압연공정연구그룹 , 박민재 , (광양)열연부 , 최석찬 , (공정)열연공정-불량율저감기술 , 2024-04-01 , 기술축적 , 철강분야 , 정성효과 ,0,0,0,0,0,0,0,0,0,0,0,0,0,0,  ,  ,"343,671,500",0,  ,  ,0,0, 과제종결(완료평가) 
473,20239268, 현업과제 , 2023P058 , 주편 크랙 저감형 mold package 기술개발 , 2023-01-02 , 2023-12-29 , 2023-12-19 ,"1,587,388,600","1,587,388,600","1,296,121,647",1,1, 공정DX연구소 제강연구그룹 ,  , 강재연구소 제강연구그룹 , 강재연구소 제강연구그룹 , 조경철 , (포항)제강부 , 최웅렬 , (공정)제강공정-불량율저감기술 , 2024-03-04 , 기술축적 , 철강분야 , 정량효과 ,"1,549,509,171",0,0,0,0,0,0,0,0,0,0,0,0,0, 생산성향상 ," ① 연간 몰드소요금액 (개선전) : 2개 Strand * 13.7회/년 * (16,160,000원/년 + 3,136,399원/년) = 528,013,799원/년 ② 연간 몰드소요금액 (개선후) : 2개 Strand * 5.6회/년 * (37,600,000원/년 + 3,559,785원/년) = 459,701,596원/년 ③ 연간 주조손실비용 차이 : 2개 Strand * 17,733,900원/년 * (13.7회/년 – 5.6회/년) = 287,193,875원/년 ④ 연간 몰드 정비비, 재료비 차이 : 2개 Strand * 9,941,383원/년 * (13.7회/년 – 5.6회/년) = 160,996,978원/년 연주기 몰드 동판 장수명화에 따른 총 이익 : ① - ② + ③ + ④ = 516,503,057원/년 포항/광양 활용계획 확정 3개 연주기 적용시 : 516,503,057원/년 * 3 = 1,549,509,171원/년 ","1,587,388,600","1,549,509,171",4,80,"6,198,036,684",3.9, 과제종결(완료평가) 
474,20239269, 현업과제 , 2023P222 , 두산에너빌리티 LNG선박 소형열교환기용 세립 304L_FG 확산접합 기술 개발 , 2023-04-03 , 2023-12-08 , 2023-12-07 ,"343,995,300","343,995,300","248,603,623",1,1, 솔루션연구소 강재솔루션연구그룹 ,  , 철강솔루션연구소 접합연구그룹 , 철강솔루션연구소 접합연구그룹 , 이원배 , 스테인리스마케팅실 솔루션개발섹션 , 황영훈 , (이용)접합 , 2024-12-31 , 고객기술지원 , 철강분야 , 정량효과 ,0,0,0,0,0,0,0,0,0,0,0,0,0,"234,000,000", 기타 ," - 316L (냉연) 가격 6000원/kg, 예상 판매량 300톤 [두산 100톤+ 기타국내업체 200톤], 수익율 13% = 6,000,000 * 300 * 0.13 = 234,000,000 (연간기대이익) ","343,995,300","234,000,000",4,60,"936,000,000",2.72, 과제종결(완료평가) 
475,20239270, 현업과제 , 2023P041 ," 스케일 특성이 우수한 저Si형 EN-S355J2NR, EN-S275JRAR 제품 개발 ", 2023-01-02 , 2023-12-29 , 2023-12-26 ,"361,970,900","361,970,900","354,999,716",1,1, 제품연구소 열연선재후판연구그룹 ,  , 강재연구소 에너지조선연구그룹 , 강재연구소 에너지조선연구그룹 , 김상호 , 에너지조선마케팅실 산기플랜트소재판매그룹 , 마재소 , (제품)후판제품-양산제품개발기술 , 2024-02-01 , 철강신수요창출 , 철강분야 , 정량효과 ,0,0,"750,000,000",0,0,0,0,0,0,0,0,0,0,0, 제품개발/수입대체 ," 신규 판매량 50,000톤/년 x 톤당영업이익 15,000원/톤 = 7.5억원/년 ","461,970,900","750,000,000",4,80,"3,000,000,000",6.49, 과제종결(완료평가) 
476,20239271, 미래기술과제 , 2023P090 , 철강공정 부생가스 내 CO2 활용 중조 생산 기술 , 2023-01-09 , 2023-09-29 , 2023-09-25 ,"167,440,600","167,440,600","175,903,771",1,1, 미래철강연구소 차세대철강연구그룹 ,  , 공정연구소 철강엔지니어링연구그룹 , 공정연구소 철강엔지니어링연구그룹 , 박경태 , 공정연구소 철강엔지니어링연구그룹 , 황종연 , (환경/에너지)에너지 , 2026-01-01 , 기술축적 , 철강분야 , 정성효과 ,0,0,0,0,0,0,0,0,0,0,0,0,0,0,  ,  ,"167,440,600",0,  ,  ,0,0, 과제종결(완료평가) 
477,20239273, 현업과제 , 2023P138 , 쇄빙 LNG선용 A/D/E500 저원가/생산성 향상 제조조건 도출 , 2023-02-06 , 2023-12-29 , 2023-12-26 ,"319,602,500","319,602,500","267,314,952",1,1, 제품연구소 열연선재후판연구그룹 ,  , 강재연구소 에너지조선연구그룹 , 강재연구소 에너지조선연구그룹 , 이학철 , 에너지조선마케팅실 조선소재판매그룹 , 이재혁 , (제품)후판제품-양산제품개발기술 , 2024-12-01 , 기술축적 , 철강분야 , 정량효과 ,0,"450,000,000",0,0,0,0,0,0,0,0,0,0,0,0, 원단위절감 , 5천톤(‘21년 A500 판매량) X 90천원(0.3% Ni저감) = 4.5억원/년 ,"419,602,500","450,000,000",4,50,"1,800,000,000",4.29, 과제종결(완료평가) 
478,20239274, 현업과제 , 2023P199 , CGL F'ce-Pot 공정 조건 최적화를 통한 에너지 절감 및 PosMAC 표면 품질 향상 , 2023-03-06 , 2024-05-24 , 2024-06-02 ,"609,980,200","609,980,200","866,871,685",1,1, 제품연구소 표면연구그룹 , 기술연구원 연구기획그룹 , 자동차소재연구소 자동차소재표면연구그룹 , 자동차소재연구소 자동차소재표면연구그룹 , 소슬기 , (포항)냉연부 , 조명래 , (공정)표면처리공정-원가절감기술 , 2024-06-03 , 기술축적 , 철강분야 , 정량효과 ,0,"320,000,000",0,0,0,0,0,0,0,0,0,0,0,0, 원단위절감 , 100Nm3/h(LNG절감량) x 6936h(‘24년 도금제품 생산시간) x 463.8원/Nm3(‘23 LNG단가)=3.2억원 ,"609,980,200","320,000,000",4,50,"1,280,000,000",2.1, 과제종결(완료평가) 
479,20239277, 현업과제 , 2023P381 , Bloom 말Ch 주편 품질 및 실수율 향상 기술 개발 , 2023-09-04 , 2024-09-27 , 2024-09-12 ,"331,964,200","331,964,200","330,198,631",1,1, 공정DX연구소 제강연구그룹 , (포항)제강부 연주기술개발섹션 , 강재연구소 제강연구그룹 , 강재연구소 제강연구그룹 , 정성석 , (포항)제강부 , 송원용 , (공정)제강공정-불량율저감기술 , 2024-10-01 , 기술축적 , 철강분야 , 정량효과 ,0,0,0,0,0,0,0,"1,945,136,000",0,0,0,0,0,0, 실수율/품질향상 ," (블룸 제조원가 - 고급 Scrap 단가차) * 적용대상 중량 = (806,459 - 563,317)원/톤 * 8,000톤 = 1,945,136,000원 ","331,964,200","1,945,136,000",4,80,"7,780,544,000",23.44, 과제종결(완료평가) 
480,20239278, 현업과제 , 2023P132 , 4열연 정정 자동화를 통한 생산성 향상 기술 개발 , 2023-01-16 , 2023-12-29 , 2023-12-17 ,"485,920,000","485,920,000","483,780,975",1,1, (광양)HyperNO프로젝트팀 ,  , 공정연구소 압연공정연구그룹 , 공정연구소 압연공정연구그룹 , 최대곤 , (광양)열연부 , 최석찬 , (공정)열연공정-생산성향상기술 , 2024-01-02 , 기술축적 , 철강분야 , 정량효과 ,"390,093,761",0,0,0,0,0,0,0,0,0,0,0,0,0, 생산성향상 ," ① 개선 가능 증산량: 연간 단축 시간*톤 파워 증가량 = 작업시간[hr/년] * 실수율[%] * 작업률[%] * 톤파워[톤/hr] = 7555.03 * (98.16/100) * (79.04/100) * (100-93.1) = 40,445.18[톤/년] - 톤 파워: 93.1 [톤/hr] (`23년 실적), 100.0 [톤/hr] (목표) - 작업시간: 7555.03 [hr/년] (`23년 실적, ~11월) - 실수율: 98.16[%] (`23년 실적) - 작업률: 79.04[%] (`23년 실적) ② 정정 고정가공비: 9,645 [원/톤] ∴ 기대효과: ①개선 가능 증산량 x ②정정 고정비 = 390,093,761 [원/년] ","485,920,000","390,093,761",4,90,"1,560,375,044",3.21, 과제종결(완료평가) 
481,20239283, 현업과제 , 2023P192 , 냉장고 Door용 고강도 430DP강 현장적용 연구 , 2023-03-06 , 2023-09-29 , 2023-09-26 ,"419,746,300","419,746,300","398,260,604",1,1, 제품연구소 STS연구그룹 ,  , 강재연구소 STS연구그룹 , 강재연구소 STS연구그룹 , 공정현 , 스테인리스마케팅실 STS자동차가전판매그룹 , 이선후 , (제품)STS제품-양산제품개발기술 , 2024-01-01 , 철강신수요창출 , 철강분야 , 정량효과 ,0,0,"900,000,000",0,0,0,0,0,0,0,0,0,0,0, 제품개발/수입대체 , ○ 기대효과 : 9억원/년 (국내 가전사 예상수요량 6천톤/년 x 영업이익 150천원/톤) ,"419,746,300","900,000,000",4,50,"3,600,000,000",8.58, 과제종결(완료평가) 
482,20239285, 현업과제 , 2023P304 , YS275/355MPa급 내화강 성능기반 내화구조설계를 위한 용접솔루션 개발 , 2023-06-12 , 2024-09-20 , 2024-09-13 ,"553,204,600","553,204,600","512,272,740",1,1, 솔루션연구소 강재솔루션연구그룹 ,  , 철강솔루션연구소 접합연구그룹 , 철강솔루션연구소 접합연구그룹 , 강민석 , 강건재가전마케팅실 강건재가전솔루션그룹 , 전형준 , (이용)접합 , 2024-09-23 , 철강신수요창출 , 철강분야 , 정성효과 ,0,0,0,0,0,0,0,0,0,0,0,0,0,0,  ,  ,"553,204,600",0,  ,  ,0,0, 과제종결(완료평가) 
483,20239286, 현업과제 , 2023P264 ," HY100 80mmt 후물재 적용 5,000톤급 대형 잠수함 압력선체 수명향상 기술 개발 ", 2023-05-01 , 2024-07-19 , 2024-08-06 ,"450,482,000","450,482,000","359,215,593",1,1, 솔루션연구소 강재솔루션연구그룹 ,  , 철강솔루션연구소 접합연구그룹 , 철강솔루션연구소 접합연구그룹 , 이재익 , 에너지조선마케팅실 조선소재판매그룹 , 이재혁 , (이용)접합 , 2024-07-26 , 고객기술지원 , 철강분야 , 정성효과 ,0,0,0,0,0,0,0,0,0,0,0,0,0,0,  ,  ,"450,482,000",0,  ,  ,0,0, 과제종결(완료평가) 
484,20239287, 현업과제 , 2023P292 , HNO 이상역 상분율 반영 열연 변형저항 예측모델 개발 , 2023-05-01 , 2024-01-26 , 2024-02-05 ,"362,782,100","362,782,100","458,858,310",1,1, 연구개발AX가속화TF팀 ,  , 강재연구소 열연선재연구그룹 , 강재연구소 열연선재연구그룹 , 김현호 , (포항)열연부 , 손승락 , (공정)열연공정-불량율저감기술 , 2024-07-31 , 기술축적 , 철강분야 , 정량효과 ,0,0,0,0,0,0,0,"384,000,000",0,0,0,0,0,0, 실수율/품질향상 ," APL 생략형 HNO 제품 양산 개발 Speed-up ( 64,000톤/년 * 60,000원/톤 * 기여율 10% = 3.84억원/년) ","362,782,100","384,000,000",4,10,"1,536,000,000",4.23, 과제종결(완료평가) 
485,20239289, 현업과제 , 2023P089 , STS 4제강 주조래들 내화물 재질 및 Profile 개선을 통한 강건화 기술 개발 , 2023-01-09 , 2023-12-29 , 2023-12-28 ,"553,247,950","553,247,950","552,474,058",1,1, 공정DX연구소 제강연구그룹 ,  , 강재연구소 제강연구그룹 , 강재연구소 제강연구그룹 , 권오성 , (포항)노재그룹 , 김대중 , (공정)STS공정-원가절감기술 , 2024-03-01 , 기술축적 , 철강분야 , 정량효과 ,0,0,0,"650,000,000",0,0,0,0,0,0,0,0,0,0, 자재수명향상 ," - 내화물 재사용 및 바닥 소수리 수명 증가에 따른 주조래들 수리 저감으로 비용 절감 : 6.5억/년 . 중수리 기준 비용(1.3억원/대, 소수리 2회 포함) * 년간 중수리기준 수리대수 감소(소수리 1Ch 수명 증가시 △5대/년) ","553,247,950","650,000,000",4,70,"2,600,000,000",4.7, 과제종결(완료평가) 
486,20239291, 미래기술과제 , 2023P021 , 제강 래들 열손실 저감 기술 개발 , 2023-01-02 , 2024-03-29 , 2024-03-27 ,"469,098,287","469,098,287","582,760,203",1,1, 공정DX연구소 압연엔지니어링연구그룹 ,  , 공정연구소 철강엔지니어링연구그룹 , 공정연구소 철강엔지니어링연구그룹 , 유종우 , 공정연구소 철강엔지니어링연구그룹 , 황종연 , (공정)제강공정-원가절감기술 , 2024-08-01 , 기술축적 , 철강분야 , 정량효과 ,0,0,0,0,0,0,0,0,0,"340,000,000",0,0,0,0, 에너지절감 ," 정량적 이익 (기대이익 혹은 실현이익) : 2.5억원/년 - 제강부 승열재 FeSi 사용 저감 . 산출식 : △1℃ x 62억원/ ℃ x 9백만톤 (광2제강)/37.2백만톤 (양소 제강) x 8대/35대= 3.4 억원/년 - 설비투자비 : 2.6억원 (3년 사용) . 래들 단열도료 도포 비용 : 33백만원/대 (단열도료 19백만원, 도포비용 14백만원) . 광양 2제강 래들 대수 : 35대 중 8대 단열도료 도포 - 연간 기대이익 : (3.4억원/년 x 3년 – 2.6억원)/3년 = 2.5억원/년 ","729,098,287","340,000,000",3,50,"1,020,000,000",1.4, 과제종결(완료평가) 
487,20239293, 미래기술과제 , 2023P012 , 원료 야드 Pile 복/개포 작업 기계화 기술 개발 (1/2) , 2023-01-02 , 2023-09-29 , 2023-09-20 ,"491,640,600","491,640,600","535,553,029",1,1, 공정DX연구소 압연엔지니어링연구그룹 ,  , 공정연구소 철강엔지니어링연구그룹 , 공정연구소 철강엔지니어링연구그룹 , 유종우 , 공정연구소 철강엔지니어링연구그룹 , 황종연 , (엔지니어링)기계설비-부산물기술 , 2024-07-01 , 기술축적 , 철강분야 , 정성효과 ,0,0,0,0,0,0,0,0,0,0,0,0,0,0,  ,  ,"491,640,600",0,  ,  ,0,0, 과제종결(단계완료평가) 
488,20239297, 현업과제 , 2023P117 , 열연 특고탄소강 WCR재 SLAB 장입온도 기준 정립 , 2023-01-16 , 2023-10-27 , 2023-10-28 ,"456,853,250","456,853,250","461,130,884",1,1, 제품연구소 STS연구그룹 ,  , 강재연구소 열연선재연구그룹 , 강재연구소 열연선재연구그룹 , 장제욱 , (포항)품질기술부 , 이재기 , (공정)열연공정-불량율저감기술 , 2024-01-01 , 기술축적 , 철강분야 , 정량효과 ,0,0,0,0,0,0,0,"300,000,000",0,0,0,0,0,0, 실수율/품질향상 , 개선전/후 불량률차이 * 연간 SK85 생산량 * SK85 Scrap가격 ,"456,853,250","300,000,000",3,70,"900,000,000",1.97, 과제종결(완료평가) 
489,20239300, 현업과제 , 2023P182 , 노벽 부착물과 생광 낙하시의 노열과 용융물 유동제어 기술 개발 , 2023-01-30 , 2024-01-26 , 2024-02-07 ,"421,363,100","421,363,100","413,367,526",1,1, 공정DX연구소 제선연구그룹 ,  , 저탄소제철연구소 제선연구그룹 , 저탄소제철연구소 제선연구그룹 , 백찬영 , (광양)제선부 , 손병연 , (공정)제선공정-생산성향상기술 , 2024-03-01 , 기술축적 , 철강분야 , 정성효과 ,0,0,0,0,0,0,0,0,0,0,0,0,0,0,  ,  ,"421,363,100",0,  ,  ,0,0, 과제종결(완료평가) 
490,20239301, 현업과제 , 2023P070 , Ni free형 20t이하 X60/X65 후판 API 저원가제품 개발 , 2023-01-02 , 2023-10-27 , 2023-10-27 ,"346,439,500","346,439,500","349,041,280",1,1, (포항)에너지후판프로젝트팀 ,  , 강재연구소 에너지조선연구그룹 , 강재연구소 에너지조선연구그룹 , 김진유 , 열연선재마케팅실 열연판매그룹 솔루션개발섹션 , 강건우 , (제품)후판제품-선도제품개발기술 , 2024-01-01 , 기타 , 철강분야 , 정량효과 ,0,"700,000,000",0,0,0,0,0,0,0,0,0,0,0,0, 원단위절감 ," • 기대이익(추정) : 12,000톤/년 (예상 적용량) x 59,000원/톤 (Ni-Mo 절감에 따른 기대 이익) = 7억원/년 ","346,439,500","700,000,000",4,50,"2,800,000,000",8.08, 과제종결(완료평가) 
491,20239302, 미래기술과제 , 2023P230 , 전변형을 고려한 수소배관의 수소취화 물성예측 기초기술 개발 , 2023-04-03 , 2024-05-31 , 2024-05-23 ,"761,969,130","761,969,130","673,153,584",1,1, 솔루션연구소 강건재솔루션연구그룹 ,  , 철강솔루션연구소 구조연구그룹 , 철강솔루션연구소 구조연구그룹 , 김기석 , 철강솔루션연구소 구조연구그룹 , 박찬희 , (이용)강구조 , 2024-12-31 , 기술축적 , 철강분야 , 정성효과 ,0,0,0,0,0,0,0,0,0,0,0,0,0,0,  ,  ,"761,969,130",0,  ,  ,0,0, 과제종결(완료평가) 
492,20239304, 현업과제 , 2023P018 , 항복강도 325MPa급 내해수 강재 개발 , 2023-01-02 , 2023-11-24 , 2023-11-17 ,"200,164,000","200,164,000","200,373,602",1,1, 제품연구소 열연선재후판연구그룹 ,  , 강재연구소 에너지조선연구그룹 , 강재연구소 에너지조선연구그룹 , 고성웅 , 에너지조선마케팅실 솔루션개발섹션 , 김태욱 , (제품)후판제품-선도제품개발기술 , 2024-10-01 , 기술축적 , 철강분야 , 정성효과 ,0,0,0,0,0,0,0,0,0,0,0,0,0,0,  ,  ,"200,164,000",0,  ,  ,0,0, 과제종결(완료평가) 
493,20239305, 미래기술과제 , 2023P020 , TLC 단열커버 강건화 설계 기술 개발 , 2023-01-02 , 2024-03-29 , 2024-03-27 ,"641,700,650","641,700,650","694,387,805",1,1, 미래철강연구소 차세대철강연구그룹 ,  , 공정연구소 철강엔지니어링연구그룹 , 공정연구소 철강엔지니어링연구그룹 , 박상현 , 공정연구소 철강엔지니어링연구그룹 , 황종연 , (공정)제선공정-원가절감기술 , 2025-01-01 , 기술축적 , 철강분야 , 정량효과 ,0,0,0,0,0,0,0,0,0,"400,000,000",0,0,0,0, 에너지절감 ," ○ 정량적 이익 (기대이익 혹은 실현이익) : 3.8억원/년-기 . 산출식 : △10℃ x 62억원/℃-년 / 150기= 4 억원/년-기 - 설비투자비 : 0.8억원 (1기 기준) - 연간 기대이익 : (4억원/년 x 4년 – 0.8억원)/4년 = 3.8억원/년 ○ 정성적 이익 (정성적 효과, 지적재산 확보 등) - TLC 단열커버 기술 적용 가능 ","721,700,650","400,000,000",4,100,"1,600,000,000",2.22, 과제종결(완료평가) 
494,20239306, 현업과제 , 2023P216 , 액화수소용 극저온 충격인성이 우수한 316LH 후판 선도제품 개발 , 2023-04-03 , 2024-01-26 , 2024-01-18 ,"420,678,660","420,678,660","510,395,282",1,1, 제품연구소 STS연구그룹 ,  , 강재연구소 STS연구그룹 , 강재연구소 STS연구그룹 , 송석원 , 스테인리스마케팅실 솔루션개발섹션 , 황영훈 , (제품)STS제품-선도제품개발기술 , 2026-01-01 , 철강신수요창출 , 철강분야 , 정성효과 ,0,0,0,0,0,0,0,0,0,0,0,0,0,0,  ,  ,"420,678,660",0,  ,  ,0,0, 과제종결(완료평가) 
495,20239307, 현업과제 , 2023P281 , 슬라브 내부품질 개선을 위한 주편 응고프로파일 측정 기술 개발 , 2023-05-01 , 2024-05-31 , 2024-12-08 ,"337,684,617","337,684,617","238,153,443",1,1, 공정DX연구소 제강연구그룹 ,  , 생산기술전략실 창의혁신TF팀(제강) , 강재연구소 제강연구그룹 , 문상운 , (포항)제강부 , 송원용 , (공정)제강공정-불량율저감기술 , 2025-01-01 , 기술축적 , 철강분야 , 정량효과 ,0,0,0,0,0,0,0,"230,000,000",0,0,0,0,0,0, 실수율/품질향상 ," - 주편 응고프로파일 측정 결과 활용 2-1합리화 연주기 경압하 조건 최적화 및 내부품질 개선 - 400t BCA강 광폭재 내부품질 개선에 따른 판매량 증가 (기회손실 저감) (광폭재 판매 증가 목표 : 1000톤 X 품질개선에 판매 이익 증가 : 230,000원/톤 = 2.3억원) ","337,684,617","230,000,000",4,60,"920,000,000",2.72, 과제종결(완료평가) 
496,20239309, 미래기술과제 , 2023P059 , 수소 - 철광석 유동층 Flow Regime 평가 기술 개발 , 2023-01-02 , 2023-12-29 , 2023-12-27 ,"472,809,400","472,809,400","584,549,248",1,1, 미래철강연구소 수소환원제철연구그룹 ,  , 저탄소제철연구소 수소환원연구그룹 , 저탄소제철연구소 수소환원연구그룹 , 고창국 , 저탄소제철연구소 수소환원연구그룹 , 이영석 , (공정)제선공정-제품양산기술 , 2024-12-31 , 기술축적 , 철강분야 , 정성효과 ,0,0,0,0,0,0,0,0,0,0,0,0,0,0,  ,  ,"472,809,400",0,  ,  ,0,0, 과제종결(완료평가) 
497,20239315, 미래기술과제 , 2023P017 , 4%Si 전기강판재 생산 등주속 이형 압연기술 개발 , 2023-01-02 , 2024-08-30 , 2024-09-02 ,"641,938,100","641,938,100","622,319,388",1,1, 공정DX연구소 압연엔지니어링연구그룹 ,  , 공정연구소 압연공정연구그룹 , 공정연구소 압연공정연구그룹 , 이규택 , 공정연구소 압연공정연구그룹 , 강윤희 , (공정)전기강판공정-생산성향상기술 , 2026-10-01 , 기술축적 , 철강분야 , 정성효과 ,0,0,0,0,0,0,0,0,0,0,0,0,0,0,  ,  ,"641,938,100",0,  ,  ,0,0, 과제종결(완료평가) 
498,20239316, 현업과제 , 2023P032 , GM/도요타향 CR 1.5GPa급 PosMART강 시장선도제품 개발 , 2023-01-02 , 2023-10-27 , 2023-09-27 ,"689,113,800","689,113,800","752,756,274",1,1, 자동차소재연구소 자동차소재연구그룹 ,  , 자동차소재연구소 자동차소재연구그룹 , 자동차소재연구소 자동차소재연구그룹 , 한상호 , 자동차소재마케팅실 자동차소재솔루션그룹 , 조용균 , (제품)냉연제품-선도제품개발기술 , 2023-11-01 , 기술축적 , 철강분야 , 정량효과 ,0,0,"850,000,000",0,0,0,0,0,0,0,0,0,0,0, 제품개발/수입대체 ," 예상수요 6,000톤/년(도요타: 3,000톤 + α, GM: 3,000톤) x 판매가격 약 1,415,000원/ton x 예상영업이익률 10% ","689,113,800","850,000,000",4,60,"3,400,000,000",4.93, 과제종결(완료평가) 
499,20239317, 미래기술과제 , 2023P215 , RC대체 저탄소 강합성구조 요소기술 개발 (1/2) , 2023-03-27 , 2024-03-01 , 2024-03-19 ,"559,305,600","634,447,300","483,452,217",2,1, 솔루션연구소 강건재솔루션연구그룹 ,  , 철강솔루션연구소 구조연구그룹 , 철강솔루션연구소 구조연구그룹 , 이호준 , 철강솔루션연구소 구조연구그룹 , 박찬희 , (이용)강구조 , 2025-03-03 , 기술축적 , 철강분야 , 정성효과 ,0,0,0,0,0,0,0,0,0,0,0,0,0,0,  ,  ,"559,305,600",0,  ,  ,0,0, 과제종결(단계완료평가) 
500,20239319, 미래기술과제 , 2023P211 , PEM 수전해 분리판용 고전도성 Ti coil 표면개질 요소기술 개발 , 2023-03-20 , 2023-12-15 , 2023-12-19 ,"461,695,400","461,695,400","466,522,908",1,1, 제품연구소 STS연구그룹 ,  , 강재연구소 STS연구그룹 , 강재연구소 STS연구그룹 , 김종희 , 제품연구소 STS연구그룹 , 김진석 , (제품)STS제품-선도제품개발기술 , 2024-07-01 , 철강신수요창출 , 철강분야 , 정성효과 ,0,0,0,0,0,0,0,0,0,0,0,0,0,0,  ,  ,"461,695,400",0,  ,  ,0,0, 과제종결(완료평가) 
501,20239321, 미래기술과제 , 2023P025 ," PosMAC1.5 590, 980MPa급 AHSS LME 개선 기술 개발 ", 2023-01-02 , 2023-09-29 , 2023-09-25 ,"205,418,400","205,418,400","277,282,358",1,1, 제품연구소 표면연구그룹 ,  , 자동차소재연구소 자동차소재표면연구그룹 , 자동차소재연구소 자동차소재표면연구그룹 , 김도엽 , 자동차소재연구소 자동차소재표면연구그룹 , 백두진 , (공정)표면처리공정-생산성향상기술 , 2024-08-05 , 기술축적 , 철강분야 , 정성효과 ,0,0,0,0,0,0,0,0,0,0,0,0,0,0,  ,  ,"205,418,400",0,  ,  ,0,0, 과제종결(완료평가) 
502,20239322, 미래기술과제 , 2023P351 ," 건축구조용 고온(600도) YS 보증 열연 KS-FR420, 460 미래 선도 제품 개발 ", 2023-07-24 , 2024-07-26 , 2024-08-05 ,"409,038,500","409,038,500","429,763,064",1,1, 제품연구소 열연선재후판연구그룹 ,  , 강재연구소 열연선재연구그룹 , 강재연구소 열연선재연구그룹 , 김득중 , 제품연구소 열연선재후판연구그룹 , 고성웅 , (제품)열연제품-선도제품개발기술 , 2025-01-01 , 철강신수요창출 , 철강분야 , 정성효과 ,0,0,0,0,0,0,0,0,0,0,0,0,0,0,  ,  ,"409,038,500",0,  ,  ,0,0, 과제종결(완료평가) 
503,20239326, 현업과제 , 2023P262 , 액화수소 저장탱크용 고Mn강 용접재료 시장선도 개발 , 2023-04-17 , 2024-12-27 , 2024-09-23 ,"518,058,800","518,058,800","424,207,885",1,1, 솔루션연구소 강재솔루션연구그룹 , 후판마케팅실 솔루션개발섹션 , 철강솔루션연구소 접합연구그룹 , 철강솔루션연구소 접합연구그룹 , 이상철 , 에너지조선마케팅실 친환경에너지소재판매그룹 , 이동은 , (이용)접합 , 2026-07-01 , 철강신수요창출 , 철강분야 , 정성효과 ,0,0,0,0,0,0,0,0,0,0,0,0,0,0,  ,  ,"518,058,800",0,  ,  ,0,0, 과제종결(완료평가) 
504,20239327, 미래기술과제 , 2023P096 , AlZn 차별화 물성 개발 및 자동차사별 요구물성 Data Set 구축 , 2023-01-09 , 2023-12-29 , 2023-12-11 ,"669,591,980","669,591,980","851,367,567",1,1, 제품연구소 표면연구그룹 ,  , 자동차소재연구소 자동차소재표면연구그룹 , 자동차소재연구소 자동차소재표면연구그룹 , 황현석 , 기술연구원 자동차소재연구소 , 오지은 , (제품)표면처리제품-선도제품개발기술 , 2024-01-01 , 철강신수요창출 , 철강분야 , 정성효과 ,0,0,0,0,0,0,0,0,0,0,0,0,0,0,  ,  ,"669,591,980",0,  ,  ,0,0, 과제종결(완료평가) 
505,20239328, 현업과제 , 2023P204 , PosMAC 강판 적용 태양광 POST 및 형강 절단면 보수도장 시공기준 개발 , 2023-03-06 , 2024-03-01 , 2024-02-28 ,"575,555,800","575,555,800","464,690,250",1,1, 솔루션연구소 강재솔루션연구그룹 ,  , 철강솔루션연구소 성능연구그룹 , 철강솔루션연구소 성능연구그룹 , 박종원 , 강건재가전마케팅실 강건재가전솔루션그룹 , 전형준 , (이용)강재성능 , 2024-04-30 , 철강신수요창출 , 철강분야 , 정량효과 ,0,0,0,0,0,0,"1,100,000,000",0,0,0,0,0,0,0, 신수요창출 ," - 해상 태양광 구조물, 염해농지형 POST 등 신수요 창출 (10천톤/년) * 연간 기대이익: 1,100천원/톤 x 10천톤/년 x 영업이익율 10% = 11.0 (억원/년) ","575,555,800","1,100,000,000",4,70,"4,400,000,000",7.64, 과제종결(완료평가) 
506,20239329, 미래기술과제 , 2023P095 , Al 합금도금계 HPF강 점용접솔루션 개발 , 2023-02-06 , 2023-10-27 , 2023-10-25 ,"396,210,000","396,210,000","269,376,905",1,1, 솔루션연구소 자동차소재솔루션연구그룹 ,  , 철강솔루션연구소 접합연구그룹 , 철강솔루션연구소 접합연구그룹 , 한도경 , 기술연구원 자동차소재연구소 , 오지은 , (이용)접합 , 2024-12-01 , 고객기술지원 , 철강분야 , 정량효과 ,0,0,0,0,0,0,0,0,0,0,0,0,0,"1,080,000,000", 기타 , ○ Al-HPF '23년 예상 판매량 (64.5 천톤) X 예상 영업이익1) (167 천원/톤) X 기여율 (10%) = 10.8억원/년 예상 1) '23년 판매목표 (129 천톤)의 50% 가정 2) 예상 영업이익: AlSi도금 1500HPF 영업이익(’19. 능운향) ,"396,210,000","1,080,000,000",2,25,"2,160,000,000",5.45, 과제종결(완료평가) 
507,20239330, 미래기술과제 , 2023P165 , Al합금도금용 HPF강 후처리 공정 기술 개발 , 2023-02-06 , 2023-10-27 , 2023-11-09 ,"549,813,800","549,813,800","682,475,991",1,1, 제품연구소 표면연구그룹 , 글로벌제품기술실 냉연제품기술그룹 표면처리고객지원설계섹션 , 자동차소재연구소 자동차소재표면연구그룹 , 자동차소재연구소 자동차소재표면연구그룹 , 이강민 , 기술연구원 자동차소재연구소 , 오지은 , (공정)표면처리공정-에너지기술 , 2025-01-01 , 철강신수요창출 , 철강분야 , 정성효과 ,0,0,0,0,0,0,0,0,0,0,0,0,0,0,  ,  ,"549,813,800",0,  ,  ,0,0, 과제종결(완료평가) 
508,20239334, 현업과제 , 2023P009 , 성형모드별 샘플에 걸리는 잔류응력 정량화를 통한 실부품 수소취성 모사 기술 개발 , 2023-01-02 , 2023-09-29 , 2023-09-27 ,"562,960,950","562,960,950","382,093,159",1,1, 솔루션연구소 자동차소재솔루션연구그룹 ,  , 철강솔루션연구소 성능연구그룹 , 철강솔루션연구소 성능연구그룹 , 정연승 , 자동차소재마케팅실 자동차소재솔루션그룹 , 조용균 , (이용)강재성능 , 2023-10-02 , 고객기술지원 , 철강분야 , 정량효과 ,0,0,"924,000,000",0,0,0,0,0,0,0,0,0,0,0, 제품개발/수입대체 ," 예상수요 (3500톤/년) X 판매이익(200,000원/톤) X 예상 수요지속년수(2년) X 기여율 (33%) = 924,000천원 ","562,960,950","924,000,000",2,33,"1,848,000,000",3.28, 과제종결(완료평가) 
509,20239335, 미래기술과제 , 2023P241 , 1.5GPa급 기가스틸의 모재 및 용접부 강내 수소량과 피로수명 상관관계 연구 , 2023-04-03 , 2023-12-29 , 2023-12-28 ,"449,997,750","449,997,750","370,929,916",1,1, 솔루션연구소 자동차소재솔루션연구그룹 ,  , 철강솔루션연구소 성능연구그룹 , 철강솔루션연구소 성능연구그룹 , 황아인 , 철강솔루션연구소 성능연구그룹 , 정용균 , (이용)강재성능 , 2024-01-01 , 고객기술지원 , 철강분야 , 정성효과 ,0,0,0,0,0,0,0,0,0,0,0,0,0,0,  ,  ,"449,997,750",0,  ,  ,0,0, 과제종결(완료평가) 
510,20239338, 현업과제 , 2023P191 , 2냉연 CAL RCS 전장전폭 균일냉각 자동제어 기술 개발 , 2023-03-06 , 2024-02-23 , 2024-02-29 ,"337,956,900","337,956,900","355,033,332",1,1, 공정DX연구소 압연엔지니어링연구그룹 ,  , 공정연구소 압연공정연구그룹 , 공정연구소 압연공정연구그룹 , 이규택 , (광양)냉연부 , 이훈휘 , (공정)냉연공정-생산성향상기술 , 2024-03-04 , 기술축적 , 철강분야 , 정량효과 ,0,0,0,0,0,0,0,"438,784,800",0,0,0,0,0,0, 실수율/품질향상 ," 기가급 강재 재질편차 개선 통한 판매 확대 기여 = 21년 2CAL 생산 기가급 강재(RCS 400도이하 980DP, 980TRIP) 영업이익 × 23년 기가급강재 예상 판매량(자동차소재마케팅실, 18년) × 기여율 = 67,694원/톤 × 460,000 톤 × 2% ","337,956,900","438,784,800",4,50,"1,755,139,200",5.19, 과제종결(완료평가) 
511,20239339, 현업과제 , 2023P190 , (포항) COF 고온소둔 중 Coil 변형 메커니즘 규명을 통한 형상 결함 개선 , 2023-03-06 , 2024-08-23 , 2024-08-23 ,"588,672,065","588,672,065","523,460,667",1,1, 미래철강연구소 차세대철강연구그룹 ,  , 공정연구소 철강엔지니어링연구그룹 , 공정연구소 철강엔지니어링연구그룹 , 임지우 , (포항)전기강판부 , 박용화 , (공정)전기강판공정-불량율저감기술 , 2024-09-02 , 기술축적 , 철강분야 , 정량효과 ,0,0,0,0,0,0,0,"1,002,211,744",0,0,0,0,0,0, 실수율/품질향상 ," = (개선 전 실수율 - 개선 후 실수율) x 개선 후 처리량 x (한계원가 - 스크랩가) A(C반곡)=(83.159%-84.496%)x(166,000*84.496%)x(1,529,515-514,342.8)=-1,903,712,461 B(연간 단열슬리브 제작비)=365/7*1,000,000/10*200= 1,042,857,143 A+B=-860,855,318 C(Edge Flare)=(83.159%-83.275%)x(166,000*83.275%)x(1,529,515-514,342.8)=-162,787,026 D(Spray 비용)= 166,000/20*2,582= 21,430,600 C+D=-141,356,426 A+B+C+D=-1,002,211,744 ","716,672,065","1,002,211,744",4,50,"4,008,846,976",5.59, 과제종결(완료평가) 
512,20239340, 현업과제 , 2023P069 , Global Target AlSi-HPF 박도금 선도제품 기술 개발 , 2023-01-02 , 2023-08-25 , 2023-12-19 ,"393,713,000","393,713,000","441,046,616",1,1, (광양)GigaSteel프로젝트팀 ,  , 자동차소재연구소 자동차소재표면연구그룹 , 자동차소재연구소 자동차소재표면연구그룹 , 오꽃님 , 자동차소재마케팅실 자동차소재솔루션그룹 , 조용균 , (제품)표면처리제품-양산제품개발기술 , 2024-06-01 , 철강신수요창출 , 철강분야 , 정성효과 ,0,0,0,0,0,0,0,0,0,0,0,0,0,0,  ,  ,"393,713,000",0,  ,  ,0,0, 과제종결(완료평가) 
513,20239344, 미래기술과제 , 2023P094 , 친환경 GO 코팅기술 개발 , 2023-01-02 , 2023-09-29 , 2023-06-30 ,"431,296,600","431,296,600","293,541,939",1,1, (포항)전력용전기강판프로젝트팀 ,  , 강재연구소 전기전자연구그룹 , 강재연구소 전기전자연구그룹 , 김현정 , 제품연구소 냉연도금연구그룹 , 주형돈 , (제품)전기강판제품-품질개선기술 , 2025-09-25 , 기술축적 , 철강분야 , 정량효과 ,0,0,"9,700,000,000",0,0,0,0,0,0,0,0,0,0,0, 제품개발/수입대체 ," GO Cr-free 코팅제품 신수요 창출에 의한 재무성과 - 기대이익 : 판매가ⅹ년간 예산판매량 x영업이익율 = 1,91,0000원/톤ⅹ204,000 톤x 2.5% = 97억 ","431,296,600","9,700,000,000",4,20,"38,800,000,000",89.96, 과제종결(완료평가) 
514,20239346, 현업과제 , 2023P131 , 풍력구조용 중심부 인성보증 EN-S355ML 100t 초과 극후물재 현장 적용연구 , 2023-01-16 , 2023-11-10 , 2023-11-14 ,"495,287,400","495,287,400","485,613,513",1,1, 미래철강연구소 차세대철강연구그룹 ,  , 강재연구소 에너지조선연구그룹 , 강재연구소 에너지조선연구그룹 , 소태일 , 에너지조선마케팅실 친환경에너지소재판매그룹 , 이동은 , (제품)후판제품-선도제품개발기술 , 2024-01-01 , 철강신수요창출 , 철강분야 , 정량효과 ,0,0,"676,000,000",0,0,0,0,0,0,0,0,0,0,0, 제품개발/수입대체 ," 1,690천원/톤 x 영업이익율 5% x 판매기여 8천톤/년 = 6.76억/년 ","545,287,400","676,000,000",4,30,"2,704,000,000",4.96, 과제종결(완료평가) 
515,20239347, 현업과제 , 2023P285 , 3열연 DC 이물압입 저감을 위한 Water Spray 시스템 개발 , 2023-05-01 , 2024-04-26 , 2024-05-05 ,"1,105,940,900","1,105,940,900","876,132,269",1,1, 공정DX연구소 압연엔지니어링연구그룹 , (광양)열연부 열연AHSS기술개발섹션 , 공정연구소 압연공정연구그룹 , 공정연구소 압연공정연구그룹 , 윤기호 , (광양)열연부 , 최석찬 , (공정)열연공정-불량율저감기술 , 2024-05-01 , 기술축적 , 철강분야 , 정량효과 ,0,0,0,0,0,0,0,"258,367,295",0,0,0,0,0,0, 실수율/품질향상 ," ○ 기대효과: K3H 생산 이물압입 결함 저감에 의한 변동가공비 저감 : 2.58억/년 (이물압입 58% 개선) (개선 전(‘22.6) - 개선후 이물결함율(%, ‘23.10~’24.3, 6개월평균)) × 개선 후 월 생산량 × (HR판매가 – 주문외가) × DC 이물압입 분율(70%) x 기여율(100%) = (0.15 – 0.0623)% × 4,883,695톤/년 × (989,506 – 903,326 원/톤) × 100% = 258,367,295 원/년 ※ ’24.3 FM성 파임흠, 냉연 용접부 혼입 결함 316톤 제외 시 수치임, 포함할 경우 개선 후 결함율 0.0818%로 증가해 기대효과 2.0억/년 으로 감소 ","1,105,940,900","258,367,295",4,100,"1,033,469,180",0.93, 과제종결(완료평가) 
516,20239350, 현업과제 , 2023P335 , 하이퍼루프 튜브내 EDS형 초전도 전자기 항력 저감 솔루션 개발 , 2023-09-04 , 2024-08-30 , 2024-09-03 ,"479,276,000","479,276,000","423,720,962",1,1, 솔루션연구소 강건재솔루션연구그룹 ,  , 철강솔루션연구소 구조연구그룹 , 철강솔루션연구소 구조연구그룹 , 조우연 , 열연선재마케팅실 열연판매그룹 솔루션개발섹션 , 양정윤 , (이용)강구조 , 2025-12-26 , 고객기술지원 , 철강분야 , 정성효과 ,0,0,0,0,0,0,0,0,0,0,0,0,0,0,  ,  ,"479,276,000",0,  ,  ,0,0, 과제종결(완료평가) 
517,20239351, 미래기술과제 , 2023P156 , 디지털 디자인 플랫폼 기반 강건재 외장 특화 디자인 PJT 적용 , 2023-02-06 , 2024-01-26 , 2024-01-24 ,"686,819,200","686,819,200","582,405,872",1,1, 솔루션연구소 강건재솔루션연구그룹 ,  , 철강솔루션연구소 구조연구그룹 , 철강솔루션연구소 구조연구그룹 , 이택준 , 철강솔루션연구소 구조연구그룹 , 박찬희 , (이용)강구조 , 2024-02-01 , 고객기술지원 , 철강분야 , 정량효과 ,0,0,0,0,0,0,"870,000,000",0,0,0,0,0,0,0, 신수요창출 ," 단위(천원) A:디지털 전환을 통한 개발비용 감축(a-b)=270,000 a:50,000(실물목업 제작비용)X10건/년 b:23,000(가상목업 제작비용)X10건/년 B:판매연계(내외장재 PosMAC 600톤/Pjt기준시) 10만원/톤(영업이익)X600톤X10Pjt=600,000 (A)+(B)=870,000 ","686,819,200","870,000,000",3,60,"2,610,000,000",3.8, 과제종결(완료평가) 
518,20239353, 현업과제 , 2023P174 , 고려제강향 2.8GPa 이상급 열처리생략 및 기계적박리형 타이어코드용 선재 현장적용 연구 , 2023-02-13 , 2024-05-31 , 2024-05-27 ,"383,321,750","383,321,750","424,351,968",1,1, 제품연구소 열연선재후판연구그룹 ,  , 강재연구소 열연선재연구그룹 , 강재연구소 열연선재연구그룹 , 김현진 , 열연선재마케팅실 선재판매그룹 , 김웅기 , (제품)선재제품-양산제품개발기술 , 2024-06-03 , 철강신수요창출 , 철강분야 , 정량효과 ,0,0,"600,000,000",0,0,0,0,0,0,0,0,0,0,0, 제품개발/수입대체 , 고려제강 등 타이어코드 공급량 20천톤 x 열처리생략 Extra 30천원/톤 ,"383,321,750","600,000,000",4,100,"2,400,000,000",6.26, 과제종결(완료평가) 
519,20239354, 현업과제 , 2023P274 , 강관물성 예측을 위한 소형시험법 가속화 기술 개발 및 조관물성 DB 구축 , 2023-05-01 , 2024-06-28 , 2024-08-08 ,"540,422,500","540,422,500","419,161,548",1,1, 솔루션연구소 강재솔루션연구그룹 ,  , 철강솔루션연구소 접합연구그룹 , 철강솔루션연구소 접합연구그룹 , 송우현 , 열연선재마케팅실 열연판매그룹 솔루션개발섹션 , 양정윤 , (이용)강재성능 , 2024-08-01 , 기타 , 철강분야 , 정성효과 ,0,0,0,0,0,0,0,0,0,0,0,0,0,0,  ,  ,"540,422,500",0,  ,  ,0,0, 과제종결(완료평가) 
520,20239356, 현업과제 , 2023P140 , 수소연료전지 분리판용 고성형 Ti Grade1 성형솔루션 개발 , 2023-01-30 , 2023-12-29 , 2024-01-08 ,"489,173,000","489,173,000","359,441,289",1,1, 솔루션연구소 강재솔루션연구그룹 ,  , 철강솔루션연구소 성형연구그룹 , 철강솔루션연구소 성형연구그룹 , 정양진 , 스테인리스마케팅실 티타늄판매섹션 , 김태일 , (이용)가공 , 2024-12-27 , 철강신수요창출 , 철강분야 , 정성효과 ,0,0,0,0,0,0,0,0,0,0,0,0,0,0,  ,  ,"489,173,000",0,  ,  ,0,0, 과제종결(완료평가) 
521,20239357, 현업과제 , 2023P016 , 4열연 6 Stands 저유량 윤활압연기술 개발 , 2023-01-02 , 2023-12-29 , 2023-12-27 ,"997,517,898","997,517,898","1,020,345,411",1,1, 기술전략실 열연설비경쟁력강화TF팀 ,  , 공정연구소 압연공정연구그룹 , 공정연구소 압연공정연구그룹 , 홍완기 , (광양)열연부 , 최석찬 , (공정)열연공정-원가절감기술 , 2024-01-01 , 기술축적 , 철강분야 , 정량효과 ,0,"2,429,000,000",0,0,0,0,0,0,0,"117,000,000",0,0,0,0," 원단위절감,에너지절감 "," (1) 롤 마모감소에 의한 롤 원단위 절감: 6.93억원/년 [’22.9~’23.3 (0.0507kg/T) - ’23.6~7 (0.0455kg/T)] x ‘22 단가(33,335원/kg) x 4,000,000Ton = 6.93억원/년 * 롤 원단위 10.3% 감소 (2) 윤활압연설비 강건화 적용에 따른 전력량 감소: 17.36 억원/년 [’22.9~’23.3 (121.1kWh/T) – ’23.6~7 (118.0kWh/T)] x ’23 전력원단위 140원/kwh x 4,000,000Ton = 17.36억원/년 * 전력 사용량 2.6% 감소 (3) 윤활압연설비 및 운용기술적용에 따른 압연유 사용량 감소: 1.17 억원/년 [’22.9~’23.3 (134.8cc/T) - ’23.6~7 (113.8cc/T)] x ‘23 단가(2,543원/liter) x 4,000,000Ton x 윤활압연 적용율 [55%] = 1.17억원/년 * 압연유 소모량 15.5% 감소 ","997,517,898","2,546,000,000",4,70,"10,184,000,000",10.21, 과제종결(완료평가) 
522,20239358, 현업과제 , 2023P024 , LNG 벙커링선용 초대형 고Mn강 Type C 탱크의 설계 및 제작기술 개발 , 2023-01-02 , 2023-12-29 , 2023-12-28 ,"487,334,500","487,334,500","454,701,580",1,1, 휴직 ,  , 설비자재구매실 동반성장그룹 사내벤처 메탈솔루션벤처TF팀 , 강재연구소 고Mn강TF팀 , 서도원 , 에너지조선마케팅실 조선소재판매그룹 , 이재혁 , (이용)접합 , 2024-08-21 , 고객기술지원 , 철강분야 , 정성효과 ,0,0,0,0,0,0,0,0,0,0,0,0,0,0,  ,  ,"487,334,500",0,  ,  ,0,0, 과제종결(완료평가) 
523,20239360, 미래기술과제 , 2023P005 , 방청유와 조질압연유 성분 및 함량에 따른 탈지성 상관관계 도출 , 2023-01-02 , 2023-09-29 , 2023-09-15 ,"378,907,900","378,907,900","264,853,850",1,1, 솔루션연구소 강재솔루션연구그룹 ,  , 철강솔루션연구소 성능연구그룹 , 철강솔루션연구소 성능연구그룹 , 박교선 , 철강솔루션연구소 성능연구그룹 , 정용균 , (이용)강재성능 , 2024-12-02 , 기술축적 , 철강분야 , 정성효과 ,0,0,0,0,0,0,0,0,0,0,0,0,0,0,  ,  ,"378,907,900",0,  ,  ,0,0, 과제종결(완료평가) 
524,20239361, 현업과제 , 2023P106 ," 코일온도 예측모델 기반 고El.1180CP, CR1180TRIP 열연 재질편차 예측 AI모델 개발 ", 2023-01-09 , 2024-03-01 , 2024-04-01 ,"833,040,000","833,040,000","903,482,606",1,1, 제품연구소 자동차소재연구그룹 ,  , 자동차소재연구소 자동차소재연구그룹 , 자동차소재연구소 자동차소재연구그룹 , 최재현 , (광양)열연부 , 최석찬 , (공정)열연공정-생산성향상기술 , 2025-03-03 , 기술축적 , 철강분야 , 정량효과 ,0,0,0,0,0,0,0,"200,000,000","100,000,000",0,0,0,0,0," 실수율/품질향상,공정개선 "," ’23년 기준 판매 1180TR 28천톤, 1180CP 4천톤, 980XF 7천톤, 열연단계 실수율 1% 향상시 총 78천톤 * 0.01 * 500,000원(제조원가-스크랩가) ≒ 2억원/년 PCM조업성 개선 (판파단 저감) ≒ 1억원/년 ","833,040,000","300,000,000",4,60,"1,200,000,000",1.44, 과제종결(완료평가) 
525,20239362, 미래기술과제 , 2023P031 , 저원가 CR/GA 980DP 미래선도제품 개발 , 2023-01-02 , 2023-06-30 , 2023-07-04 ,"322,942,000","322,942,000","392,547,160",1,1, 제품연구소 자동차소재연구그룹 ,  , 자동차소재연구소 자동차소재연구그룹 , 자동차소재연구소 자동차소재연구그룹 , 현철승 , 제품연구소 자동차소재연구그룹 , 김성일 , (제품)냉연제품-선도제품개발기술 , 2023-07-04 , 기술축적 , 철강분야 , 정성효과 ,0,0,0,0,0,0,0,0,0,0,0,0,0,0,  ,  ,"322,942,000",0,  ,  ,0,0, 과제종결(완료평가) 
526,20239363, 현업과제 , 2023P125 , 액화 CO2 중압탱크용 PWHT보증 초고강도 P690QL2 양산제품 개발 , 2023-01-16 , 2023-10-27 , 2023-09-27 ,"472,761,900","472,761,900","468,588,844",1,1, 제품연구소 열연선재후판연구그룹 ,  , 강재연구소 에너지조선연구그룹 , 강재연구소 에너지조선연구그룹 , 김대우 , 에너지조선마케팅실 조선소재판매그룹 , 이재혁 , (제품)후판제품-양산제품개발기술 , 2024-07-01 , 철강신수요창출 , 철강분야 , 정량효과 ,0,0,"690,000,000",0,0,0,0,0,0,0,0,0,0,0, 제품개발/수입대체 ," * 신규 Project 수주에 따른 판매 이익 증대 (현대KAM 산정) : 5,000톤/년 x 138,000원/톤 = 6.9억원/년 * 현대KAM 산정 ","472,761,900","690,000,000",4,80,"2,760,000,000",5.84, 과제종결(완료평가) 
527,20239365, 현업과제 , 2023P173 , 비틀림특성이 우수한 2060Mpa급 현수교 케이블용 선재 양산제품 개발 , 2023-02-13 , 2024-03-15 , 2024-03-27 ,"447,741,010","447,741,010","307,892,093",1,1, 기술연구원 연구기획그룹 ,  , 강재연구소 열연선재연구그룹 , 강재연구소 열연선재연구그룹 , 양요셉 , 열연선재마케팅실 선재판매그룹 , 김웅기 , (제품)선재제품-양산제품개발기술 , 2024-12-31 , 철강신수요창출 , 철강분야 , 정량효과 ,0,0,"200,000,000",0,0,0,0,0,0,0,0,0,0,0, 제품개발/수입대체 ," 25년 화태백야 공급량 2.5천톤/Pjt. X 영업이익 80천원/톤 = 200,000,000원 ","447,741,010","200,000,000",2.5,100,"500,000,000",1.12, 과제종결(완료평가) 
528,20239374, 현업과제 , 2023P104 , 친환경차용 영구변형 저항성이 우수한 현가 스프링강 시장선도 제품개발 , 2023-01-09 , 2023-10-27 , 2023-10-30 ,"397,089,450","397,089,450","401,296,886",1,1, 제품연구소 열연선재후판연구그룹 ,  , 강재연구소 열연선재연구그룹 , 강재연구소 열연선재연구그룹 , 전영수 , 열연선재마케팅실 선재판매그룹 솔루션개발섹션 , 박병주 , (제품)선재제품-선도제품개발기술 , 2024-01-02 , 철강신수요창출 , 철강분야 , 정량효과 ,0,0,"1,230,000,000",0,0,0,0,0,0,0,0,0,0,0, 제품개발/수입대체 , ○ 12.3억원/년: 7천톤/년 x 175천원/톤 {(글로벌車 판매확대 1.6천톤 + 내수車 H社재 당사재 전환 5.4천톤) x 영업이익} ,"397,089,450","1,230,000,000",4,100,"4,920,000,000",12.39, 과제종결(완료평가) 
529,20239375, 현업과제 , 2023P336 , 저원가 CR/GA 980DP 제조기술 개발 , 2023-07-03 , 2025-06-27 , 2025-07-30 ,"1,461,524,000","1,461,524,000","2,305,637,763",1,1, 제품연구소 자동차소재연구그룹 ,  , 자동차소재연구소 자동차소재연구그룹 , 자동차소재연구소 자동차소재연구그룹 , 현철승 , (광양)품질기술부 , 장성호 , (공정)냉연공정-원가절감기술 , 2025-07-01 , 기술축적 , 철강분야 , 정량효과 ,0,0,"1,900,000,000",0,0,0,0,0,0,0,0,0,0,0, 제품개발/수입대체 ," 19억원/년 = 성분원가저감 (212천원/톤) x 판매예상량* (9천톤/년) *판매예상량 산정기준 : 저원가 980DP CFT에서 전환타겟 고객사로 선정된 현대차기아, 포레시아의 년간 판매량 중 20% 우선 대체 (’22년 기준 현대차기아 CR/GA 저Ceq/고YS 32톤, 포레시아 CR 고YS 12천톤) ","1,501,524,000","1,900,000,000",4,50,"7,600,000,000",5.06, 과제종결(완료평가) 
530,20239376, 미래기술과제 , 2023P015 , 액화 암모니아 탱크용 고Mn강 적용성 연구를 통한 IMO 코드 개발 , 2023-01-02 , 2023-10-27 , 2023-11-03 ,"439,597,700","439,597,700","436,812,781",1,1, (포항)에너지후판프로젝트팀 ,  , 강재연구소 고Mn강TF팀 , 강재연구소 고Mn강TF팀 , 이동호 , 제품연구소 열연선재후판연구그룹 , 고성웅 , (철강기타)철강기타 , 2023-11-01 , 법/제도규제대응 , 철강분야 , 정성효과 ,0,0,0,0,0,0,0,0,0,0,0,0,0,0,  ,  ,"439,597,700",0,  ,  ,0,0, 과제종결(완료평가) 
531,20239377, 현업과제 , 2023P088 , 대형(4680) 원통형 배터리캔용 냉연제품 현장적용연구 , 2023-01-09 , 2023-12-29 , 2023-12-01 ,"303,285,600","303,285,600","283,896,015",1,1, 제품연구소 냉연도금연구그룹 ,  , 강재연구소 전기전자연구그룹 , 강재연구소 전기전자연구그룹 , 조민호 , 전기전자마케팅실 냉연판매그룹 , 박소영 , (제품)냉연제품-양산제품개발기술 , 2024-03-29 , 철강신수요창출 , 철강분야 , 정량효과 ,0,0,"2,022,020,000",0,0,0,0,0,0,0,0,0,0,0, 제품개발/수입대체 , 배터리캔 신수요 창출 20천톤/년 X 수익율 7.7% X 판매가 1313천원/톤 판매 예상량 (천톤/년) : 0.5(‘24) – 6.3('25) – 8.0(‘26) – 20.0(‘27) 수익율: ‘22년 POCEL 평균 수익율 적용 ,"313,285,600","2,022,020,000",4,50,"8,088,080,000",25.82, 과제종결(완료평가) 
532,20239379, 현업과제 , 2023P124 , 소결 배합원료 특성을 고려한 적정 생석회비 자동 제어기술 , 2023-01-16 , 2023-12-22 , 2023-12-29 ,"505,029,000","505,029,000","491,401,438",1,1, 공정DX연구소 제선연구그룹 ,  , 저탄소제철연구소 제선연구그룹 , 저탄소제철연구소 제선연구그룹 , 박준우 , (광양)제선부 , 손병연 , (공정)제선공정-생산성향상기술 , 2024-01-01 , 기술축적 , 철강분야 , 정량효과 ,"879,000,000",0,0,0,0,0,0,0,0,0,0,0,0,0, 생산성향상 ," * 생산성 0.5t/d.m2 증대에 따른 소결광 고정비 저감 효과(광 1소결, ‘21년 기준) - 기대이익 = 생산성 증가(t/d.㎡) x 화상면적(㎡) x 역일수(d) x 가동률(%) x 고정비(원/t-s) = 0.5 t/d.㎡ X 450m2 X 365일 X 97.23% X 11,011원/t-s) = 159,700톤/년 x 11,011원/톤 = 879 백만원/년 ","505,029,000","879,000,000",3,50,"2,637,000,000",5.22, 과제종결(완료평가) 
533,20239381, 현업과제 , 2023P214 ," 도요타향 25PNX1250F, 25PNX3200J 광폭재 제조기준 정립 ", 2023-03-20 , 2024-03-15 , 2024-04-04 ,"731,425,800","731,425,800","60,484,972",1,1, 제품연구소 냉연도금연구그룹 ,  , 친환경차용NO고도화TF팀 , 친환경차용NO고도화TF팀 , 홍재완 , (광양)전기강판부 , 김기열 , (공정)전기강판공정-제품양산기술 , 2024-04-01 , 기술축적 , 철강분야 , 정량효과 ,"2,200,000,000",0,0,0,0,0,0,0,0,0,0,0,0,0, 생산성향상 , 22억원/년 (예상판매량 22천톤/년 x 예상영업이익 10만원/톤) ,"731,425,800","2,200,000,000",4,50,"8,800,000,000",12.03, 과제종결(완료평가) 
534,20239383, 현업과제 , 2023P429 , 고하중용 메가 합성구조 시스템 중간모멘트 성능평가 및 설계법 개발 , 2023-11-13 , 2024-09-27 , 2024-10-28 ,"561,522,000","1,209,746,000","526,558,323",2,2, RIST ,  , 철강솔루션연구소 구조연구그룹 , 철강솔루션연구소 구조연구그룹 , 김진원 , 강건재가전마케팅실 강건재가전솔루션그룹 , 전형준 , (이용)강구조 , 2025-11-28 , 철강신수요창출 , 철강분야 , 정량효과 ,0,0,0,0,0,0,"1,000,000,000",0,0,0,0,0,0,0, 신수요창출 ," 10,000톤 x 100,000원 = 10억원 ","561,522,000","1,000,000,000",4,80,"4,000,000,000",7.12, 과제종결(완료평가) 
535,20239388, 미래기술과제 , 2023P148 , (양소) 머신 비전 기술을 활용한 교정후 형상 예측 모델 개발로 고정도 스마트 교정 기술 개발 , 2023-01-30 , 2023-11-24 , 2023-12-11 ,"339,898,200","339,898,200","356,308,744",1,1, 미래철강연구소 차세대철강연구그룹 ,  , 공정연구소 철강엔지니어링연구그룹 , 강재연구소 에너지조선연구그룹 , 정영진 , 제품연구소 열연선재후판연구그룹 , 고성웅 , (공정)후판공정-불량율저감기술 , 2024-09-27 , 기술축적 , 철강분야 , 정성효과 ,0,0,0,0,0,0,0,0,0,0,0,0,0,0,  ,  ,"339,898,200",0,  ,  ,0,0, 과제종결(완료평가) 
536,20239389, 현업과제 , 2023P295 , 아파트 수직증축 리모델링용 구조 및 내외장재 시스템 기술 개발 (2/2) , 2023-05-22 , 2024-04-26 , 2024-05-16 ,"1,006,811,000","2,000,035,000","915,855,806",2,2, 솔루션연구소 강건재솔루션연구그룹 ,  , 철강솔루션연구소 구조연구그룹 , 철강솔루션연구소 구조연구그룹 , 유홍식 , 강건재가전마케팅실 강건재가전솔루션그룹 , 전형준 , (이용)강구조 , 2024-12-31 , 철강신수요창출 , 철강분야 , 정량효과 ,0,0,0,0,0,0,"600,000,000",0,0,0,0,0,0,0, 신수요창출 ," - 송우리 강구조 아파트 신축 4개동 400세대 실증사업 : 1천톤/동 x 4개동 = 4,000톤 - 삼전현대 외 강구조 수직증축 리모델링 2개동 : 1천톤/동 x 2개동 = 2,000톤 - SN355 6천톤 x 10만원/톤 = 6억원 ","1,006,811,000","600,000,000",4,80,"2,400,000,000",2.38, 과제종결(완료평가) 
537,20239390, 미래기술과제 , 2023P213 , Slurry 도포 활용 친환경차용 고 Si 제품 미래기술 개발 , 2023-04-03 , 2024-03-29 , 2024-03-28 ,"624,380,000","624,380,000","652,900,484",1,1, 미래철강연구소 차세대철강연구그룹 ,  , 강재연구소 전기전자연구그룹 , 강재연구소 전기전자연구그룹 , 김동휘 , 제품연구소 냉연도금연구그룹 , 주형돈 , (제품)전기강판제품-선도제품개발기술 , 2024-03-31 , 철강신수요창출 , 철강분야 , 정성효과 ,0,0,0,0,0,0,0,0,0,0,0,0,0,0,  ,  ,"624,380,000",0,  ,  ,0,0, 과제종결(완료평가) 
538,20239391, 미래기술과제 , 2023P300 , 열연 Crown 엄격재 생산을 위한 열간압연 형상 예측 기반기술 개발 , 2023-06-05 , 2024-12-27 , 2025-01-09 ,"217,689,000","217,689,000","273,797,353",1,1, 공정DX연구소 압연엔지니어링연구그룹 ,  , 공정연구소 압연공정연구그룹 , 공정연구소 압연공정연구그룹 , 조용석 , 공정연구소 압연공정연구그룹 , 김신일 , (엔지니어링)기계설비-제품양산기술 , 2025-07-01 , 기술축적 , 철강분야 , 정량효과 ,0,0,0,"200,000,000",0,0,0,"210,000,000",0,0,0,0,0,0," 실수율/품질향상,자재수명향상 "," ○ Crown 저감을 통한 열연 소재 및 최종제품 두께 균일성 확보 ○ 열연 형상 자동 설정 및 공정조건 최적화 기술로 활용 ○ 개발모델 현장 적용시 기대이익 : 4.1억원/년 1) 형상 Issue 해소에 따른 Hyper NO Roll 수명 연장 : 2.0 억원/년 mm당 연마비용 * Hyper NO 1회당 연마량 * 1년 Hyper NO 연마 횟수 * 2/3 *6 * 12/8 ※ 현재 44매/Roll → 66매/Roll 롤 사용량 2/3로 감소, F5~7 교체 (6개) mm당 연마비용 * 1회 약 0.6mm 연삭 * 6개 * 150회 * 2/3 * 12/8 2) 형상 관련 부적합 저감 : 2.1 억원/년 21년 형상 관련 품질부적합 개선량 * 정정변동가공비 + 21년 형상 관련 품질부적합 개선량 * 정정실수율 *(판매가 - Scrap가) = 40557ton * 10% 개선 * 1084원/ton + 40557ton * 10% 개선 * 98.51% *(955,905-556,219)원/ton ","217,689,000","410,000,000",4,50,"1,640,000,000",7.53, 과제종결(단계완료평가) 
539,20239392, 현업과제 , 2023P254 , 광양 후판 Dynamic 재질제어 적용 확대 및 online 냉각설비 설정 기술 개발 , 2023-04-03 , 2024-08-30 , 2024-09-09 ,"1,027,464,000","1,027,464,000","1,185,166,181",1,1, 연구개발AX가속화TF팀 ,  , 강재연구소 에너지조선연구그룹 , 강재연구소 에너지조선연구그룹 , 강주석 , (광양)후판부 , 이영춘 , (공정)후판공정-생산성향상기술 , 2024-12-01 , 기술축적 , 철강분야 , 정량효과 ,"674,915,000",0,0,0,0,0,0,0,0,0,0,0,0,0, 생산성향상 ," 산출로직 : 개선 전후 T/Hr 변동량1) x 월간생산시간2) x 적용 개월 x 고정비3) x 대상재 비율4) 1) 과제착수시점 pitch 단축에 의한 T/Hr 추정량에 대한 현시점 pitch 단축량 추정값 비율로 계상 2,3) 과제착수시점 정보 적용 4) 현과제 진행 시 도출한 대상재 전체 적용 추정 CR1공냉: 9.84*329*12*73894*0.220=631,544천원 CR2공냉: 2.88*113*12*73894*0.046=13,274천원 CR2수냉: 5.74*81*12*73894*0.073=30,096천원 ","1,027,464,000","674,915,000",4,50,"2,699,660,000",2.63, 과제종결(단계완료평가) 
540,20239393, 미래기술과제 , 2023P326 , CR/GA 590/780DH 미래선도제품 개발 , 2023-07-03 , 2024-03-01 , 2024-03-05 ,"506,692,000","506,692,000","692,354,571",1,1, 제품연구소 자동차소재연구그룹 ,  , 자동차소재연구소 자동차소재연구그룹 , 자동차소재연구소 자동차소재연구그룹 , 최강현 , 제품연구소 자동차소재연구그룹 , 김성일 , (제품)냉연제품-선도제품개발기술 , 2024-03-04 , 기술축적 , 철강분야 , 정성효과 ,0,0,0,0,0,0,0,0,0,0,0,0,0,0,  ,  ,"506,692,000",0,  ,  ,0,0, 과제종결(완료평가) 
541,20239397, 현업과제 , 2023P144 , 중단경간 강교량 경쟁력 향상 설계 기술개발 , 2023-02-06 , 2023-12-29 , 2023-12-21 ,"584,760,000","584,760,000","380,529,109",1,1, 솔루션연구소 강건재솔루션연구그룹 ,  , 철강솔루션연구소 구조연구그룹 , 철강솔루션연구소 구조연구그룹 , 성택룡 , 강건재마케팅실 강건재솔루션그룹 , 전형준 , (이용)강구조 , 2024-07-31 , 철강신수요창출 , 철강분야 , 정량효과 ,0,0,0,0,0,0,"600,000,000",0,0,0,0,0,0,0, 신수요창출 , 교량용강재 6천톤/년 x 영업이익 10만원/톤 = 6억원/년 ,"584,760,000","600,000,000",4,70,"2,400,000,000",4.1, 과제종결(완료평가) 
542,20239399, 현업과제 , 2023P246 , 현기차 구동모터용 PNX 제조기준 정립 , 2023-04-03 , 2024-03-29 , 2024-04-08 ,"674,258,300","674,258,300","77,070,791",1,1, (광양)HyperNO프로젝트팀 ,  , 친환경차용NO고도화TF팀 , 친환경차용NO고도화TF팀 , 김재훈 , (광양)전기강판부 , 김기열 , (공정)전기강판공정-제품양산기술 , 2024-04-01 , 기술축적 , 철강분야 , 정량효과 ,0,0,"1,680,000,000",0,0,0,0,0,0,0,0,0,0,0, 제품개발/수입대체 , '24년 광양소 구동모터용 생산량 56천톤 x 영업이익 10만원/톤 x 기여율 0.3 ,"2,674,258,300","1,680,000,000",4,80,"6,720,000,000",2.51, 과제종결(완료평가) 
543,20239400, 현업과제 , 2023P030 , 용접 HAZ 충격인성 확보 Lean Duplex 329EW 후판 시장선도제품 개발 , 2023-01-02 , 2023-09-29 , 2023-09-27 ,"210,343,800","210,343,800","217,781,950",1,1, (포항)차세대성장시장용STS프로젝트팀 ,  , 강재연구소 STS연구그룹 , 강재연구소 STS연구그룹 , 김지수 , 스테인리스마케팅실 솔루션개발섹션 , 황영훈 , (제품)STS제품-선도제품개발기술 , 2025-01-01 , 철강신수요창출 , 철강분야 , 정량효과 ,0,0,"330,000,000",0,0,0,0,0,0,0,0,0,0,0, 제품개발/수입대체 ," 판매량 1천톤 (정상판매 시), '23년 상반기 304L 후판 판매가 80%, 영업이익 10% 가정 ","210,343,800","330,000,000",4,70,"1,320,000,000",6.28, 과제종결(완료평가) 
544,20239401, 미래기술과제 , 2023P299 , 축방향 모터코어용 전기선재 선도제품 개발 , 2023-05-29 , 2024-02-23 , 2024-02-23 ,"317,309,020","317,309,020","395,515,118",1,1, 제품연구소 InoCast특화제품개발TF팀 ,  , 강재연구소 열연선재연구그룹 , 강재연구소 열연선재연구그룹 , 김관호 , 제품연구소 열연선재후판연구그룹 , 고성웅 , (제품)선재제품-선도제품개발기술 , 2024-03-01 , 기술축적 , 철강분야 , 정성효과 ,0,0,0,0,0,0,0,0,0,0,0,0,0,0,  ,  ,"317,309,020",0,  ,  ,0,0, 과제종결(완료평가) 
545,20239402, 미래기술과제 , 2023P245 , Super Flux NO 표면품질 확보를 위한 산세공정 및 코팅제 개발 , 2023-04-03 , 2024-07-26 , 2024-07-26 ,"485,147,100","485,147,100","509,763,281",1,1, 제품연구소 냉연도금연구그룹 ,  , 강재연구소 전기전자연구그룹 , 강재연구소 전기전자연구그룹 , 한민수 , 제품연구소 냉연도금연구그룹 , 주형돈 , (제품)전기강판제품-선도제품개발기술 , 2025-12-31 , 철강신수요창출 , 철강분야 , 정성효과 ,0,0,0,0,0,0,0,0,0,0,0,0,0,0,  ,  ,"485,147,100",0,  ,  ,0,0, 과제종결(완료평가) 
546,20239404, 미래기술과제 , 2023P052 , 열연 영상 AI 기술을 활용한 FM Auto Quick Stop 기술 개발 , 2023-01-02 , 2023-12-29 , 2023-12-20 ,"310,541,042","758,333,741","333,547,251",2,1, 공정DX연구소 로봇AI연구그룹 ,  , 공정연구소 제어계측연구그룹 , 공정연구소 제어계측연구그룹 , 반성준 , 공정연구소 제어계측연구그룹 , 조명종 , (엔지니어링)제어계측-생산성향상기술 , 2025-01-01 , 기술축적 , 철강분야 , 정량효과 ,"590,471,818",0,0,0,0,0,0,0,0,0,0,0,0,0, 생산성향상 ," 장애처리 시간 감소에 따른 생산성 향상 (5.9억원/년) = 증산량 ( 장애저감시간 × 공장 Ton/hr) × 판매단가 × HR 영업이익률 = 광)4열연 23년 2분기 총 휴지시간(423min)*장애저감비율(30%)*생산성(680ton/hr)*HR 판매단가(962,859원/ton)*HR 영업이익률(10.66%)*4(1년 환산) = 590,471,818원 ","310,541,042","590,471,818",4,100,"2,361,887,272",7.61, 과제종결(단계완료평가) 
547,20239406, 현업과제 , 2023P377 , 친환경차 구동모터용 20PNX1100F 시장선도제품 개발 , 2023-09-04 , 2024-11-29 , 2024-12-04 ,"592,086,300","592,086,300","690,119,350",1,1, (광양)HyperNO프로젝트팀 ,  , 강재연구소 전기전자연구그룹 , 강재연구소 전기전자연구그룹 , 박준수 , 자동차소재마케팅실 친환경차그룹 , 김창묵 , (제품)전기강판제품-선도제품개발기술 , 2025-01-01 , 철강신수요창출 , 철강분야 , 정량효과 ,0,0,"1,150,000,000",0,0,0,0,0,0,0,0,0,0,0, 제품개발/수입대체 ," 아이오닉5 2세대(SOP ‘28년 전망)를 필두로, 현대차 (EV Main플랫폼) 5개 PJT에 0.2t, 0.25t 신제품 양산 적용 예정 : 5년이상 판매지속 예상, 예상 수익성 약 20% - 예상 수요량 및 기대효과 : 1.6천톤(3.2억원) / ’28년 – 5.6천톤(11.2억원) / ‘29년 – 10천톤(20억원) / ‘30년 : 3년 평균 11.5억원/년 ","692,086,300","1,150,000,000",4,80,"4,600,000,000",6.65, 과제종결(완료평가) 
548,20239408, 현업과제 , 2023P123 , 현대차향 2세대 셀프본딩 3ACL 품질 안정화 기술 개발 , 2023-01-16 , 2023-12-29 , 2024-01-02 ,"507,715,900","507,715,900","493,831,789",1,1, (광양)HyperNO프로젝트팀 ,  , 강재연구소 전기전자연구그룹 , 강재연구소 전기전자연구그룹 , 하봉우 , (포항)전기강판부 , 김진형 , (공정)전기강판공정-생산성향상기술 , 2024-01-01 , 기술축적 , 철강분야 , 정량효과 ,0,0,0,0,0,0,"2,000,000,000",0,0,0,0,0,0,0, 신수요창출 ," PNX제품군 영업이익 100,000원/톤 X 연간 판매량 2만톤/년 ","507,715,900","2,000,000,000",4,30,"8,000,000,000",15.76, 과제종결(완료평가) 
549,20239410, 미래기술과제 , 2023P068 , PCM pre-rolling 통한 25PNX1250F 제조기술 개발 , 2023-01-02 , 2023-09-29 , 2023-09-27 ,"505,553,900","505,553,900","64,271,249",1,1, (포항)전력용전기강판프로젝트팀 ,  , 친환경차용NO고도화TF팀 , 친환경차용NO고도화TF팀 , 한규석 , 친환경차용NO고도화TF팀 , 박종태 , (공정)전기강판공정-생산성향상기술 , 2025-07-01 , 기술축적 , 철강분야 , 정성효과 ,0,0,0,0,0,0,0,0,0,0,0,0,0,0,  ,  ,"505,553,900",0,  ,  ,0,0, 과제종결(완료평가) 
550,20239412, 미래기술과제 , 2023P051 , 강건재 제품 건설산업 공급망 EPD 인증 기반 구축 연구(1/2) , 2023-01-02 , 2023-12-29 , 2023-12-28 ,"573,986,000","829,460,000","479,591,767",2,1, 휴직 ,  , 철강솔루션연구소 구조연구그룹 , 철강솔루션연구소 구조연구그룹 , 여경윤 , 철강솔루션연구소 구조연구그룹 , 박찬희 , (이용)강구조 , 2024-12-20 , 고객기술지원 , 철강분야 , 정성효과 ,0,0,0,0,0,0,0,0,0,0,0,0,0,0,  ,  ,"573,986,000",0,  ,  ,0,0, 과제종결(단계완료평가) 
551,20239413, 현업과제 , 2023P130 , 열연 조압연의 상향계측값 기반 코일간 상향 자동제어 기술 개발 , 2023-01-16 , 2024-12-27 , 2025-04-10 ,"357,485,000","357,485,000","404,715,973",1,1, 공정DX연구소 압연엔지니어링연구그룹 ,  , 공정연구소 압연공정연구그룹 , 공정연구소 압연공정연구그룹 , 권혁철 , (광양)열연부 , 김종성 , (공정)열연공정-생산성향상기술 , 2025-08-04 , 기술축적 , 철강분야 , 정량효과 ,"210,000,000",0,0,0,0,0,0,0,0,0,0,0,0,0, 생산성향상 , 상향 사고 예방으로 통한 생산성 향상 효과(1.6억) 하향 예방을 통한 설비 파손 방지 효과 (0.5억) ,"357,485,000","210,000,000",4,70,"840,000,000",2.35, 과제종결(완료평가) 
552,20239415, 현업과제 , 2023P067 , 전기차 구동모터용 셀프본딩 코어 열융착 제조 공정 최적화 기술 개발 , 2023-01-09 , 2023-12-22 , 2024-01-08 ,"444,332,000","444,332,000","294,397,409",1,1, 솔루션연구소 자동차소재솔루션연구그룹 ,  , 철강솔루션연구소 성능연구그룹 , 철강솔루션연구소 성능연구그룹 , 서강 , 자동차소재마케팅실 친환경차그룹 , 김창묵 , (이용)가공 , 2024-11-04 , 고객기술지원 , 철강분야 , 정성효과 ,0,0,0,0,0,0,0,0,0,0,0,0,0,0,  ,  ,"444,332,000",0,  ,  ,0,0, 과제종결(단계완료평가) 
553,20239417, 현업과제 , 2023P301 , 강건재용 구조재 두께절감을 위한 고강도 STS 경량화 기술 개발 , 2023-06-05 , 2024-03-01 , 2024-03-07 ,"414,912,000","414,912,000","362,113,952",1,1, 휴직 ,  , 철강솔루션연구소 구조연구그룹 , 철강솔루션연구소 구조연구그룹 , 여경윤 , 스테인리스마케팅실 솔루션개발섹션 , 황영훈 , (이용)강구조 , 2024-12-06 , 철강신수요창출 , 철강분야 , 정량효과 ,0,0,0,0,0,0,"400,000,000",0,0,0,0,0,0,0, 신수요창출 ," 2000톤/년 * 200000원/톤 (영업이익) = 400,000,000 ","414,912,000","400,000,000",4,100,"1,600,000,000",3.86, 과제종결(완료평가) 
554,20239420, 현업과제 , 2023P133 , STS4제강 AI활용 폭편차 제어 기술 상용화 , 2023-01-16 , 2023-12-29 , 2023-12-28 ,"499,912,900","499,912,900","355,796,544",1,1, 공정DX연구소 제강연구그룹 ,  , 강재연구소 제강연구그룹 , 강재연구소 제강연구그룹 , 김지준 , (포항)STS제강부 , 조용석 , (공정)STS공정-생산성향상기술 , 2024-01-31 , 기술축적 , 철강분야 , 정량효과 ,0,0,0,0,0,0,0,"1,130,000,000",0,0,0,0,0,0, 실수율/품질향상 ," STS400계강의 생산성 향상 및 실수율 증대 ( 11.3억원,＇22년 400계 생산량 - '20년 400계 생산량) * 400계 영업이익(원/톤)*기여율(8%) ) ","499,912,900","1,130,000,000",3,50,"3,390,000,000",6.78, 과제종결(완료평가) 
555,20239421, 미래기술과제 , 2023P152 , GO 단위 공정별 재질 예측 AI 모델 개발 (1/2) , 2023-01-30 , 2024-02-23 , 2024-02-13 ,"540,094,000","540,094,000","516,954,083",1,1, 제품연구소 냉연도금연구그룹 ,  , 강재연구소 전기전자연구그룹 , 강재연구소 전기전자연구그룹 , 문현우 , 제품연구소 냉연도금연구그룹 , 주형돈 , (공정)전기강판공정-불량율저감기술 , 2025-02-03 , 기술축적 , 철강분야 , 정성효과 ,0,0,0,0,0,0,0,0,0,0,0,0,0,0,  ,  ,"540,094,000",0,  ,  ,0,0, 과제종결(단계완료평가) 
556,20239424, 미래기술과제 , 2023P263 , Dual 파장 자구미세화 기술 개발 , 2023-04-17 , 2024-02-23 , 2024-02-23 ,"423,414,430","423,414,430","438,572,727",1,1, (포항)전력용전기강판프로젝트팀 ,  , 강재연구소 전기전자연구그룹 , 강재연구소 전기전자연구그룹 , 권오열 , 제품연구소 냉연도금연구그룹 , 주형돈 , (공정)전기강판공정-불량율저감기술 , 2024-07-01 , 기술축적 , 철강분야 , 정성효과 ,0,0,0,0,0,0,0,0,0,0,0,0,0,0,  ,  ,"423,414,430",0,  ,  ,0,0, 과제종결(완료평가) 
557,20239425, 현업과제 , 2023P029 , 열연 음향 및 영상을 활용한 조업 및 설비 이상 smart 진단기술 개발(2/3) , 2023-01-02 , 2024-03-29 , 2024-04-04 ,"579,268,600","579,268,600","591,759,651",1,1, 공정DX연구소 압연엔지니어링연구그룹 ,  , 공정연구소 압연공정연구그룹 , 공정연구소 압연공정연구그룹 , 최정식 , (광양)열연부 , 최석찬 , (공정)열연공정-생산성향상기술 , 2024-12-31 , 기술축적 , 철강분야 , 정량효과 ,"425,000,000",0,0,0,0,0,0,0,0,0,0,0,0,0, 생산성향상 ," ○ 정량적 이익 (기대이익 혹은 실현이익) - 꼬임, Miss Roll 등 라인 Trouble에 의한 불량 발생재 5% 개선 : 1.8억원 * 산출근거: 부적합량*0.05*(판매가-Scrap가)=(7026.43 ton)*0.05*(1100000-570000 원/ton)=1.8억원 - 부정기 Roll 교체 시간 단축에 의한 생산성 향상 : 0.38억원/년 * 산출근거 : (개선전 부정기 Roll 교체 건수 - 개선 후 부정기 Roll 교체 건수) * 평균처리시간 * T/Hr * 작업율 * 고정가공비 =(2.5건 – 2.1건) * 0.5hr/건 * 683.2T/hr * 90.86% * 19755원/T=2.45 억원 ","579,268,600","425,000,000",4,50,"1,700,000,000",2.93, 과제종결(완료평가) 
558,20239427, 현업과제 , 2023P168 , GO 최고급재 적중률 향상 기술 개발 , 2023-02-06 , 2023-12-15 , 2023-12-04 ,"529,778,400","529,778,400","538,676,239",1,1, (포항)전력용전기강판프로젝트팀 ,  , 강재연구소 전기전자연구그룹 , 강재연구소 전기전자연구그룹 , 권오열 , (포항)전기강판부 , 김진형 , (공정)전기강판공정-제품양산기술 , 2023-12-29 , 기업이미지제고 , 철강분야 , 정량효과 ,0,0,0,0,0,0,0,"4,891,000,000",0,0,0,0,0,0, 실수율/품질향상 ," 최고급재 적중률 향상에 따른 이익(48.9억원/년, 가+나+다) 가. 24,800톤(적중률 31% 향상)x170,000원/톤=42.2억원/년(0.23t) 나. 2,500톤(적중률 12.5% 향상)x96,000원/톤=3.8억원/년(0.27t) 다. 품질부적합률 저감에 따른 이익 = 80,000톤x350,000원/톤x(0.0285-0.0181)= 2.91억원/년 (23PHD생산량) (부적합품 할인가) (부적합 개선률) ","529,778,400","4,891,000,000",4,50,"19,564,000,000",36.93, 과제종결(완료평가) 
559,20239429, 현업과제 , 2023P011 , 육상 액화암모니아 저장탱크용 TMCP재 및 광폭재의 설계활용기술 개발 , 2023-01-02 , 2023-12-29 , 2023-12-28 ,"510,690,000","510,690,000","413,512,351",1,1, 솔루션연구소 강건재솔루션연구그룹 ,  , 철강솔루션연구소 구조연구그룹 , 철강솔루션연구소 구조연구그룹 , 심상훈 , 에너지조선마케팅실 친환경에너지소재판매그룹 , 이동은 , (이용)강구조 , 2024-08-30 , 철강신수요창출 , 철강분야 , 정성효과 ,0,0,0,0,0,0,0,0,0,0,0,0,0,0,  ,  ,"510,690,000",0,  ,  ,0,0, 과제종결(완료평가) 
560,20239434, 현업과제 , 2023P403 , 소결 블랜딩 야드 리클레이머 절출 및 Bin Tripper 운전 자동화 , 2023-10-16 , 2024-10-18 , 2024-10-19 ,"836,747,000","836,747,000","728,172,329",1,1, 공정DX연구소 로봇AI연구그룹 ,  , 공정연구소 제어계측연구그룹 , 공정연구소 제어계측연구그룹 , 이종현 , (포항)제선부 , 최규택 , (공정)제선공정-생산성향상기술 , 2024-11-29 , 기술축적 , 철강분야 , 정량효과 ,"1,402,785,257",0,0,0,0,0,0,0,0,0,0,0,0,0, 생산성향상 ," 저가광 1% 증사용 효과 = 4.2억원/년 (‘22년 기준, 저가광 사용비 43.3%) ※ 저가광 1% 증사용량 x (일반광 단가 – 저가광단가) / 저가광 Fe% x 일반광 Fe% x 가중평균 = 98,947톤 x (168,615-146,449) / 55% x 58% x 가중평균 x 30% = 1,402,785,257 원/년 ","836,747,000","1,402,785,257",4,30,"5,611,141,028",6.71, 과제종결(완료평가) 
561,20239436, 미래기술과제 , 2023P028 , 소결 전공정 모사를 위한 통합 시뮬레이션 모델 개발 , 2023-01-02 , 2023-12-22 , 2023-12-22 ,"334,900,300","334,900,300","330,367,890",1,1, 공정DX연구소 제선연구그룹 ,  , 저탄소제철연구소 제선연구그룹 , 저탄소제철연구소 제선연구그룹 , 김정아 , 저탄소제철연구소 제선연구그룹 , 류진호 , (공정)제선공정-생산성향상기술 , 2025-01-01 , 기술축적 , 철강분야 , 정성효과 ,0,0,0,0,0,0,0,0,0,0,0,0,0,0,  ,  ,"334,900,300",0,  ,  ,0,0, 과제종결(단계완료평가) 
562,20239437, 현업과제 , 2023P277 , 포항 2고로 HBI 100kg/t-p 사용 효율 향상 위한 융착대 가시화 기술 개발 , 2023-04-10 , 2024-03-29 , 2024-04-07 ,"734,065,841","734,065,841","687,311,979",1,1, 공정DX연구소 제선연구그룹 ,  , 저탄소제철연구소 제선연구그룹 , 저탄소제철연구소 제선연구그룹 , 이성희 , (포항)제선부 , 최규택 , (공정)제선공정-원가절감기술 , 2024-04-01 , 기술축적 , 철강분야 , 정량효과 ,0,"1,096,102,555",0,0,0,0,0,0,0,0,0,0,0,0, 원단위절감 ," 1. 환원제비 저감 효과 = (포항 2고로 출선량) x (코크스 사용량 차이) x (코크스 단가) 2. CO2 발생량 저감 효과 CO2 저감량 X CO2 단가 = 코크스 저감량 X 코크스 CO2 배출계수 X 2고로 출선량 X CO2 단가 3. BFG 발생원단위 변화 = 환원제비절감원단위 x BFG발생원단위 x BFG평가단가 x 2고로 출선량 1 + 2 - 3 = 1,096,102,555원/년 ","734,065,841","1,096,102,555",3,30,"3,288,307,665",4.48, 과제종결(완료평가) 
563,20239438, 현업과제 , 2023P122 , 가전용 고강도 박물 도금 원판 제품 제조기술 개발 , 2023-01-23 , 2023-12-29 , 2023-09-26 ,"420,657,300","420,657,300","312,617,850",1,1, 제품연구소 냉연도금연구그룹 ,  , 강재연구소 전기전자연구그룹 , 강재연구소 전기전자연구그룹 , 이병호 , 전기전자마케팅실 솔루션개발섹션 , 나상준 , (제품)냉연제품-선도제품개발기술 , 2024-01-31 , 철강신수요창출 , 철강분야 , 정량효과 ,0,0,0,0,0,0,"179,259,500",0,0,0,0,0,0,0, 신수요창출 ," 4500톤/년 (정상판매량 달성 시 판매 의견) * 12.5% (박물화 고객사 이익) * 30% (이익분 당사 공여 가정) * 1,062 천원/톤 ('20.4Q~'23.3Q EG재 평균 판매가) = 1.79 억원/년 ","421,657,300","179,259,500",4,30,"717,038,000",1.7, 과제종결(완료평가) 
564,20239439, 현업과제 , 2023P027 , 닛산向 고연신 1.5G급 냉연강판 시장선도제품 개발 , 2023-01-02 , 2026-07-31 , 2026-08-13 ,"983,850,700","983,850,700","1,307,945,101",1,1, (광양)GigaSteel프로젝트팀 ,  , (광양)GigaSteel프로젝트팀 , (광양)GigaSteel프로젝트팀 , 서창효 , 자동차소재마케팅실 자동차소재솔루션그룹 , 전형준 , (제품)냉연제품-선도제품개발기술 , 2030-12-02 , 철강신수요창출 , 철강분야 , 정량효과 ,0,0,"89,050,000",0,0,0,0,0,0,0,0,0,0,0, 제품개발/수입대체 , 닛산향 고연신 1.5G 판매이익 (0.68천톤/년 판매가정) 0.68천톤/년 X 130천원/톤 = 0.89억원/년 ( SOP ’30) ,"1,058,850,700","89,050,000",4,70,"356,200,000",0.34, 과제종결(완료평가) 
565,20239442, 현업과제 , 2023P421 , 연소실별 공급열량 자동 제어를 통한 건류 말기 잉여 열량 저감 기술 , 2023-11-06 , 2024-09-27 , 2024-09-29 ,"471,774,000","471,774,000","529,362,939",1,1, 포스코홀딩스 ,  , 저탄소제철연구소 제선연구그룹 , 저탄소제철연구소 제선연구그룹 , 서승국 , (광양)화성부 , 유재홍 , (공정)제선공정-생산성향상기술 , 2024-10-25 , 조업/기술경영자료 , 철강분야 , 정량효과 ,0,0,0,0,0,0,0,0,0,"1,274,700,000",0,0,0,0, 에너지절감 ," 산출식: 6Mcal/t-C * 3,500,000 t-C/년 * 60.7원/Mcal = 1,274,700,000원/년 ","471,774,000","1,274,700,000",2,50,"2,549,400,000",5.4, 과제종결(완료평가) 
566,20239444, 현업과제 , 2023P397 , 배합탄의 유동성 향상을 통한 Coke 조직 제어 기술 , 2023-10-02 , 2024-11-29 , 2024-11-27 ,"666,901,900","666,901,900","720,124,146",1,1, 공정DX연구소 제선연구그룹 , 기술연구원 연구기획그룹 , 저탄소제철연구소 제선연구그룹 , 저탄소제철연구소 제선연구그룹 , 박관욱 , (포항)화성부 , 이상동 , (공정)제선공정-에너지기술 , 2024-12-27 , 기술축적 , 철강분야 , 정량효과 ,0,"3,300,000,000",0,0,0,0,0,0,0,0,0,0,0,0, 원단위절감 ," ○ 미점탄 사용비 및 분Coke 발생량 유지 下 Coke 수율 증대 0.6% ○ Coke 수율 증대로 36억원/년 기대효과 예상됨 → Coke 품질, 미점탄비 및 분coke 수율 유지; 포항 3~5기 적용 기준 괴코크스 수율 향상: 33억원 = - (개선 후 원료사용원단위-개선 전 원료사용원단위) × 개선 후 원료탄 사용단가 × 개선 후 괴코크스 생산량 × 기여율 15% = -(1/0.652 - 1/0.646)t-c/t-k x 499,000원/t-c x 3,077,486 t-k/년 * 15%(기여율) = 33억원/년 저감 ","666,901,900","3,300,000,000",4,25,"13,200,000,000",19.79, 과제종결(완료평가) 
567,20239447, 현업과제 , 2023P390 , UAM 산업 활성화 대응 Vertiport 강구조 적용 기술(1/2) , 2023-10-02 , 2024-08-02 , 2024-08-06 ,"431,643,800","955,808,650","239,358,448",2,1, 솔루션연구소 강건재솔루션연구그룹 ,  , 철강솔루션연구소 구조연구그룹 , 철강솔루션연구소 구조연구그룹 , 이지운 , 강건재가전마케팅실 강건재가전솔루션그룹 , 전형준 , (이용)강구조 , 2026-12-31 , 철강신수요창출 , 철강분야 , 정성효과 ,0,0,0,0,0,0,0,0,0,0,0,0,0,0,  ,  ,"431,643,800",0,  ,  ,0,0, 과제종결(단계완료평가) 
568,20239448, 현업과제 , 2023P143 , 고로 광석 장입벨트상의 원료 종류/입도 분석을 통한 Bin별 스크린 막힘/파손 진단기술 , 2023-01-30 , 2024-04-05 , 2024-04-19 ,"526,854,300","526,854,300","499,213,313",1,1, 공정DX연구소 제선연구그룹 , (포항)제선부 기술개발섹션 , 저탄소제철연구소 제선연구그룹 , 저탄소제철연구소 제선연구그룹 , 정인현 , (포항)제선부 , 최규택 , (공정)제선공정-원가절감기술 , 2024-07-01 , 기술축적 , 철강분야 , 정량효과 ,0,"150,168,587",0,0,0,0,0,0,0,0,0,0,0,0, 원단위절감 ," ○ 년간기대이익 산출내역 (단위:천원) = (산출식) 22년 생산 계획량(출선량) x 절감금액{ (22년도 PCR-23년도PCR) x 22년도 PCR단가 누계/1000 + (22년도 CR-23년도CR)x22년도 CR단가 누계/1000 + (23년도 BFG 발생원단위-22년도 *BFG 발생원단위) x 21년도 BFG 단가 누계 } / 10^8 = 1,940,000t-p/year x { (155.84kg/t-p - 156.34kg/t-p) x 176,704원/t * 0.001t/kg + (334.21kg/t-p - 333.71kg/t-p) x 331,615원/t * 0.001t/kg + (1546.6865Nm3-1546.6884Nm3) x 26.1원/Nm3 } / 10^8원/억원 = 1.5억원 ","526,854,300","150,168,587",4,100,"600,674,348",1.14, 과제종결(완료평가) 
569,20239452, 미래기술과제 , 2023P451 ," 전열부품(응축기, 증발기)용 오스테나이트계 STS의 전열특성 및 내식성 향상을 위한 코팅기술 ", 2023-12-25 , 2024-10-11 , 2024-08-31 ,"445,594,000","445,594,000","271,805,703",1,1, 솔루션연구소 강재솔루션연구그룹 ,  , 철강솔루션연구소 성능연구그룹 , 철강솔루션연구소 성능연구그룹 , 이승환 , 철강솔루션연구소 성능연구그룹 , 정용균 , (이용)강재성능 , 2024-12-20 , 철강신수요창출 , 철강분야 , 정성효과 ,0,0,0,0,0,0,0,0,0,0,0,0,0,0,  ,  ,"445,594,000",0,  ,  ,0,0, 과제종결(완료평가) 
570,20239453, 미래기술과제 , 2023P197 , 차세대 Axial 모터용 고자속밀도 NO기술개발 , 2023-03-06 , 2024-07-26 , 2024-07-26 ,"499,070,700","499,070,700","500,744,185",1,1, 제품연구소 냉연도금연구그룹 ,  , 강재연구소 전기전자연구그룹 , 강재연구소 전기전자연구그룹 , 고현석 , 제품연구소 냉연도금연구그룹 , 주형돈 , (제품)전기강판제품-선도제품개발기술 , 2024-08-15 , 철강신수요창출 , 철강분야 , 정성효과 ,0,0,0,0,0,0,0,0,0,0,0,0,0,0,  ,  ,"499,070,700",0,  ,  ,0,0, 과제종결(완료평가) 
571,20239454, 현업과제 , 2023P121 , PosMAC1.5 Pot성 결함 저감 및 표면 품질 향상 기술 개발 , 2023-01-16 , 2023-12-29 , 2024-01-04 ,"356,492,000","356,492,000","466,327,039",1,1, 제품연구소 표면연구그룹 ,  , 자동차소재연구소 자동차소재표면연구그룹 , 자동차소재연구소 자동차소재표면연구그룹 , 김태철 , (광양)도금부 , 안정환 , (공정)표면처리공정-제품양산기술 , 2024-01-15 , 철강신수요창출 , 철강분야 , 정량효과 ,0,0,0,0,0,0,0,"180,000,000",0,0,0,0,0,0, 실수율/품질향상 , 이전 클레임 발생에서 클레임 미발생으로 인한 보상금 제외 : '22년 Pot성 결함 관련 클레임 보상액 1.8억 ,"356,492,000","180,000,000",4,50,"720,000,000",2.02, 과제종결(완료평가) 
572,20239455, 현업과제 , 2023P120 , PosMAC1.5 탈지 접착성 향상 기술 개발 , 2023-01-16 , 2023-09-29 , 2023-09-27 ,"605,381,600","605,381,600","790,051,144",1,1, 제품연구소 표면연구그룹 ,  , 자동차소재연구소 자동차소재표면연구그룹 , 자동차소재연구소 자동차소재표면연구그룹 , 이동열 , (광양)도금부 , 안정환 , (공정)표면처리공정-제품양산기술 , 2024-01-01 , 철강신수요창출 , 철강분야 , 정성효과 ,0,0,0,0,0,0,0,0,0,0,0,0,0,0,  ,  ,"605,381,600",0,  ,  ,0,0, 과제종결(완료평가) 
573,20239456, 현업과제 , 2023P210 , 고합금 고Mn강 양산주조 기술 개발 , 2023-04-03 , 2024-03-29 , 2024-03-24 ,"467,050,000","467,050,000","487,235,301",1,1, 공정DX연구소 제강연구그룹 ,  , 강재연구소 제강연구그룹 , 강재연구소 제강연구그룹 , 강명훈 , (광양)후판부 , 이영춘 , (공정)제강공정-제품양산기술 , 2024-05-01 , 기술축적 , 철강분야 , 정성효과 ,0,0,0,0,0,0,0,0,0,0,0,0,0,0,  ,  ,"467,050,000",0,  ,  ,0,0, 과제종결(완료평가) 
574,20239457, 현업과제 , 2023P395 , CDQ 내 Dust 및 CO 함량에 연동한 순환가스 유량 자동제어 , 2023-10-02 , 2024-12-27 , 2024-12-27 ,"650,817,500","650,817,500","607,770,848",1,1, 공정DX연구소 제선연구그룹 ,  , 저탄소제철연구소 제선연구그룹 , 저탄소제철연구소 제선연구그룹 , 이승재 , (포항)화성부 , 이상동 , (공정)제선공정-생산성향상기술 , 2024-12-31 , 기술축적 , 철강분야 , 정량효과 ,0,0,0,0,0,0,0,"412,000,000",0,0,0,0,0,0, 실수율/품질향상 ," CDQ Suction air 30% 하향조업을 통한 Coke 생산량 472 kg/hr 증대 (스팀 발생량 저감 3.84 ton/hr 반영) = [472 kg/hr * 485.5 원/kg (괴 Coke 50%, 분 Coke 50%) - 3.84 ton/hr * 46,080 원/ton] * 24 * 330 = 412,000,000 원/년 ","650,817,500","412,000,000",4,100,"1,648,000,000",2.53, 과제종결(완료평가) 
575,20239459, 현업과제 , 2023P026 , 1열연 FM 냉각설비 고도화를 통한 Roll Antipeeling 기술 개발 , 2023-01-02 , 2024-05-03 , 2024-05-09 ,"631,687,800","631,687,800","562,698,678",1,1, 공정DX연구소 압연엔지니어링연구그룹 , (광양)열연부 열연AHSS기술개발섹션 , 공정연구소 압연공정연구그룹 , 공정연구소 압연공정연구그룹 , 윤기호 , (포항)열연부 , 손승락 , (공정)열연공정-불량율저감기술 , 2024-05-06 , 기타 , 철강분야 , 정량효과 ,0,0,0,0,0,0,0,"114,138,189",0,0,0,0,0,0, 실수율/품질향상 ," 소재표면 Scale 결함감소: 114백만원/년 1. HR재 - 생산량 X (개선전 부적합율 - 개선후 부적합율) X (제강/연주 변동가공비 + 1열연 변동가공비) = 450,590톤 X (0.72 – 0.504)/100 X (27,032원/톤 + 21,732원/톤) = 47,460,753원 2. BP재 - 생산량 X (개선전 부적합율 - 개선후 부적합율) X (제강/연주 변동가공비 + 1열연 변동가공비 + 냉연변동가동비) = 246,302톤 X (0.81 – 0.567)/100 X (27,032원/톤 + 21,732원/톤 + 62,641원/톤) = 66,677,437원 ","631,687,800","114,138,189",4,90,"456,552,756",0.72, 과제종결(완료평가) 
576,20239461, 미래기술과제 , 2023P049 , 선상흠 저감을 위한 열연가열로 승온 Pattern 최적화 기술 개발 , 2023-01-02 , 2023-07-28 , 2023-08-01 ,"202,868,600","202,868,600","107,998,464",1,1, (포항)STS품질수익성향상TF팀 ,  , 강재연구소 STS연구그룹 , 강재연구소 STS연구그룹 , 하만진 , 제품연구소 STS연구그룹 , 김진석 , (공정)STS공정-불량율저감기술 , 2023-10-02 , 기술축적 , 철강분야 , 정성효과 ,0,0,0,0,0,0,0,0,0,0,0,0,0,0,  ,  ,"202,868,600",0,  ,  ,0,0, 과제종결(완료평가) 
577,20239462, 현업과제 , 2023P362 , 딥러닝 기반 열연 Crop 최적 절사 위치 측정 및 제어 기술 개발 , 2023-08-07 , 2025-01-31 , 2025-09-19 ,"819,558,000","819,558,000","948,293,867",1,1, 공정DX연구소 로봇AI연구그룹 ,  , 공정DX연구소 제어계측연구그룹 , 공정DX연구소 제어계측연구그룹 , 공남웅 , (광양)열연부 , 김종성 , (엔지니어링)제어계측-생산성향상기술 , 2025-12-30 , 기술축적 , 철강분야 , 정량효과 ,0,0,0,0,0,0,0,"154,000,000",0,0,0,0,0,0, 실수율/품질향상 ," [1열연공장] Crop Loss율 목표 : 0.529% (기대효과: 1.54억/년) - Crop Loss 개선으로 인한 증산량(ton) = Slab처리계획량 × 압연실수율 × Crop Loss 개선율 = 4,936,000ton × 98.83% × 0.06% = 2,927ton - 재무성과 = 실수율 향상에 의한 선공정~당공정 변동가공비 절감 = (제강+열연 변동가공비) × 증산량 = 52,655원 × 2,927ton = 154,120,342 (1억 5천 4백) ※ ’23년 1~5월 평균 Crop Loss율 : 0.589% ","819,558,000","154,000,000",4,100,"616,000,000",0.75, 과제종결(완료평가) 
578,20239465, 현업과제 , 2023P364 , 소결 미분광 조립설비 Green Pellet의 실시간 수분 제어 및 입도 측정 기술 , 2023-08-14 , 2024-10-25 , 2024-09-06 ,"1,021,067,000","1,021,067,000","1,005,204,555",1,1, 공정DX연구소 제선연구그룹 ,  , 저탄소제철연구소 제선연구그룹 , 저탄소제철연구소 제선연구그룹 , 김성완 , (포항)제선부 , 최규택 , (공정)제선공정-생산성향상기술 , 2024-12-31 , 기술축적 , 철강분야 , 정량효과 ,0,"3,060,000,000",0,0,0,0,0,0,0,0,0,0,0,0, 원단위절감 ," 1) 전제조건 - 년간 순생산량 ; 3소결 4,707,508 톤/년, 4소결 4,342,717 톤/년 (‘23년 실적) - 소결광 고정비 ; 16,088 원/톤 (‘24년 상반기 평균) - 소결결합재 단가 ; 303,079 원/톤 (‘24년 상반기 평균) - CO2 배출권거래제 단가 ; 11,243 원/톤-CO2 (‘23년 평균) 2) 소결결합재비 Δ1.0kg/t-sinter 저감에 따른 원가/CO2 저감 효과 - 소결결합재 원단위 저감량 ; -1.0kg/t-sinter (à CO2 저감량 ; 3.2kg-CO2/t-sinter 저하) - 기대이익 = 소결광 총생산량(톤-s/년) x [결합재 저감량(1.0kg/톤-s) x 결합재비 단가(303원/kg) + CO2 저감량(3.2kg-CO2/톤-s) x CO2 단가(11원/kg-CO2) ] = 9,050,225 (톤-s/년) x [1.0kg-결/톤-s x 303원/kg-결 + 3.2kg-CO2/톤-s x 11원/kg-CO2 ] = 2,742 + 318 백만원/년 = 3,060 백만원/년 (약 28,960 톤-CO2/년 저감) ","1,651,067,000","3,060,000,000",1,100,"3,060,000,000",1.85, 과제종결(완료평가) 
579,20239466, 미래기술과제 , 2023P357 , 열연강판 비파괴식 잔류응력 측정 기술 개발 , 2023-08-07 , 2024-09-27 , 2024-10-05 ,"482,842,100","482,842,100","497,595,720",1,1, 고문 ,  , 공정연구소 제어계측연구그룹 , 공정연구소 제어계측연구그룹 , 임충수 , 공정연구소 제어계측연구그룹 , 김기원 , (공정)열연공정-불량율저감기술 , 2025-01-01 , 기타 , 철강분야 , 정성효과 ,0,0,0,0,0,0,0,0,0,0,0,0,0,0,  ,  ,"482,842,100",0,  ,  ,0,0, 과제종결(완료평가) 
580,20239473, 현업과제 , 2023P066 , 후판 평탄도 개선을 위한 가속냉각 선행제어 기술 개발 , 2023-01-02 , 2024-01-05 , 2024-02-29 ,"310,548,000","310,548,000","358,558,883",1,1, (포항)에너지후판프로젝트팀 ,  , 공정연구소 철강엔지니어링연구그룹 , 공정연구소 철강엔지니어링연구그룹 , 김효신 , (포항)후판부 , 홍헌호 , (공정)후판공정-원가절감기술 , 2024-01-25 , 기술축적 , 철강분야 , 정량효과 ,0,"80,000,000",0,0,0,0,0,0,0,0,0,0,0,0, 원단위절감 , - 교정부하 저감에 따른 납기지연 해소 및 교정 가공비 저감(0.4억원/년) - 평탄도 관련 고객사 Claim 보상비용 저감(0.4억/년) ,"310,548,000","80,000,000",4,50,"320,000,000",1.03, 과제종결(완료평가) 
581,20239474, 미래기술과제 , 2023P188 , 벽체형 모듈 가전 구현을 위한 스틸 마감 및 구조시스템 개발 , 2023-03-06 , 2023-12-01 , 2023-12-04 ,"402,142,400","402,142,400","334,846,343",1,1, 솔루션연구소 강건재솔루션연구그룹 , 미래수요개발실 , 철강솔루션연구소 구조연구그룹 , 철강솔루션연구소 구조연구그룹 , 김우석 , 철강솔루션연구소 구조연구그룹 , 박찬희 , (이용)강구조 , 2023-12-11 , 철강신수요창출 , 철강분야 , 정성효과 ,0,0,0,0,0,0,0,0,0,0,0,0,0,0,  ,  ,"402,142,400",0,  ,  ,0,0, 과제종결(완료평가) 
582,20239475, 현업과제 , 2023P076 , CGL DFF Burner block 내화물 국산화 및 내열성능 향상기술개발 , 2023-01-09 , 2023-12-22 , 2024-01-05 ,"353,526,500","353,526,500","392,284,900",1,1, 미래철강연구소 차세대철강연구그룹 ,  , 강재연구소 제강연구그룹 , 강재연구소 제강연구그룹 , 변윤기 , (광양)도금부 , 안정환 , (공정)냉연공정-불량율저감기술 , 2024-01-08 , 기술축적 , 철강분야 , 정량효과 ,"1,763,985,600",0,0,0,0,0,0,0,0,0,0,0,0,0, 생산성향상 ," 정량기대효과 : 년 17.6억원 조업손실 보상 ['22.1~7월 누계] 1CGL F'ce 결함 335톤中 이물결함 89톤으로 1위 차지 * Line 부정기 스탑에 따른 복구와 재가동 시간까지 감안하면 대략 하루(24hrs)가 소요되며 약 1300톤 가량의 감산이 발생. : GI재 영업이익률로 환산時 1.5억원/日 손해발생 제품판매價 1,396천원 X 영업이익률 8.1% X 1300톤/day = 146,998,800원) 21년 누계 12day 비정상 조업중단 발생 [146,998,800원/day*12day=1,763,985,600원] ","353,526,500","1,763,985,600",4,30,"7,055,942,400",19.96, 과제종결(완료평가) 
583,20239477, 미래기술과제 , 2023P393 , 고강도 ATOS강 굽힘 크랙 및 절곡휨 평가법 및 예측기술 개발 , 2023-10-02 , 2024-09-27 , 2024-08-29 ,"619,237,500","619,237,500","517,151,380",1,1, 솔루션연구소 자동차소재솔루션연구그룹 ,  , 철강솔루션연구소 성형연구그룹 , 철강솔루션연구소 성형연구그룹 , 구진모 , 철강솔루션연구소 성형연구그룹 , 정기석 , (이용)가공 , 2024-10-01 , 기술축적 , 철강분야 , 정성효과 ,0,0,0,0,0,0,0,0,0,0,0,0,0,0,  ,  ,"619,237,500",0,  ,  ,0,0, 과제종결(완료평가) 
584,20239481, 미래기술과제 , 2023P085 , 제품출하 검수장 자동화 운영을 위한 로봇솔루션 개념설계 , 2023-01-09 , 2023-12-29 , 2023-12-27 ,"497,106,200","497,106,200","514,770,413",1,1, 공정DX연구소 로봇AI연구그룹 ,  , 공정연구소 로봇솔루션연구그룹 , 공정연구소 로봇솔루션연구그룹 , 김민성 , 공정연구소 로봇솔루션연구그룹 , 최용준 , (철강기타)철강기타 , 2024-12-31 , 기술축적 , 철강분야 , 정성효과 ,0,0,0,0,0,0,0,0,0,0,0,0,0,0,  ,  ,"497,106,200",0,  ,  ,0,0, 과제종결(완료평가) 
585,20239483, 현업과제 , 2023P212 , 가전산업용 NO 제조기준 정립 , 2023-04-03 , 2024-04-26 , 2024-05-14 ,"656,535,500","656,535,500","54,796,293",1,1, 유학 ,  , 생산기술전략실 친환경차용NO고도화TF팀 , 생산기술전략실 친환경차용NO고도화TF팀 , 이헌주 , (광양)전기강판부 , 김기열 , (공정)전기강판공정-생산성향상기술 , 2024-05-01 , 기술축적 , 철강분야 , 정량효과 ,0,0,"1,500,000,000",0,0,0,0,0,0,0,0,0,0,0, 제품개발/수입대체 , 광양 생산 HMLNO 10만톤/년 × 영업이익 5만원/톤 × 기여율 0.3 = 15억원 ,"2,656,535,500","1,500,000,000",4,80,"6,000,000,000",2.26, 과제종결(완료평가) 
586,20239485, 미래기술과제 , 2023P240 , 확장형 인공섬을 위한 내해수강 활용 다목적 모듈라 부유식 구조체 개발 , 2023-04-03 , 2024-03-29 , 2024-03-28 ,"677,793,100","971,973,300","549,081,815",3,1, 솔루션연구소 강건재솔루션연구그룹 ,  , 철강솔루션연구소 구조연구그룹 , 철강솔루션연구소 구조연구그룹 , 이종관 , 철강솔루션연구소 구조연구그룹 , 박찬희 , (이용)강구조 , 2026-06-01 , 철강신수요창출 , 철강분야 , 정량효과 ,0,0,0,0,0,0,0,0,0,0,0,0,0,"2,175,000,000", 기타 ," ○ 연간기대이익 : 2,175백만원/년 - 10,000㎡ (100 x 100m) 규모의 부유식 부지 조성 사업 적용 시, 약 14,500톤 내해수강 수요 창출 - 14,500톤 x 150,000원/톤 (톤당 영업이익) = 2,175,000,000원 ","677,793,100","2,175,000,000",4,50,"8,700,000,000",12.84, 과제종결(단계완료평가) 
587,20239489, 현업과제 , 2023P316 , 고소작업 크레인용 TS 980 MPa급 고장력강 선도제품 개발 , 2023-06-26 , 2024-12-27 , 2024-12-26 ,"186,795,300","186,795,300","232,736,101",1,1, 미래철강연구소 차세대철강연구그룹 ,  , 강재연구소 에너지조선연구그룹 , 강재연구소 에너지조선연구그룹 , 소태일 , 에너지조선마케팅실 산업기계소재판매그룹 , 마재소 , (제품)후판제품-선도제품개발기술 , 2025-01-01 , 철강신수요창출 , 철강분야 , 정량효과 ,0,0,"150,000,000",0,0,0,0,0,0,0,0,0,0,0, 제품개발/수입대체 , 예상 영업이익 = 톤당 영업이익 x 연간판매량 150천원/톤 x 1000톤/년 = 1.5억/년 ,"236,795,300","150,000,000",4,50,"600,000,000",2.53, 과제종결(완료평가) 
588,20239490, 미래기술과제 , 2023P129 , 고철야드 크레인 무인운전 요소기술 개발 , 2023-01-23 , 2024-03-01 , 2024-02-15 ,"564,763,200","564,763,200","491,909,322",1,1, 공정DX연구소 로봇AI연구그룹 ,  , 포스코홀딩스 , 포스코홀딩스 , 임성환 , 포스코홀딩스 , 최용준 , (엔지니어링)제어계측-Smart solution기술(AI/Big Data/IoT) , 2024-06-07 , 기술축적 , 철강분야 , 정성효과 ,0,0,0,0,0,0,0,0,0,0,0,0,0,0,  ,  ,"564,763,200",0,  ,  ,0,0, 과제종결(완료평가) 
589,20239491, 현업과제 , 2023P164 , 중심부 경도 보증 HB400급 내마모강 Max 120t 후물재 선도제품 개발 , 2023-01-30 , 2024-03-29 , 2024-05-17 ,"393,330,200","393,330,200","417,411,610",1,1, 제품연구소 열연선재후판연구그룹 ,  , 강재연구소 에너지조선연구그룹 , 강재연구소 에너지조선연구그룹 , 유승호 , 에너지조선마케팅실 산업기계소재판매그룹 , 마재소 , (제품)후판제품-선도제품개발기술 , 2024-06-03 , 철강신수요창출 , 철강분야 , 정량효과 ,0,0,"150,000,000",0,0,0,0,0,0,0,0,0,0,0, 제품개발/수입대체 ," - 기존 유럽 및 일본, 중국 수입재 대체 예상 판매량 0.5천톤/년 - 예상 영업이익 300천원/톤 = 1.5억원/년 + a (a: Package 수주 또는 combined order를 통한 대규모 Pjt. 주문 시) ","493,330,200","150,000,000",4,80,"600,000,000",1.22, 과제종결(완료평가) 
590,20239493, 현업과제 , 2023P128 , 2CAL HS 온도제어 성능 개선 및 4-2CAL HS 온도제어 모델 개발 , 2023-01-09 , 2024-03-29 , 2024-05-14 ,"408,558,400","408,558,400","444,247,735",1,1, 포스코홀딩스 ,  , 공정연구소 제어계측연구그룹 , 공정연구소 제어계측연구그룹 , 노일환 , (광양)냉연부 , 이훈휘 , (공정)냉연공정-불량율저감기술 , 2024-05-31 , 기술축적 , 철강분야 , 정량효과 ,"890,000,000",0,0,0,0,0,0,0,0,0,0,0,0,0, 생산성향상 ," ’23.11, 12월 ton/hr 증가량 평균 : 2.85ton/hr ’23년 순작업시간 7114hr ’23년 2CAL 고정가공비 43,900원/ton ☞증산량 : 2.85 * 7114 = 20274.9ton ☞고정가공비 절감량 : 20274.9ton * 43900 = 8.9억원 ","408,558,400","890,000,000",4,25,"3,560,000,000",8.71, 과제종결(완료평가) 
591,20239495, 현업과제 , 2023P010 , 2후판 #3냉각대 공냉 능력 향상을 위한 토네이토 공기 순환기술 개발 , 2023-01-09 , 2023-12-29 , 2023-12-18 ,"765,911,500","765,911,500","699,114,792",1,1, 포스코홀딩스 ,  , 공정연구소 철강엔지니어링연구그룹 , 공정연구소 철강엔지니어링연구그룹 , 강종훈 , (포항)후판부 , 홍헌호 , (공정)후판공정-생산성향상기술 , 2024-12-31 , 기술축적 , 철강분야 , 정성효과 ,0,0,0,0,0,0,0,0,0,0,0,0,0,0,  ,  ,"765,911,500",0,  ,  ,0,0, 과제종결(완료평가) 
592,20239500, 미래기술과제 , 2023P283 , Microwave 를 이용한 고강도 직접환원철 제조기술 개발 , 2023-05-15 , 2024-05-10 , 2024-05-13 ,"446,966,000","446,966,000","490,663,234",1,1, 저탄소제철연구소 제선연구그룹 ,  , 저탄소제철연구소 제선연구그룹 , 저탄소제철연구소 제선연구그룹 , 최응수 , 저탄소제철연구소 제선연구그룹 , 류진호 , (공정)제선공정-에너지기술 , 2025-09-15 , 기술축적 , 철강분야 , 정성효과 ,0,0,0,0,0,0,0,0,0,0,0,0,0,0,  ,  ,"446,966,000",0,  ,  ,0,0, 과제종결(완료평가) 
593,20239504, 현업과제 , 2023P196 , 1열연 압연 라인 Strip Steering 제어 기술 고도화 , 2023-03-06 , 2024-05-03 , 2024-05-17 ,"498,184,000","498,184,000","524,965,155",1,1, 공정DX연구소 로봇AI연구그룹 ,  , 공정연구소 제어계측연구그룹 , 공정연구소 제어계측연구그룹 , 반성준 , (포항)열연부 , 손승락 , (엔지니어링)제어계측-생산성향상기술 , 2024-06-03 , 기술축적 , 철강분야 , 정량효과 ,"307,021,554",0,0,0,0,0,0,"196,520,079",0,0,0,0,0,0," 생산성향상,실수율/품질향상 "," 압연구간 통판성 및 직진성 향상을 통한 Miss Roll 발생 개선 (5억원) 1. Miss Roll 요인 Line 정지 시간 저감 = '22.上 Miss Roll 요인 Line 정지시간(Hr) * T/H * 압연실수율 * 작업률 * 고정가공비 * 개선율 * 2 (1년환산) = 51.6hr * 480.43ton/h * 98.72(%) * 88.68(%) * 23,578원/ton * 30% * 2 = 307,021,554 2. Miss Roll 및 Scrap 처리량 개선 = 22.上 Miss Roll 및 Scrap 처리량 * (판매가-Scrap가) * 개선율 * 2 (1년 환산) = 888.8ton * (1,090,718 - 722,206)원/ton * 30% * 2 = 196,520,079 ","498,184,000","503,541,633",4,50,"2,014,166,532",4.04, 과제종결(완료평가) 
594,20239506, 현업과제 , 2023P195 , 2열연 압연 라인 Strip Steering 제어 기술 고도화 , 2023-03-06 , 2024-05-03 , 2024-05-17 ,"510,524,700","510,524,700","536,888,356",1,1, 공정DX연구소 로봇AI연구그룹 ,  , 공정연구소 제어계측연구그룹 , 공정연구소 제어계측연구그룹 , 공남웅 , (포항)열연부 , 손승락 , (엔지니어링)제어계측-생산성향상기술 , 2024-06-03 , 기술축적 , 철강분야 , 정량효과 ,"1,030,000,000",0,0,0,0,0,0,0,0,0,0,0,0,0, 생산성향상 ," * 압연구간 통판성 및 직진성 향상을 통한 Miss Roll 발생 개선 (10.3억원) 1. Miss Roll 요인 Line 정지 시간 저감 = '22.上 Miss Roll 요인 Line 정지시간(h) * T/H * 압연실수율 * 작업률 * 고정가공비 * 개선율 * 2 (1년 환산) = 72.4h * 673.13ton/h * 98.40(%) * 88.26(%) * 26,297원/ton * 30% * 2 = 667,811,650원 2. Miss Roll 및 Scrap 처리량 개선 = '22.上 Miss Roll 및 Scrap 처리량 * (판매가 - Scrap가) * 개선율 * 2 (1년 환산) = 1626.9ton * (1,090,718 - 722,206)원/ton * 30% * 2 = 359,719,304원 ","510,524,700","1,030,000,000",4,50,"4,120,000,000",8.07, 과제종결(완료평가) 
595,20239509, 현업과제 , 2023P103 , 포항 2고로 NG 취입 효율 극대화 위한 조업 최적화 기술 개발 , 2023-01-09 , 2023-12-29 , 2023-12-22 ,"710,152,600","710,152,600","716,482,653",1,1, 기술연구원 연구기획그룹 ,  , 저탄소제철연구소 제선연구그룹 , 저탄소제철연구소 제선연구그룹 , 이동조 , (포항)제선부 , 최규택 , (공정)제선공정-대기기술 , 2024-01-01 , 기술축적 , 철강분야 , 정량효과 ,"6,500,000,000",0,0,0,0,0,0,0,0,0,0,0,0,0, 생산성향상 ," ○ NG 취입에 의한 미분탄 연소성 증대로 노심불활성 개선 및 NG 취입 편차 저감에 의한 Gas 편류 저감으로 노황안정 ① 송풍량 증대에 의한 출선량 증대 : 9.6억원/년 - 노황 개선을 통한 출선량 5,915톤/년 증대로 구입 Scrap 대체 = [구입 Scrap 단가 (716 천원/톤) - 용선 한계원가 (554 천원/톤) ] * 출선량 증가량 (5,915톤/년) ② CO2 저감으로 Slab 감산 회피 : 55.4억원/년 - CO2 배출량 △66천톤 저감시 Slab 33천톤 추가 생산 가능 (조강톤당 CO2 배출원단위 2.00 Ton-CO2/Ton-Steel) = [ Slab 구입가 (898천원/톤) – Slab 한계원가 (730천원/톤) ] * Slab 추가 생산량 (33,000톤/년) * NG 구매 비용은 추가 효과 계산에는 제외 (배출권 가격과 NG 단가 동시 고려한 원가 분석표 참고) ","710,152,600","6,500,000,000",2,30,"13,000,000,000",18.31, 과제종결(완료평가) 
596,20239511, 현업과제 , 2023P065 , Duplex STS 열연 폭확대 기술개발 , 2023-01-02 , 2023-12-22 , 2024-01-05 ,"393,279,000","393,279,000","362,188,537",1,1, (포항)STS품질수익성향상TF팀 ,  , 강재연구소 STS연구그룹 , 강재연구소 STS연구그룹 , 하만진 , (포항)STS압연부 , 강태형 , (공정)STS공정-제품양산기술 , 2024-01-01 , 기술축적 , 철강분야 , 정량효과 ,0,0,"390,000,000",0,0,0,0,0,0,0,0,0,0,0, 제품개발/수입대체 ," Duplex 4ft 수입 대체 : (1.9천톤/년x판매가 7,370천원x영업이익율 14%)x수입 대체율 20% ","393,279,000","390,000,000",2,60,"780,000,000",1.98, 과제종결(완료평가) 
597,20239513, 현업과제 , 2023P253 , PosMAC3.0 열연소재성 점상결함 저감을 위한 공정기술 개발 , 2023-04-03 , 2023-12-29 , 2023-12-28 ,"492,737,800","492,737,800","640,569,344",1,1, 제품연구소 표면연구그룹 , 기술연구원 연구기획그룹 , 자동차소재연구소 자동차소재표면연구그룹 , 자동차소재연구소 자동차소재표면연구그룹 , 소슬기 , (포항)열연부 , 손승락 , (공정)열연공정-불량율저감기술 , 2024-01-15 , 기술축적 , 철강분야 , 정량효과 ,0,0,0,0,0,0,0,"183,400,000",0,0,0,0,0,0, 실수율/품질향상 , {평균 Roll 재사용 횟수 (개선후-개선전) [회] * 연평균 CGL 단위수 [단위/년] * Roll 갯수(1Set 기준 2개) * Roll 1회 평균 연마량(mm/회) / Roll 유효경(mm/본)} * Roll 단가(원/본) = {(1.0-0.8)[회] * 508[단위/년] * 4[본] * 0.61[mm] / 100[mm]} * 74[백만원] ,"492,737,800","183,400,000",4,50,"733,600,000",1.49, 과제종결(완료평가) 
598,20239515, 현업과제 , 2023P252 , PosMAC Super 흑점 저감을 위한 공정 최적화 기술개발 , 2023-04-03 , 2023-12-29 , 2023-12-28 ,"497,142,100","497,142,100","662,791,628",1,1, (포항)신재생에너지용PosMAC프로젝트팀 ,  , 자동차소재연구소 자동차소재표면연구그룹 , 자동차소재연구소 자동차소재표면연구그룹 , 김성주 , (포항)냉연부 , 조명래 , (공정)표면처리공정-제품양산기술 , 2024-08-05 , 기술축적 , 철강분야 , 정성효과 ,0,0,0,0,0,0,0,0,0,0,0,0,0,0,  ,  ,"497,142,100",0,  ,  ,0,0, 과제종결(완료평가) 
599,20239516, 현업과제 , 2023P392 , 포항 2고로 원주방향 미분탄 취입 편차 저감 기술 개발 , 2023-09-18 , 2025-03-21 , 2025-04-11 ,"2,784,295,100","2,784,295,100","2,350,788,625",1,1, 공정DX연구소 제선연구그룹 , (포항)제선부 기술개발섹션 , 저탄소제철연구소 제선연구그룹 , 저탄소제철연구소 제선연구그룹 , 정인현 , (포항)제선부 , 김성연 , (공정)제선공정-원가절감기술 , 2025-06-02 , 기술축적 , 철강분야 , 정량효과 ,0,"3,159,795,008",0,0,0,0,0,0,0,0,0,0,0,0, 원단위절감 ," ○ 지관별 미분탄 취입량 편차 저감에 의한 기대이익 미분탄비 증대 효과 = (코크스단가-미분탄 단가) x 미분탄비 증대량 x 출선량 = 322 원/kg x 5 kg/t-p x 1,964,863 t-p/년 = 3,159,795,008원/년 ","2,784,295,100","3,159,795,008",2,100,"6,319,590,016",2.27, 과제종결(완료평가) 
600,20239518, 현업과제 , 2023P331 , 1냉연 CAL SPM 형상제어 자동화 , 2023-06-19 , 2024-08-30 , 2024-10-07 ,"301,804,000","301,804,000","398,981,882",1,1, 공정DX연구소 로봇AI연구그룹 , (광양)냉연부 기술개발섹션 , 공정연구소 제어계측연구그룹 , 공정연구소 제어계측연구그룹 , 박정훈 , (광양)냉연부 , 이훈휘 , (공정)냉연공정-생산성향상기술 , 2024-10-01 , 기술축적 , 철강분야 , 정성효과 ,0,0,0,0,0,0,0,0,0,0,0,0,0,0,  ,  ,"301,804,000",0,  ,  ,0,0, 과제종결(완료평가) 
601,20239521, 현업과제 , 2023P127 , (포항) APL생략 HNO ACL 생산성 향상 및 조업성 개선 기술개발 , 2023-01-09 , 2024-02-23 , 2024-02-29 ,"614,472,500","614,472,500","619,740,457",1,1, 제품연구소 냉연도금연구그룹 ,  , 강재연구소 전기전자연구그룹 , 강재연구소 전기전자연구그룹 , 주형돈 , (포항)전기강판부 , 박용화 , (공정)전기강판공정-생산성향상기술 , 2025-07-01 , 기술축적 , 철강분야 , 정량효과 ,"430,000,000",0,0,0,0,0,0,0,0,0,0,0,0,0, 생산성향상 , - 50PN470 ACL L/S 13% 향상통한 원가절감 4.3억원 /년 (3만톤/년* (2ACL원가)11만원/톤 * (L/S향상160-->180mpm) 0.13 =4.3억원/년) ,"764,472,500","430,000,000",4,90,"1,720,000,000",2.25, 과제종결(완료평가) 
602,20239522, 미래기술과제 , 2023P126 , 스팟용접 및 인장시험 자동화 로봇솔루션 기술 개발 , 2023-01-30 , 2023-12-29 , 2023-12-12 ,"538,993,500","538,993,500","561,408,706",1,1, 공정DX연구소 포장자동화TF팀 ,  , 공정연구소 로봇솔루션연구그룹 , 공정연구소 로봇솔루션연구그룹 , 류창우 , 공정연구소 로봇솔루션연구그룹 , 최용준 , (엔지니어링)기계설비-Smart solution기술(AI/Big Data/IoT) , 2024-01-03 , 기술축적 , 철강분야 , 정성효과 ,0,0,0,0,0,0,0,0,0,0,0,0,0,0,  ,  ,"538,993,500",0,  ,  ,0,0, 과제종결(완료평가) 
603,20239523, 미래기술과제 , 2023P064 , 1EGL 미세요철 결함 검사 기술 , 2023-01-02 , 2024-03-22 , 2024-03-25 ,"302,348,000","302,348,000","350,609,355",1,1, 공정DX연구소 로봇AI연구그룹 ,  , 공정연구소 제어계측연구그룹 , 공정연구소 제어계측연구그룹 , 이세호 , 공정연구소 제어계측연구그룹 , 조명종 , (공정)표면처리공정-불량율저감기술 , 2025-01-02 , 기술축적 , 철강분야 , 정성효과 ,0,0,0,0,0,0,0,0,0,0,0,0,0,0,  ,  ,"302,348,000",0,  ,  ,0,0, 과제종결(완료평가) 
604,20239535, 현업과제 , 2023P388 , 원료 야드 Pile 맵핑을 활용한 리클레이머 자동화 기술 개발 , 2023-09-18 , 2024-09-27 , 2024-12-20 ,"845,526,000","2,008,738,000","814,381,081",2,1, 공정DX연구소 로봇AI연구그룹 ,  , 공정연구소 제어계측연구그룹 , 공정연구소 제어계측연구그룹 , 이종현 , (포항)제선부 , 최규택 , (공정)제선공정-원가절감기술 , 2026-02-27 , 기술축적 , 철강분야 , 정성효과 ,0,0,0,0,0,0,0,0,0,0,0,0,0,0,  ,  ,"845,526,000",0,  ,  ,0,0, 과제종결(단계완료평가) 
605,20239539, 현업과제 , 2023P116 , 포항2고로 NG취입 대비 열풍로 풍온 편차 저감 기술 개발 , 2023-01-16 , 2023-11-24 , 2023-11-21 ,"355,947,800","355,947,800","335,817,364",1,1, 공정DX연구소 제선연구그룹 ,  , 저탄소제철연구소 제선연구그룹 , 저탄소제철연구소 제선연구그룹 , 권기웅 , (포항)제선부 , 최규택 , (공정)제선공정-대기기술 , 2024-01-01 , 기술축적 , 철강분야 , 정량효과 ,0,0,0,0,0,0,0,0,0,"390,000,000",0,0,0,0, 에너지절감 ," - 열풍로 축열 편차 저감에 따른 배가스 배출 현열 저감 - 저감열량 7,295Gcal/년 x 54원/Mcal = 3.9억/년 ","355,947,800","390,000,000",4,70,"1,560,000,000",4.38, 과제종결(완료평가) 
606,20239541, 미래기술과제 , 2023P284 , 함철부산물 펠릿 품질 향상을 위한 원료 절출설비 개선 및 Binder 혼합기술 개발 , 2023-05-15 , 2024-09-27 , 2024-08-29 ,"483,724,000","483,724,000","525,353,183",1,1, 공정DX연구소 압연엔지니어링연구그룹 ,  , 공정연구소 철강엔지니어링연구그룹 , 공정연구소 철강엔지니어링연구그룹 , 박종인 , 공정연구소 철강엔지니어링연구그룹 , 황종연 , (엔지니어링)열유체-부산물기술 , 2025-06-30 , 기술축적 , 철강분야 , 정성효과 ,0,0,0,0,0,0,0,0,0,0,0,0,0,0,  ,  ,"483,724,000",0,  ,  ,0,0, 과제종결(완료평가) 
607,20239543, 미래기술과제 , 2023P296 , 유해원소 함유 함철부산물 사외처리량 저감 기초연구 , 2023-05-15 , 2024-09-27 , 2024-08-29 ,"1,392,678,025","1,392,678,025","1,481,461,426",1,1, 공정DX연구소 압연엔지니어링연구그룹 ,  , 공정연구소 철강엔지니어링연구그룹 , 공정연구소 철강엔지니어링연구그룹 , 조문경 , 공정연구소 철강엔지니어링연구그룹 , 황종연 , (엔지니어링)열유체-부산물기술 , 2025-03-31 , 기술축적 , 철강분야 , 정성효과 ,0,0,0,0,0,0,0,0,0,0,0,0,0,0,  ,  ,"1,392,678,025",0,  ,  ,0,0, 과제종결(완료평가) 
608,20239546, 현업과제 , 2023P278 , 2제강 RH 조업 자동화 기술개발(1/2) , 2023-04-03 , 2024-03-29 , 2024-04-23 ,"659,397,580","659,397,580","374,490,830",1,1, 공정DX연구소 로봇AI연구그룹 ,  , 공정연구소 제어계측연구그룹 , 공정연구소 제어계측연구그룹 , 김기원 , (광양)제강부 , 최등모 , (공정)제강공정-생산성향상기술 , 2024-06-28 , 기술축적 , 철강분야 , 정성효과 ,0,0,0,0,0,0,0,0,0,0,0,0,0,0,  ,  ,"659,397,580",0,  ,  ,0,0, 과제종결(완료평가) 
609,20239548, 현업과제 , 2023P282 , 전로 중간배재 자동화 기술 개발(2단계) , 2023-05-01 , 2024-10-25 , 2024-11-20 ,"754,704,700","754,704,700","797,307,288",1,1, 고문 ,  , 공정연구소 제어계측연구그룹 , 공정연구소 제어계측연구그룹 , 임충수 , (광양)제강부 , 최등모 , (공정)제강공정-생산성향상기술 , 2024-12-01 , 기타 , 철강분야 , 정성효과 ,0,0,0,0,0,0,0,0,0,0,0,0,0,0,  ,  ,"754,704,700",0,  ,  ,0,0, 과제종결(완료평가) 
610,20239549, 현업과제 , 2023P279 , 전로 최종배재/코팅 자동화 정도 향상 기술 개발 , 2023-05-01 , 2024-09-27 , 2024-10-02 ,"1,067,908,400","1,067,908,400","1,036,919,581",1,1, 공정DX연구소 로봇AI연구그룹 ,  , 공정연구소 제어계측연구그룹 , 공정연구소 제어계측연구그룹 , 허형준 , (광양)제강부 , 최등모 , (엔지니어링)제어계측-Smart solution기술(AI/Big Data/IoT) , 2024-11-01 , 기술축적 , 철강분야 , 정성효과 ,0,0,0,0,0,0,0,0,0,0,0,0,0,0,  ,  ,"1,067,908,400",0,  ,  ,0,0, 과제종결(완료평가) 
611,20239554, 현업과제 , 2023P169 , 쌍용차 전기차플랫폼 기가스틸 활용 설계최적화 솔루션 개발 , 2023-02-06 , 2024-01-26 , 2023-08-01 ,"710,631,000","710,631,000","390,388,322",1,1, 솔루션연구소 자동차소재솔루션연구그룹 ,  , 철강솔루션연구소 성형연구그룹 , 철강솔루션연구소 성형연구그룹 , 이규민 , 자동차소재마케팅실 자동차소재솔루션그룹 , 조용균 , (이용)가공 , 2025-07-01 , 철강신수요창출 , 철강분야 , 정량효과 ,0,0,0,0,0,0,"382,500,000",0,0,0,0,0,0,0, 신수요창출 ," 1. 판매가능 예상량 : 2.5천톤/년 - F100 양산 수량 : 5만대/년, - 시장 판매 기간 : 5년 - 판매원단위 무게 대략 50kg (LH/RH) - 판매가능 예상량 = 0.05톤/대 * 50,000대/년 = 2.5천톤/년 2. 예상 수익성 : 3.825억원/년 - WTP 평균영업이익(22년기준) : 153,000원/톤 - 예상 수익성 : 2.5천톤/년 X 153,000원/톤 = 382,500,000원 ","710,631,000","382,500,000",4,100,"1,530,000,000",2.15, 과제종결(완료평가) 
612,20239556, 미래기술과제 , 2023P119 , 열연 사상압연 설정을 위한 data model 기반 기술 개발 , 2023-01-16 , 2023-09-29 , 2023-10-05 ,"83,273,000","83,273,000","73,024,932",1,1, 포스코홀딩스 ,  , 공정연구소 압연공정연구그룹 , 공정연구소 압연공정연구그룹 , 김성현 , 공정연구소 압연공정연구그룹 , 강윤희 , (엔지니어링)기계설비-Smart solution기술(AI/Big Data/IoT) , 2023-12-01 , 기술축적 , 철강분야 , 정성효과 ,0,0,0,0,0,0,0,0,0,0,0,0,0,0,  ,  ,"83,273,000",0,  ,  ,0,0, 과제종결(완료평가) 
613,20239557, 현업과제 , 2023P102 , 고강도 밸브용 스프링강 공장제약 해소위한 선재 제조기술 개발 , 2023-01-09 , 2023-09-29 , 2023-10-11 ,"419,557,500","419,557,500","447,383,734",1,1, 강재연구소 에너지조선연구그룹 ,  , 강재연구소 열연선재연구그룹 , 강재연구소 열연선재연구그룹 , 이준모 , (포항)선재부 , 김경원 , (공정)선재공정-제품양산기술 , 2023-10-02 , 철강신수요창출 , 철강분야 , 정량효과 ,0,0,"150,000,000",0,0,0,0,0,0,0,0,0,0,0, 제품개발/수입대체 , 5.5mm 신수요 : 판매량 0.5천톤/년 x 영업이익 30 만원/톤 ,"427,557,500","150,000,000",4,50,"600,000,000",1.4, 과제종결(완료평가) 
614,20239561, 현업과제 , 2023P291 , CNC Gas 절단기 자동화 시스템 구축 , 2023-05-01 , 2024-09-27 , 2024-09-03 ,"500,863,400","500,863,400","449,755,288",1,1, 공정DX연구소 로봇AI연구그룹 ,  , 공정연구소 제어계측연구그룹 , 공정연구소 제어계측연구그룹 , 김경식 , (광양)후판부 , 이영춘 , (엔지니어링)제어계측-Smart solution기술(AI/Big Data/IoT) , 2024-10-07 , 기술축적 , 철강분야 , 정성효과 ,0,0,0,0,0,0,0,0,0,0,0,0,0,0,  ,  ,"500,863,400",0,  ,  ,0,0, 과제종결(완료평가) 
615,20239567, 현업과제 , 2023P063 , Grit Shot Ball 현장적용을 통한 HAP 산세성 향상 기술개발 , 2023-01-09 , 2023-11-03 , 2023-11-02 ,"399,427,900","399,427,900","280,500,364",1,1, 제품연구소 STS연구그룹 ,  , 강재연구소 STS연구그룹 , 강재연구소 STS연구그룹 , 유한진 , (포항)STS압연부 , 강태형 , (공정)STS공정-생산성향상기술 , 2023-11-30 , 고객기술지원 , 철강분야 , 정량효과 ,"3,000,000,000",0,0,0,0,0,0,0,0,0,0,0,0,0, 생산성향상 ," HAP Line Speed향상에 따른 생산성 향상(30억원/년), HAP 생산량향상(29천톤)X Black coil 평균영업이익율 (106천원) ","399,427,900","3,000,000,000",4,70,"12,000,000,000",30.04, 과제종결(완료평가) 
616,20239575, 현업과제 , 2023P308 , 교량용 내후성강 HSB380W 8~14t 열연 시장선도제품 개발(P) , 2023-06-19 , 2024-06-28 , 2024-06-28 ,"471,991,000","471,991,000","486,291,545",1,1, (포항)신재생에너지용PosMAC프로젝트팀 ,  , 강재연구소 열연선재연구그룹 , 강재연구소 열연선재연구그룹 , 손창영 , 강건재가전마케팅실 강건재가전솔루션그룹 , 전형준 , (제품)열연제품-선도제품개발기술 , 2025-07-01 , 철강신수요창출 , 철강분야 , 정량효과 ,0,0,0,0,0,0,"255,000,000",0,0,0,0,0,0,0, 신수요창출 , 예상량 1.5천톤/년(‘25년) x (후판 영업이익 100천원/톤(가정) + 성분원가 절감액 70천원/톤(‘24.1Q 기준)) ,"471,991,000","255,000,000",4,60,"1,020,000,000",2.16, 과제종결(완료평가) 
617,20239581, 현업과제 , 2023P420 , Carbon free형 미분광석 Briquette의 강도 확보 및 소결공정 사용 기술 개발(1/2) , 2023-11-13 , 2024-10-25 , 2024-11-03 ,"389,551,600","389,551,600","498,233,828",1,1, 공정DX연구소 제선연구그룹 ,  , 저탄소제철연구소 제선연구그룹 , 저탄소제철연구소 제선연구그룹 , 김성완 , (포항)제선부 , 최규택 , (공정)제선공정-원가절감기술 , 2026-06-30 , 기술축적 , 철강분야 , 정량효과 ,"2,870,000,000","1,591,000,000",0,0,0,0,0,0,0,0,0,0,0,0," 생산성향상,원단위절감 "," [경제적 효과 (포 3소결, 화상면적 504m2 기준)] 1) 전제조건 - 년간 순생산량 ; 4,707,508 톤/년 (‘23년 실적) - 소결광 고정비 ; 16,088 원/톤 (‘24년 상반기 평균) - 소결결합재 단가 ; 303,079 원/톤 (‘24년 상반기 평균) - CO2 배출권거래제 단가 ; 11,243 원/톤-CO2 (‘23년 평균) 2) 소결 생산성 +1.0 ton/day.m2 증가에 따른 소결광 고정비 저감 효과 - 소결광 증산량 : 1.0 ton/d.m2 x 504m2 x 365 일/년 x 0.97 = 178,440톤/년 - 기대이익 = 소결광 증산량(톤/년) x 소결광 고정비(원/톤) = 178,440톤/년 x 16,088 원/톤 = 2,870 백만원/년 3) 소결결합재비 Δ1.0kg/t-sinter 저감에 따른 원가/CO2 저감 효과 - 소결결합재 원단위 저감량 ; -1.0kg/t-sinter (à CO2 저감량 ; 3.2kg-CO2/t-sinter 저하) - 기대이익 = 소결광 총생산량(톤-s/년) x [결합재 저감량(1.0kg/톤-s) x 결합재비 단가(303원/kg) + CO2 저감량(3.2kg-CO2/톤-s) x CO2 단가(11원/kg-CO2) ] = 4,707,508 (톤-s/년) x [1.0kg-결/톤-s x 303원/kg-결 + 3.2kg-CO2/톤-s x 11원/kg-CO2 ] = 1,426+ 165 백만원/년 = 1,591 백만원/년 4) 총 기대이익 = 2)항 + 3)항 = 2,870 + 1,591 = 총 4,461 백만원/년 (약 15,064 톤-CO2/년 저감) 마침. ","389,551,600","4,461,000,000",1,100,"4,461,000,000",11.45, 과제종결(완료평가) 
618,20239584, 현업과제 , 2023P234 , 공장별 에너지 분배 및 CO2 배출량 산출 로직 개발 , 2023-03-27 , 2023-12-22 , 2023-12-21 ,"560,022,500","560,022,500","151,358,258",1,1, 재무실 PosPLOT고도화TF팀 ,  , 저탄소제철연구소 제선연구그룹 , 저탄소제철연구소 제선연구그룹 , 김정민 , 임원 , 배진찬 , (공정)제선공정-원가절감기술 , 2024-06-28 , 기술축적 , 철강분야 , 정성효과 ,0,0,0,0,0,0,0,0,0,0,0,0,0,0,  ,  ,"560,022,500",0,  ,  ,0,0, 과제종결(완료평가) 
619,20239586, 현업과제 , 2023P233 , 강종별 제조원가 및 CO2 배출량 산출 로직 개발 , 2023-03-27 , 2023-12-22 , 2023-12-21 ,"506,066,900","506,066,900","176,441,997",1,1, 공정DX연구소 제선연구그룹 , (포항)제선부 기술개발섹션 , 저탄소제철연구소 제선연구그룹 , 저탄소제철연구소 제선연구그룹 , 정인현 , 임원 , 배진찬 , (공정)제선공정-원가절감기술 , 2024-06-28 , 기술축적 , 철강분야 , 정성효과 ,0,0,0,0,0,0,0,0,0,0,0,0,0,0,  ,  ,"506,066,900",0,  ,  ,0,0, 과제종결(완료평가) 
620,20239591, 현업과제 , 2023P250 , 원료수급 및 사용패턴을 고려한 장기배합 모델 개발 , 2023-04-03 , 2024-08-30 , 2024-09-06 ,"743,003,700","743,003,700","773,212,401",1,1, 공정DX연구소 제선연구그룹 ,  , 저탄소제철연구소 제선연구그룹 , 저탄소제철연구소 제선연구그룹 , 정병준 , (포항)제선부 , 최규택 , (공정)제선공정-원가절감기술 , 2024-12-31 , 기술축적 , 철강분야 , 정성효과 ,0,0,0,0,0,0,0,0,0,0,0,0,0,0,  ,  ,"743,003,700",0,  ,  ,0,0, 과제종결(완료평가) 
621,20239593, 현업과제 , 2023P232 , 철광석 미세조직 및 용융특성 분석을 통한 소결광 품질/생산성 예측 기술 , 2023-04-03 , 2024-08-30 , 2024-09-06 ,"492,478,900","492,478,900","524,611,618",1,1, 공정DX연구소 제선연구그룹 ,  , 저탄소제철연구소 제선연구그룹 , 저탄소제철연구소 제선연구그룹 , 왕민규 , (포항)제선부 , 최규택 , (공정)제선공정-생산성향상기술 , 2024-12-20 , 기술축적 , 철강분야 , 정성효과 ,0,0,0,0,0,0,0,0,0,0,0,0,0,0,  ,  ,"492,478,900",0,  ,  ,0,0, 과제종결(완료평가) 
622,20239607, 미래기술과제 , 2023P266 , 자동선반 절삭성이 향상된 흑연쾌삭강 성분 및 열처리 최적화기술 개발 , 2023-05-01 , 2024-08-30 , 2024-09-05 ,"615,806,600","615,806,600","712,349,335",1,1, 제품연구소 열연선재후판연구그룹 ,  , 강재연구소 열연선재연구그룹 , 강재연구소 열연선재연구그룹 , 최상우 , 제품연구소 열연선재후판연구그룹 , 고성웅 , (제품)선재제품-선도제품개발기술 , 2024-12-30 , 철강신수요창출 , 철강분야 , 정량효과 ,0,0,"1,610,000,000",0,0,0,0,0,0,0,0,0,0,0, 제품개발/수입대체 ," 16.1억원/년=예상수요 23천톤/년(수입대체,19년기준) x 영업이익70천원/톤 ","615,806,600","1,610,000,000",4,100,"6,440,000,000",10.46, 과제종결(완료평가) 
623,20239609, 미래기술과제 , 2023P185 , 저조도 영상 AI기술활용 인덕 실험동 주변 무인감시 Smart WireBall 개발 , 2023-02-27 , 2024-03-29 , 2024-02-14 ,"282,184,000","282,184,000","280,458,005",1,1, 공정DX연구소 로봇AI연구그룹 ,  , 포스코홀딩스 , 포스코홀딩스 , 황석균 , 포스코홀딩스 , 최용준 , (엔지니어링)제어계측-Smart solution기술(AI/Big Data/IoT) , 2024-04-01 , 기술축적 , 철강분야 , 정성효과 ,0,0,0,0,0,0,0,0,0,0,0,0,0,0,  ,  ,"282,184,000",0,  ,  ,0,0, 과제종결(완료평가) 
624,20239611, 미래기술과제 , 2023P227 , 셀프본딩 저온 결착력 평가 및 저온 결착력 향상기술 개발 , 2023-03-27 , 2023-10-27 , 2023-11-02 ,"394,117,850","394,117,850","264,378,291",1,1, 솔루션연구소 자동차소재솔루션연구그룹 ,  , 철강솔루션연구소 성능연구그룹 , 철강솔루션연구소 성능연구그룹 , 이세일 , 철강솔루션연구소 성능연구그룹 , 정용균 , (이용)강재성능 , 2024-07-01 , 철강신수요창출 , 철강분야 , 정성효과 ,0,0,0,0,0,0,0,0,0,0,0,0,0,0,  ,  ,"394,117,850",0,  ,  ,0,0, 과제종결(완료평가) 
625,20239615, 미래기술과제 , 2023P259 , 1열연 중앙집중식 Safety AI 모니터링 기초 기술 개발 , 2023-04-17 , 2023-12-29 , 2023-09-26 ,"466,973,500","466,973,500","315,049,816",1,1, 공정DX연구소 로봇AI연구그룹 ,  , 공정연구소 제어계측연구그룹 , 공정연구소 제어계측연구그룹 , 이종현 , 공정연구소 제어계측연구그룹 , 조명종 , (엔지니어링)제어계측-Smart solution기술(AI/Big Data/IoT) , 2024-01-01 , 기술축적 , 철강분야 , 정성효과 ,0,0,0,0,0,0,0,0,0,0,0,0,0,0,  ,  ,"466,973,500",0,  ,  ,0,0, 과제종결(완료평가) 
626,20239617, 현업과제 , 2023P270 , (포항) 2후판 초극박재 생산체제 구축을 위한 압연 및 교정 기술 개발 , 2023-05-01 , 2023-09-29 , 2023-10-11 ,"152,037,200","152,037,200","143,784,041",1,1, 포스코홀딩스 ,  , 공정연구소 압연공정연구그룹 , 공정연구소 압연공정연구그룹 , 고성현 , (포항)후판부 , 홍헌호 , (공정)후판공정-생산성향상기술 , 2023-12-29 , 기술축적 , 철강분야 , 정량효과 ,"140,000,000",0,0,0,0,0,0,0,0,0,0,0,0,0, 생산성향상 ," ○ 정량효과 : 후공정(전단 및 정정) 부하 저감으로 압연생산성 증대 (1.4억원) - 산출식 : (4,348톤, 9t 이하 생산량) X 개선 전 단위당 고정비 54,787원/톤 = 2.4억 (기여율 60%시 1.4억원/년) ","152,037,200","140,000,000",4,100,"560,000,000",3.68, 과제종결(완료평가) 
627,20239619, 현업과제 , 2023P239 , 산수형 스케일 저감을 위한 금속 나노코팅 대체 EGL 전처리 산세 첨가제 적용 기술 개발 , 2023-04-10 , 2024-03-29 , 2024-04-05 ,"550,276,800","550,276,800","755,874,508",1,1, (포항)신재생에너지용PosMAC프로젝트팀 ,  , 자동차소재연구소 자동차소재표면연구그룹 , 자동차소재연구소 자동차소재표면연구그룹 , 권문재 , (포항)냉연부 , 조명래 , (공정)표면처리공정-원가절감기술 , 2024-04-01 , 기타 , 철강분야 , 정량효과 ,0,"1,580,000,000",0,0,0,0,0,0,0,0,0,0,0,0, 원단위절감 ," Ni 부원료비 (‘23年 포. 1,2EGL 합산치) × 원단위 향상율 = 23 억원/年 × 0.44/0.64 = 15.8 억원/年 ","550,276,800","1,580,000,000",4,60,"6,320,000,000",11.49, 과제종결(완료평가) 
628,20239621, 현업과제 , 2023P286 , (광양) Hyper NO pre rolling 공정 탈스케일 기술 개발 , 2023-05-15 , 2024-04-19 , 2024-04-05 ,"488,284,900","488,284,900","669,812,773",1,1, 제품연구소 표면연구그룹 ,  , 자동차소재연구소 자동차소재표면연구그룹 , 자동차소재연구소 자동차소재표면연구그룹 , 손일령 , (광양)품질기술부 , 이철영 , (공정)표면처리공정-불량율저감기술 , 2024-06-03 , 철강신수요창출 , 철강분야 , 정성효과 ,0,0,0,0,0,0,0,0,0,0,0,0,0,0,  ,  ,"488,284,900",0,  ,  ,0,0, 과제종결(완료평가) 
629,20239623, 현업과제 , 2023P346 , STS 1냉연 CAP 저온소둔 제어 기반기술 구축 , 2023-07-17 , 2024-06-28 , 2024-08-23 ,"739,900,056","1,494,920,056","768,406,164",2,1, 포스코홀딩스 ,  , 공정연구소 제어계측연구그룹 , 공정연구소 제어계측연구그룹 , 노일환 , (포항)STS압연부 , 강태형 , (공정)STS공정-제품양산기술 , 2025-01-31 , 기술축적 , 철강분야 , 정량효과 ,0,0,0,0,0,0,"1,430,000,000",0,0,0,0,0,0,0, 신수요창출 ," - 기대이익: 저온소둔기술 개발을 통한 신규 강종 양산을 통한 수익성 향상 └ 마르텐사이트강(420J2, 410, KB1,KB2,RB) 신규 시장 판매 수익성 향상 14.3억원 ","739,900,056","1,430,000,000",4,25,"5,720,000,000",7.73, 과제종결(단계완료평가) 
630,20239631, 현업과제 , 2023P257 , 재질모델 활용 플랫폼 구축을 위한 Online 재질예측 및 재지시 모델 고도화 , 2023-04-10 , 2024-03-01 , 2024-03-15 ,"689,383,500","689,383,500","760,047,503",1,1, 제품연구소 자동차소재연구그룹 ,  , 자동차소재연구소 자동차소재연구그룹 , 자동차소재연구소 자동차소재연구그룹 , 박준호 , (광양)품질기술부 , 이철영 , (공정)냉연공정-불량율저감기술 , 2024-04-01 , 철강신수요창출 , 철강분야 , 정량효과 ,0,0,0,0,0,0,0,"1,530,000,000",0,0,0,0,0,0, 실수율/품질향상 ," ① '19~'21년 5/7CGL, 2/4-2CAL 연평균 클레임 5.2억 ② ‘21년 AHSS 재질요인 주문외 판매 손실 21.7억 = (개선전 - 개선후 주문외 판매비율) × 대상제품 판매량 × (개선후 정품판매가격 - 개선후 주문외 판매가격) = ‘21년 AHSS 재질요인 부적합량 (4,843톤) × (1,369,000 - 920,000원) = 21.7억 * AHSS 정품판매가('22.1~11월 누적) : 1,369,000원, AHSS 주문외 판매가 ('22.1~11월 누적) : 920,000원 [ '23년 ] : ⓐ ’21년 대비 '23년 클레임 및 주문외 판매 저감 20% = (21.7+5.2)*0.2= 5.4억 [ '24년 ] : ⓑ ’21년 대비 ‘24년 클레임 및 주문외 판매 저감 30% = (21.7+5.2)*0.3= 8.1억 [ '25년 ] : ⓒ ’21년 대비 ‘25년 클레임 및 주문외 판매 저감 50% = (21.7+5.2)*0.5= 13.5억 최종 재무효과(3개년) = ⓐ + (ⓐ + ⓑ) + (ⓐ + ⓑ + ⓒ) = 45.9 억 ","689,383,500","1,530,000,000",3,50,"4,590,000,000",6.66, 과제종결(완료평가) 
631,20239633, 미래기술과제 , 2023P223 , 지르코늄 화성처리성 향상 기술 개발 , 2023-04-03 , 2023-09-29 , 2023-09-27 ,"200,121,500","200,121,500","125,079,374",1,1, 솔루션연구소 자동차소재솔루션연구그룹 ,  , 철강솔루션연구소 성능연구그룹 , 철강솔루션연구소 성능연구그룹 , 정봉훈 , 철강솔루션연구소 성능연구그룹 , 정용균 , (이용)강재성능 , 2024-06-01 , 기술축적 , 철강분야 , 정성효과 ,0,0,0,0,0,0,0,0,0,0,0,0,0,0,  ,  ,"200,121,500",0,  ,  ,0,0, 과제종결(완료평가) 
632,20239635, 미래기술과제 , 2023P221 , 비젼 시스템 기반 HER상향 방안 연구 및 사내 홀확장율 평가법 정립 , 2023-03-27 , 2024-04-19 , 2024-04-19 ,"691,813,700","691,813,700","520,505,587",1,1, 솔루션연구소 자동차소재솔루션연구그룹 ,  , 철강솔루션연구소 성형연구그룹 , 철강솔루션연구소 성형연구그룹 , 이현영 , 철강솔루션연구소 성형연구그룹 , 정기석 , (이용)가공 , 2024-04-26 , 법/제도규제대응 , 철강분야 , 정성효과 ,0,0,0,0,0,0,0,0,0,0,0,0,0,0,  ,  ,"691,813,700",0,  ,  ,0,0, 과제종결(완료평가) 
633,20239637, 현업과제 , 2023P334 , FINEX CO2 저감을 위한 함수소가스 이용 기술 개발 , 2023-07-03 , 2024-03-29 , 2024-03-28 ,"574,822,800","574,822,800","892,279,540",1,1, 미래철강연구소 수소환원제철연구그룹 , HyREX추진반 , 저탄소제철연구소 수소환원연구그룹 , 저탄소제철연구소 수소환원연구그룹 , 김선영 , (포항)FINEX부 , 김태훈 , (공정)제선공정-대기기술 , 2024-04-30 , 기술축적 , 철강분야 , 정성효과 ,0,0,0,0,0,0,0,0,0,0,0,0,0,0,  ,  ,"574,822,800",0,  ,  ,0,0, 과제종결(완료평가) 
634,20239639, 현업과제 , 2023P332 , FINEX 고환원율 조업 대비 DRI 특성 평가 기술 개발 , 2023-07-03 , 2024-03-29 , 2024-03-28 ,"372,880,000","372,880,000","575,977,505",1,1, 유학 ,  , 저탄소제철연구소 수소환원연구그룹 , 저탄소제철연구소 수소환원연구그룹 , 김재동 , (포항)FINEX부 , 김태훈 , (공정)제선공정-원가절감기술 , 2024-12-31 , 기술축적 , 철강분야 , 정성효과 ,0,0,0,0,0,0,0,0,0,0,0,0,0,0,  ,  ,"372,880,000",0,  ,  ,0,0, 과제종결(완료평가) 
635,20239641, 미래기술과제 , 2023P226 , HyREX 시험설비 원료 및 Utility 공급 Line 설계 기술 개발 , 2023-03-27 , 2024-03-22 , 2024-03-19 ,"634,417,000","634,417,000","786,962,635",1,1, 미래철강연구소 수소환원제철연구그룹 ,  , 저탄소제철연구소 수소환원연구그룹 , 저탄소제철연구소 수소환원연구그룹 , 이원희 , 저탄소제철연구소 수소환원연구그룹 , 이영석 , (공정)제선공정-에너지기술 , 2024-03-25 , 기술축적 , 철강분야 , 정성효과 ,0,0,0,0,0,0,0,0,0,0,0,0,0,0,  ,  ,"634,417,000",0,  ,  ,0,0, 과제종결(완료평가) 
636,20239645, 미래기술과제 , 2023P231 ," 도금물성(Spot 미도금, Sealer Bending성) 예측을 위한 기계학습 모델 개발 ", 2023-04-03 , 2024-03-22 , 2024-04-02 ,"302,950,400","302,950,400","417,577,323",1,1, (포항)신재생에너지용PosMAC프로젝트팀 ,  , 자동차소재연구소 자동차소재표면연구그룹 , 자동차소재연구소 자동차소재표면연구그룹 , 백제훈 , 자동차소재연구소 자동차소재표면연구그룹 , 백두진 , (공정)표면처리공정-불량율저감기술 , 2025-12-26 , 기술축적 , 철강분야 , 정성효과 ,0,0,0,0,0,0,0,0,0,0,0,0,0,0,  ,  ,"302,950,400",0,  ,  ,0,0, 과제종결(완료평가) 
637,20239650, 미래기술과제 , 2023P265 , Bloom 주편 및 강편 표면결함 원인 규명을 통한 강편 열간 스카핑 저감 , 2023-04-24 , 2024-03-29 , 2024-03-28 ,"731,811,100","731,811,100","642,772,325",1,1, 공정DX연구소 제강연구그룹 , (포항)제강부 연주기술개발섹션 , 강재연구소 제강연구그룹 , 강재연구소 제강연구그룹 , 정성석 , 공정DX연구소 제강연구그룹 , 서성모 , (공정)제강공정-불량율저감기술 , 2024-04-01 , 기술축적 , 철강분야 , 정성효과 ,0,0,0,0,0,0,0,0,0,0,0,0,0,0,  ,  ,"731,811,100",0,  ,  ,0,0, 과제종결(완료평가) 
638,20239652, 미래기술과제 , 2023P258 , 해수 환경 용도 확대를 위한 PosMAC Super의 내해수강 도금 기술 개발 , 2023-04-17 , 2024-01-12 , 2024-01-22 ,"73,599,000","73,599,000","93,730,423",1,1, 제품연구소 표면연구그룹 , 기술연구원 연구기획그룹 , 자동차소재연구소 자동차소재표면연구그룹 , 자동차소재연구소 자동차소재표면연구그룹 , 소슬기 , 자동차소재연구소 자동차소재표면연구그룹 , 백두진 , (제품)표면처리제품-선도제품개발기술 , 2025-12-31 , 기술축적 , 철강분야 , 정성효과 ,0,0,0,0,0,0,0,0,0,0,0,0,0,0,  ,  ,"73,599,000",0,  ,  ,0,0, 과제종결(완료평가) 
639,20239654, 미래기술과제 , 2023P238 , 자동차외판용 용융도금강판의 표면조도 최적화 기술개발 (2) , 2023-04-03 , 2024-02-23 , 2024-03-19 ,"346,517,000","346,517,000","444,932,096",1,1, 제품연구소 표면연구그룹 ,  , 자동차소재연구소 자동차소재표면연구그룹 , 자동차소재연구소 자동차소재표면연구그룹 , 전선호 , 자동차소재연구소 자동차소재표면연구그룹 , 백두진 , (공정)표면처리공정-불량율저감기술 , 2025-04-01 , 기술축적 , 철강분야 , 정성효과 ,0,0,0,0,0,0,0,0,0,0,0,0,0,0,  ,  ,"346,517,000",0,  ,  ,0,0, 과제종결(완료평가) 
640,20239656, 미래기술과제 , 2023P237 , 수요확대를 위한 차세대 HPF 도금제품 및 도금공정 개발 , 2023-04-03 , 2023-12-08 , 2023-12-28 ,"266,972,700","266,972,700","348,565,165",1,1, (광양)GigaSteel프로젝트팀 ,  , 자동차소재연구소 자동차소재표면연구그룹 , 자동차소재연구소 자동차소재표면연구그룹 , 정우성 , 기술연구원 자동차소재연구소 , 오지은 , (공정)표면처리공정-원가절감기술 , 2024-12-31 , 철강신수요창출 , 철강분야 , 정성효과 ,0,0,0,0,0,0,0,0,0,0,0,0,0,0,  ,  ,"266,972,700",0,  ,  ,0,0, 과제종결(완료평가) 
641,20239659, 미래기술과제 , 2023P302 , 보호도장 하도 및 절단부 방식 코팅기술 개발 , 2023-06-05 , 2024-04-26 , 2024-06-03 ,"567,230,900","567,230,900","399,997,643",1,1, 솔루션연구소 강재솔루션연구그룹 ,  , 철강솔루션연구소 성능연구그룹 , 철강솔루션연구소 성능연구그룹 , 조재동 , 철강솔루션연구소 성능연구그룹 , 정용균 , (이용)강재성능 , 2024-06-30 , 철강신수요창출 , 철강분야 , 정성효과 ,0,0,0,0,0,0,0,0,0,0,0,0,0,0,  ,  ,"567,230,900",0,  ,  ,0,0, 과제종결(완료평가) 
642,20239666, 미래기술과제 , 2023P307 , 소결 배가스순환형 선택탈황 기술 개발 , 2023-06-19 , 2024-05-31 , 2024-05-29 ,"358,913,600","358,913,600","413,271,525",1,1, 공정DX연구소 압연엔지니어링연구그룹 ,  , 공정연구소 철강엔지니어링연구그룹 , 공정연구소 철강엔지니어링연구그룹 , 박종인 , 공정연구소 철강엔지니어링연구그룹 , 황종연 , (엔지니어링)열유체-대기기술 , 2024-11-29 , 법/제도규제대응 , 철강분야 , 정성효과 ,0,0,0,0,0,0,0,0,0,0,0,0,0,0,  ,  ,"358,913,600",0,  ,  ,0,0, 과제종결(완료평가) 
643,20239668, 미래기술과제 , 2023P276 , 군사용 급속시공 교량(병참선 교량) 국산화 제품 프로토타입 개발 , 2023-05-15 , 2024-03-29 , 2024-03-26 ,"102,845,600","102,845,600","101,063,387",1,1, 솔루션연구소 강건재솔루션연구그룹 ,  , 철강솔루션연구소 구조연구그룹 , 철강솔루션연구소 구조연구그룹 , 황민오 , 철강솔루션연구소 구조연구그룹 , 박찬희 , (이용)강구조 , 2024-04-01 , 철강신수요창출 , 철강분야 , 정량효과 ,0,0,0,0,0,0,"1,200,000,000",0,0,0,0,0,0,0, 신수요창출 ," - 연간이익 : 예상판매량 12,000톤/년 X 영업이익 100천원/톤 = 1,200,000천원/년 - 산정근거 : (교체수량 120Set/4년 + 재해복구/가교 50Set/년) X 150톤/Set ","102,845,600","1,200,000,000",4,10,"4,800,000,000",46.67, 과제종결(완료평가) 
644,20239672, 미래기술과제 , 2023P321 , Coke Oven 상승관 곡관부 부착카본 형성 기구 규명을 통한 부착 저감 기술 개발 , 2023-07-03 , 2024-06-28 , 2024-06-27 ,"371,561,900","371,561,900","394,506,618",1,1, 포스코홀딩스 ,  , 저탄소제철연구소 제선연구그룹 , 저탄소제철연구소 제선연구그룹 , 서승국 , 저탄소제철연구소 제선연구그룹 , 류진호 , (공정)제선공정-생산성향상기술 , 2024-07-01 , 조업/기술경영자료 , 철강분야 , 정성효과 ,0,0,0,0,0,0,0,0,0,0,0,0,0,0,  ,  ,"371,561,900",0,  ,  ,0,0, 과제종결(완료평가) 
645,20239674, 미래기술과제 , 2023P337 , 가전용 제진 접합강판 개발 , 2023-07-17 , 2024-07-12 , 2024-07-02 ,"389,122,000","389,122,000","534,650,860",1,1, 제품연구소 표면연구그룹 ,  , 자동차소재연구소 자동차소재표면연구그룹 , 자동차소재연구소 자동차소재표면연구그룹 , 김진태 , 자동차소재연구소 자동차소재표면연구그룹 , 백두진 , (제품)표면처리제품-선도제품개발기술 , 2026-07-01 , 철강신수요창출 , 철강분야 , 정성효과 ,0,0,0,0,0,0,0,0,0,0,0,0,0,0,  ,  ,"389,122,000",0,  ,  ,0,0, 과제종결(완료평가) 
646,20239678, 현업과제 , 2023P294 , PosMC 두께 550mm 주편 생산 설비 개념설계 , 2023-05-22 , 2023-12-22 , 2023-12-26 ,"739,644,040","739,644,040","309,915,510",1,1, 공정DX연구소 압연엔지니어링연구그룹 , (포항)제선부 2제선공장 , (포항)PosMC기술개발TF팀 , (포항)PosMC기술개발TF팀 , 조운관 , (포항)제강부 , 최웅렬 , (공정)제강공정-원가절감기술 , 2024-02-01 , 기술축적 , 철강분야 , 정량효과 ,0,"5,505,008,806",0,0,0,0,0,0,0,0,0,0,0,0, 원단위절감 ," ① 단조비용 절감액 : 519,481원/톤×12천톤/년 = 62.3억원 ② PosMC 직압연 투자비 : 202억원/15 = 13.5억원 (역효과) ③ Slab 이송비용(浦 PosMC → 光 후판공장 이송) = 23279원/톤×25000톤/년= 5.8억원/년 (역효과)④ 후판 변동가공비 감소 浦 153,418원/톤 – 光 105,423원/톤, △47,995) × 25,000톤 ","739,644,040","5,505,008,806",4,10,"22,020,035,224",29.77, 과제종결(완료평가) 
647,20239682, 미래기술과제 , 2023P311 , 원료 파일 준밀폐 기술개발 , 2023-06-19 , 2024-06-28 , 2024-06-25 ,"1,182,556,930","1,182,556,930","1,294,080,993",1,1, 공정DX연구소 압연엔지니어링연구그룹 ,  , 공정연구소 철강엔지니어링연구그룹 , 공정연구소 철강엔지니어링연구그룹 , 김구화 , 공정연구소 철강엔지니어링연구그룹 , 황종연 , (엔지니어링)열유체-대기기술 , 2024-07-01 , 법/제도규제대응 , 철강분야 , 정성효과 ,0,0,0,0,0,0,0,0,0,0,0,0,0,0,  ,  ,"1,182,556,930",0,  ,  ,0,0, 과제종결(완료평가) 
648,20239686, 미래기술과제 , 2023P358 , 저온 Baking형 소부경화강 탐색연구 , 2023-08-07 , 2024-02-02 , 2024-02-07 ,"129,823,000","129,823,000","188,892,012",1,1, 제품연구소 자동차소재연구그룹 ,  , 자동차소재연구소 자동차소재연구그룹 , 자동차소재연구소 자동차소재연구그룹 , 하유미 , 제품연구소 자동차소재연구그룹 , 김성일 , (철강기타)철강기타 , 2024-03-01 , 철강신수요창출 , 철강분야 , 정성효과 ,0,0,0,0,0,0,0,0,0,0,0,0,0,0,  ,  ,"129,823,000",0,  ,  ,0,0, 과제종결(완료평가) 
649,20239688, 미래기술과제 , 2023P320 , 해양환경용 초고내식 PosMAC-X 제품개발 , 2023-07-03 , 2024-10-25 , 2024-09-30 ,"384,707,400","384,707,400","506,661,613",1,1, 자동차소재연구소 표면연구그룹 ,  , 자동차소재연구소 표면연구그룹 , 자동차소재연구소 표면연구그룹 , 김명수 , 제품연구소 표면연구그룹 , 남경훈 , (제품)표면처리제품-선도제품개발기술 , 2027-01-01 , 기술축적 , 철강분야 , 정성효과 ,0,0,0,0,0,0,0,0,0,0,0,0,0,0,  ,  ,"384,707,400",0,  ,  ,0,0, 과제종결(완료평가) 
650,20239690, 현업과제 , 2023P356 , Tapered API-CT90 두께 차등제어 양산제조기준 정립 및 생산시스템 구축 , 2023-07-31 , 2024-05-03 , 2024-06-03 ,"325,125,000","325,125,000","417,829,898",1,1, (포항)에너지후판프로젝트팀 ,  , 강재연구소 에너지조선연구그룹 , 강재연구소 에너지조선연구그룹 , 노경민 , 열연선재마케팅실 열연판매그룹 솔루션개발섹션 , 양정윤 , (제품)열연제품-양산제품개발기술 , 2024-06-01 , 철강신수요창출 , 철강분야 , 정량효과 ,0,0,"908,000,000",0,0,0,0,0,0,0,0,0,0,0, 제품개발/수입대체 , MPI ’24년 1~4월 톤당 평균영업이익(CNF) 227천원 * (Trial 1000톤(‘5월 출하) + 하반기 판매 3000톤) = 9.1억 ,"325,125,000","908,000,000",4,90,"3,632,000,000",11.17, 과제종결(완료평가) 
651,20239698, 미래기술과제 , 2023P328 , Slurry 활용 고Si NO제품 냉연산세 요소기술 개발 , 2023-07-03 , 2024-06-28 , 2024-07-12 ,"286,384,000","286,384,000","359,140,164",1,1, 제품연구소 STS연구그룹 ,  , 강재연구소 STS연구그룹 , 강재연구소 전기전자연구그룹 , 유한진 , 제품연구소 냉연도금연구그룹 , 주형돈 , (공정)전기강판공정-생산성향상기술 , 2024-07-30 , 철강신수요창출 , 철강분야 , 정성효과 ,0,0,0,0,0,0,0,0,0,0,0,0,0,0,  ,  ,"286,384,000",0,  ,  ,0,0, 과제종결(완료평가) 
652,20239699, 미래기술과제 , 2023P422 , 수소취성 저감용 AlZn HPF 개발 , 2023-11-13 , 2024-12-13 , 2025-01-23 ,"638,129,100","638,129,100","1,044,454,164",1,1, 제품연구소 표면연구그룹 ,  , 자동차소재연구소 표면연구그룹 , 자동차소재연구소 표면연구그룹 , 황현석 , 제품연구소 표면연구그룹 , 남경훈 , (제품)표면처리제품-선도제품개발기술 , 2025-06-02 , 기술축적 , 철강분야 , 정성효과 ,0,0,0,0,0,0,0,0,0,0,0,0,0,0,  ,  ,"638,129,100",0,  ,  ,0,0, 과제종결(완료평가) 
653,20239702, 미래기술과제 , 2023P327 ," Slurry 활용, 고Si NO제품 산화물 제어 요소기술 개발 ", 2023-07-03 , 2024-06-28 , 2024-07-12 ,"452,349,500","452,349,500","542,552,546",1,1, 미래철강연구소 차세대철강연구그룹 ,  , 강재연구소 열연선재연구그룹 , 강재연구소 전기전자연구그룹 , 임남석 , 제품연구소 냉연도금연구그룹 , 주형돈 , (제품)전기강판제품-선도제품개발기술 , 2024-12-02 , 철강신수요창출 , 철강분야 , 정성효과 ,0,0,0,0,0,0,0,0,0,0,0,0,0,0,  ,  ,"452,349,500",0,  ,  ,0,0, 과제종결(완료평가) 
654,20239712, 현업과제 , 2023P363 , PO 780급 High Edge Ductility강재 시장선도제품 개발 , 2023-08-14 , 2024-03-29 , 2024-03-28 ,"526,386,800","526,386,800","816,447,978",1,1, 제품연구소 자동차소재연구그룹 ,  , 자동차소재연구소 자동차소재연구그룹 , 자동차소재연구소 자동차소재연구그룹 , 김성일 , 자동차소재마케팅실 자동차소재솔루션그룹 , 조용균 , (제품)열연제품-선도제품개발기술 , 2024-04-01 , 기술축적 , 철강분야 , 정량효과 ,0,0,"887,000,000",0,0,0,0,0,0,0,0,0,0,0, 제품개발/수입대체 ," 기대이익=수주가능 예상량, 6.25천톤/년 x 예상 영업이익, 142천원/톤 - 수주가능 예상량: ’25년. 3,000톤에서 ’28년. 10,000톤 까지 점진적 증가를 고려한 평균값 - 예상 영업이익: '22년 PO 780HB 혼다향 영업이익 x 0.5 반영 ","526,386,800","887,000,000",4,70,"3,548,000,000",6.74, 과제종결(완료평가) 
655,20239714, 미래기술과제 , 2023P386 , 탄소중립 대응 저HMR 자동차용 CR/CG Giga급 강재의 품질 무해화 제조기술개발 , 2023-09-11 , 2024-09-27 , 2024-08-29 ,"782,642,200","782,642,200","1,040,554,393",1,1, 제품연구소 자동차소재연구그룹 ,  , 자동차소재연구소 자동차소재연구그룹 , 자동차소재연구소 자동차소재연구그룹 , 성환구 , 제품연구소 자동차소재연구그룹 , 김성일 , (제품)냉연제품-선도제품개발기술 , 2024-12-30 , 기술축적 , 철강분야 , 정성효과 ,0,0,0,0,0,0,0,0,0,0,0,0,0,0,  ,  ,"782,642,200",0,  ,  ,0,0, 과제종결(완료평가) 
656,20239718, 현업과제 , 2023P313 ," 전기강판 #2 ZRM Hyper NO재, AI 형상제어 기술 개발 ", 2023-06-19 , 2024-07-26 , 2024-07-29 ,"416,198,000","416,198,000","414,512,349",1,1, 공정DX연구소 로봇AI연구그룹 ,  , 공정연구소 제어계측연구그룹 , 공정연구소 제어계측연구그룹 , 허윤기 , (포항)전기강판부 , 박용화 , (엔지니어링)제어계측-Smart solution기술(AI/Big Data/IoT) , 2024-07-27 , 기술축적 , 철강분야 , 정량효과 ,"458,000,000",0,0,0,0,0,0,0,0,0,0,0,0,0, 생산성향상 ," PNX재 효과 2.6억/년 + GO재 1.9억/년 = 4.5억/년 1) PNX, 2ZRM 25PNX1250F, 27PNX1350F(1170mm폭) 대상 생산성 1.0T/hr 향상에 의한 고정비 절감 2.64억원 (폭: 1165~1175(1170폭)) . 수식: 1.0(T/hr)*6061(hr/년)*82(작업률,%)*27.54(소재편성비율,%)*321(PNX 영업이익,천원/톤)*0.6(기여율)= 2.64억원/년 2) GO, 2ZRM GO 23PHD080 외 대상 생산성 0.3T/hr 향상에 의한 고정비 절감 1.94억원 . 수식: 0.3(T/hr)*6061(hr/년)*82(작업률,%)*72.46(소재편성비율,%)*901(GO 영업이익,천원/톤)*0.2(기여율)= 1.94억원/년 ","416,198,000","458,000,000",4,40,"1,832,000,000",4.4, 과제종결(완료평가) 
657,20239722, 미래기술과제 , 2023P360 , 전기선재를 적용한 AFM(축방향 자속형 모터) 제작 기술 개발 , 2023-08-07 , 2023-12-01 , 2023-12-18 ,"116,998,400","116,998,400","137,586,156",1,1, 솔루션연구소 자동차소재솔루션연구그룹 ,  , 철강솔루션연구소 성능연구그룹 , 철강솔루션연구소 성능연구그룹 , 서강 , 철강솔루션연구소 성능연구그룹 , 정용균 , (이용)강재성능 , 2024-04-26 , 철강신수요창출 , 철강분야 , 정성효과 ,0,0,0,0,0,0,0,0,0,0,0,0,0,0,  ,  ,"116,998,400",0,  ,  ,0,0, 과제종결(완료평가) 
658,20239724, 현업과제 , 2023P347 , 생활가전용 고스크랩비 법랑강판 선도제품 개발 , 2023-07-24 , 2024-09-27 , 2024-09-23 ,"374,669,000","374,669,000","386,201,299",1,1, 제품연구소 냉연도금연구그룹 ,  , 강재연구소 전기전자연구그룹 , 강재연구소 전기전자연구그룹 , 이병호 , 강건재가전마케팅실 강건재가전솔루션그룹 , 전형준 , (제품)냉연제품-선도제품개발기술 , 2025-01-06 , 고객기술지원 , 철강분야 , 정성효과 ,0,0,0,0,0,0,0,0,0,0,0,0,0,0,  ,  ,"374,669,000",0,  ,  ,0,0, 과제종결(완료평가) 
659,20239726, 미래기술과제 , 2023P319 , Axial 모터용 Super Flux NO 이상역 압연 요소기술 개발 , 2023-07-03 , 2024-07-26 , 2024-07-26 ,"424,345,610","424,345,610","470,290,979",1,1, 제품연구소 냉연도금연구그룹 ,  , 강재연구소 전기전자연구그룹 , 강재연구소 전기전자연구그룹 , 권윤익 , 제품연구소 냉연도금연구그룹 , 주형돈 , (제품)전기강판제품-선도제품개발기술 , 2024-10-01 , 기술축적 , 철강분야 , 정성효과 ,0,0,0,0,0,0,0,0,0,0,0,0,0,0,  ,  ,"424,345,610",0,  ,  ,0,0, 과제종결(완료평가) 
660,20239730, 미래기술과제 , 2023P389 , 고성능 머드재 개발 및 품질 tracking 장치 구축 , 2023-09-18 , 2024-08-30 , 2024-09-03 ,"269,319,150","269,319,150","323,449,466",1,1, 육아몰입기간 ,  , 강재연구소 제강연구그룹 , 강재연구소 제강연구그룹 , 이영주 , (포항)FINEX부 , 김태훈 , (철강기타)철강기타 , 2024-10-01 , 기술축적 , 철강분야 , 정성효과 ,0,0,0,0,0,0,0,0,0,0,0,0,0,0,  ,  ,"269,319,150",0,  ,  ,0,0, 과제종결(완료평가) 
661,20239732, 미래기술과제 , 2023P344 , 전기강판 셀프본딩재 연속형 융착로 및 냉각설비 기술 개발 , 2023-07-24 , 2024-06-28 , 2024-06-18 ,"215,170,000","215,170,000","188,764,637",1,1, 솔루션연구소 강재솔루션연구그룹 ,  , 철강솔루션연구소 성능연구그룹 , 철강솔루션연구소 성능연구그룹 , 문창호 , 철강솔루션연구소 성능연구그룹 , 정용균 , (이용)강재성능 , 2024-07-01 , 기술축적 , 철강분야 , 정성효과 ,0,0,0,0,0,0,0,0,0,0,0,0,0,0,  ,  ,"215,170,000",0,  ,  ,0,0, 과제종결(완료평가) 
662,20239734, 미래기술과제 , 2023P343 , 현대차향 차체용 고강도 STS 부방식성능예측 기초모델 개발 , 2023-07-17 , 2024-06-28 , 2024-06-18 ,"457,881,080","457,881,080","345,369,401",1,1, 솔루션연구소 강재솔루션연구그룹 ,  , 철강솔루션연구소 성능연구그룹 , 철강솔루션연구소 성능연구그룹 , 김영호 , 철강솔루션연구소 성능연구그룹 , 정용균 , (이용)강재성능 , 2024-12-27 , 철강신수요창출 , 철강분야 , 정량효과 ,0,0,0,0,0,0,"1,000,000,000",0,0,0,0,0,0,0, 신수요창출 , 수요개발 10천톤/년 x STS290 영업이익 100천원/톤 ,"457,881,080","1,000,000,000",4,50,"4,000,000,000",8.74, 과제종결(완료평가) 
663,20239736, 미래기술과제 , 2023P369 , CCS설비용 산성환경내 최적 강재선정을 위한 성능평가기술 개발 , 2023-09-04 , 2024-08-30 , 2024-08-23 ,"698,326,680","698,326,680","431,273,357",1,1, 솔루션연구소 강재솔루션연구그룹 ,  , 철강솔루션연구소 성능연구그룹 , 철강솔루션연구소 성능연구그룹 , 김영호 , 철강솔루션연구소 성능연구그룹 , 정용균 , (이용)강재성능 , 2024-12-27 , 철강신수요창출 , 철강분야 , 정량효과 ,0,0,0,0,0,0,"595,000,000",0,0,0,0,0,0,0, 신수요창출 ," 동해CCS용 수요개발 3.5천톤/년 x 11Cr강 영업이익 170천원/톤 = 595,000,000원 ","698,326,680","595,000,000",4,80,"2,380,000,000",3.41, 과제종결(완료평가) 
664,20239738, 현업과제 , 2023P367 , 고강도강 적용 LNG화물창 비계시스템 개발 , 2023-08-14 , 2024-08-30 , 2024-09-13 ,"225,264,400","225,264,400","111,838,860",1,1, 솔루션연구소 강건재솔루션연구그룹 ,  , 철강솔루션연구소 구조연구그룹 , 철강솔루션연구소 구조연구그룹 , 신승훈 , 강건재가전마케팅실 강건재가전솔루션그룹 , 전형준 , (이용)강구조 , 2025-08-29 , 철강신수요창출 , 철강분야 , 정성효과 ,0,0,0,0,0,0,0,0,0,0,0,0,0,0,  ,  ,"225,264,400",0,  ,  ,0,0, 과제종결(완료평가) 
665,20239740, 미래기술과제 , 2023P366 , HyREX 공급을 위한 청록수소 제조공정 Concept Design , 2023-08-14 , 2024-05-03 , 2024-05-13 ,"461,781,900","461,781,900","570,930,555",1,1, 공정DX연구소 압연엔지니어링연구그룹 ,  , 공정연구소 철강엔지니어링연구그룹 , 공정연구소 철강엔지니어링연구그룹 , 김정일 , 공정연구소 철강엔지니어링연구그룹 , 황종연 , (엔지니어링)열유체-원가절감기술 , 2024-06-03 , 기술축적 , 철강분야 , 정성효과 ,0,0,0,0,0,0,0,0,0,0,0,0,0,0,  ,  ,"461,781,900",0,  ,  ,0,0, 과제종결(완료평가) 
666,20239742, 현업과제 , 2023P342 , 고속 회전 모터용 극박 전기강판 재압연성 연구 , 2023-07-17 , 2024-02-23 , 2024-03-05 ,"132,332,500","132,332,500","143,363,246",1,1, 솔루션연구소 자동차소재솔루션연구그룹 ,  , 철강솔루션연구소 성능연구그룹 , 철강솔루션연구소 성능연구그룹 , 이세일 , 냉연마케팅실 솔루션개발섹션 , 나상준 , (이용)강재성능 , 2025-03-31 , 철강신수요창출 , 철강분야 , 정성효과 ,0,0,0,0,0,0,0,0,0,0,0,0,0,0,  ,  ,"132,332,500",0,  ,  ,0,0, 과제종결(완료평가) 
667,20239754, 현업과제 , 2023P404 , 1열연 FM Side Guide Liner 및 Idle Roller 수명향상 기술개발 , 2023-10-16 , 2024-09-27 , 2024-09-06 ,"565,044,856","565,044,856","769,924,948",1,1, 제품연구소 표면연구그룹 ,  , 자동차소재연구소 표면연구그룹 , 자동차소재연구소 표면연구그룹 , 이현범 , (광양)열연부 , 최석찬 , (공정)열연공정-생산성향상기술 , 2024-10-01 , 기술축적 , 철강분야 , 정성효과 ,0,0,0,0,0,0,0,0,0,0,0,0,0,0,  ,  ,"565,044,856",0,  ,  ,0,0, 과제종결(완료평가) 
668,20239756, 현업과제 , 2023P419 , 후판 전단 DSS Scrap Knife Ass'y 사용 주기 향상 , 2023-11-13 , 2024-09-27 , 2024-09-09 ,"431,078,200","431,078,200","638,497,921",1,1, 제품연구소 표면연구그룹 ,  , 자동차소재연구소 표면연구그룹 , 자동차소재연구소 표면연구그룹 , 홍석준 , (광양)후판부 , 이영춘 , (공정)후판공정-생산성향상기술 , 2024-10-01 , 기타 , 철강분야 , 정량효과 ,"560,000,000",0,0,0,0,0,0,0,0,0,0,0,0,0, 생산성향상 ," (50회/년-25회/년) X 2Hr/회 X 447Ton/Hr X 126,000원/Ton (영업이익) X 기여율(0.2) = 560백만원/년 ","431,078,200","560,000,000",4,50,"2,240,000,000",5.2, 과제종결(완료평가) 
669,20239764, 현업과제 , 2023P413 , PosMAC 프레임 PV모듈 장기거동 특성 정량화 기술 개발 , 2023-10-30 , 2024-10-25 , 2024-09-23 ,"488,121,100","488,121,100","270,875,250",1,1, 솔루션연구소 강건재솔루션연구그룹 ,  , 철강솔루션연구소 구조연구그룹 , 철강솔루션연구소 구조연구그룹 , 하태휴 , 강건재가전마케팅실 강건재가전솔루션그룹 , 전형준 , (이용)강구조 , 2024-10-31 , 철강신수요창출 , 철강분야 , 정량효과 ,0,0,0,0,0,0,"450,000,000",0,0,0,0,0,0,0, 신수요창출 ," 신규수요 창출: 판매량 3,000톤/년x 판매가 1,500천원/톤 x 영업이익율 10% = 450백만원/년 ","488,121,100","450,000,000",4,80,"1,800,000,000",3.69, 과제종결(완료평가) 
670,20239769, 현업과제 , 2023P416 , 저온인성 보증용 고경도 내마모 및 방탄강 양산제품 개발 , 2023-10-30 , 2025-03-28 , 2025-11-13 ,"416,651,550","416,651,550","744,817,071",1,1, 제품연구소 열연선재후판연구그룹 ,  , 강재연구소 에너지조선연구그룹 , 강재연구소 에너지조선연구그룹 , 유승호 , 에너지조선마케팅실 산업기계소재판매그룹 , 김상범 , (제품)후판제품-양산제품개발기술 , 2026-01-01 , 철강신수요창출 , 철강분야 , 정량효과 ,0,0,"1,200,000,000",0,0,0,0,0,0,0,0,0,0,0, 제품개발/수입대체 ," - 저온인성보증 내마모강: 예상 영업이익 200천원/톤 * 예상판매량 1천톤/년 = 2억원 - 고경도 방탄강: 예상 영업이익 2,000천원/톤 * 예상판매량 0.5천톤/년 = 10억원 ","716,651,550","1,200,000,000",4,80,"4,800,000,000",6.7, 과제종결(완료평가) 
671,20239773, 현업과제 , 2023P394 , 고Mn강 생산성 향상을 위한 용융FeMn Ladle 내화물 Profile 최적화 기술개발 , 2023-10-02 , 2024-09-27 , 2024-09-03 ,"484,925,100","484,925,100","518,747,716",1,1, 미래철강연구소 차세대철강연구그룹 ,  , 강재연구소 제강연구그룹 , 강재연구소 제강연구그룹 , 변윤기 , (광양)후판부 , 이영춘 , (공정)제강공정-생산성향상기술 , 2024-10-01 , 조업/기술경영자료 , 철강분야 , 정량효과 ,0,0,0,"381,634,848",0,0,0,"165,110,000",0,0,0,0,0,0," 실수율/품질향상,자재수명향상 "," - 정량기대효과 : 1. 고Mn강 5만톤 생산체제에서의 KR-Ladle 수명향상시 년간 3.8억원 원가저감 ※ 산출식 : 용융FeMn 50,000ton 공급시, 전기로 출탕량 15,000*1.33=22,400ton생산 KR-ladle 사용횟수 년간 659대 (34ton/ch), 내화물수명에 따른 중수리 횟수=(년간사용횟수/내화물수명) KR-Ladle 수명향상에 따른 기대효과 : (기존 중수리횟수)-(개선중수리횟수)*(로대축로재료 및 시공비용)→ (28로대-14로대)* (27,300,000원/로대)= 381,634,848원/년 * 기여율 100% 2. 고Mn강 연연주 증대에 따른 생산실수율 향상 ※산출식 : 24년 3연연주 주편 실수율 95.6%,상시 4연연주시 주편 실수율 96.7% - 년간 기대 생산량 25,000ton, 제조원가(제품가-불량scarp가) 계산식 : 실수율개선 (0.011%)*년간생산량 (25,000ton/년) * 제조원가(1,942,000원-4410,000원) * 기여율 (40%) = 165,110,000원 ","484,925,100","546,744,848",3.5,80,"1,913,606,968",3.95, 과제종결(완료평가) 
672,20239777, 미래기술과제 , 2023P385 , 고효율 모터용 고규소 전기강판 계면 반응성 향상 연구 , 2023-09-11 , 2024-11-29 , 2024-12-09 ,"421,647,000","421,647,000","478,559,733",1,1, 미래철강연구소 차세대철강연구그룹 ,  , 강재연구소 전기전자연구그룹 , 강재연구소 전기전자연구그룹 , 권민석 , 제품연구소 냉연도금연구그룹 , 주형돈 , (제품)전기강판제품-선도제품개발기술 , 2025-12-31 , 철강신수요창출 , 철강분야 , 정성효과 ,0,0,0,0,0,0,0,0,0,0,0,0,0,0,  ,  ,"421,647,000",0,  ,  ,0,0, 과제종결(완료평가) 
673,20239779, 현업과제 , 2023P399 , 한국전력向 전력구 차폐용 고내식 전기강판 개발 , 2023-10-09 , 2024-11-01 , 2024-11-28 ,"783,548,400","783,548,400","916,346,906",1,1, 제품연구소 냉연도금연구그룹 ,  , 강재연구소 전기전자연구그룹 , 강재연구소 전기전자연구그룹 , 한민수 , 냉연마케팅실 솔루션개발섹션 , 나상준 , (제품)전기강판제품-선도제품개발기술 , 2024-12-31 , 철강신수요창출 , 철강분야 , 정량효과 ,0,0,0,0,0,0,"3,100,000,000",0,0,0,0,0,0,0, 신수요창출 ," 총 31.1억/년 = 신수요 (3.46천톤) * 판매가격 (3,000천원) * 영업이익률 (30%) ","783,548,400","3,100,000,000",4,90,"12,400,000,000",15.83, 과제종결(완료평가) 
674,20239780, 현업과제 , 2023P412 , 도금 EGL 후처리 용액 고형분 실시간 분석 시스템 개발 , 2023-10-16 , 2024-09-27 , 2024-09-13 ,"623,815,000","623,815,000","747,883,425",1,1, 제품연구소 표면연구그룹 ,  , 자동차소재연구소 표면연구그룹 , 자동차소재연구소 표면연구그룹 , 최창훈 , (포항)냉연부 , 조명래 , (공정)표면처리공정-원가절감기술 , 2024-10-01 , 기술축적 , 철강분야 , 정량효과 ,0,"251,199,335",0,0,0,0,0,0,0,0,0,0,0,0, 원단위절감 ," AL, AG, AF 용액 원단위 개선 - AL : 72,982,080원/년 - AG : 139,726,465원/년 - AF : 37,835,737원/년 - 합계 : 251,199,335 원/년 ","623,815,000","251,199,335",4,70,"1,004,797,340",1.61, 과제종결(완료평가) 
675,20239781, 미래기술과제 , 2023P396 , CR 경쟁력 향상을 위한 저원가 기능성 코팅제품 개발 , 2023-10-02 , 2024-07-26 , 2024-08-07 ,"376,405,100","376,405,100","501,895,940",1,1, 제품연구소 표면연구그룹 ,  , 자동차소재연구소 표면연구그룹 , 자동차소재연구소 표면연구그룹 , 최창훈 , 자동차소재연구소 자동차소재표면연구그룹 , 백두진 , (제품)표면처리제품-선도제품개발기술 , 2024-08-21 , 철강신수요창출 , 철강분야 , 정성효과 ,0,0,0,0,0,0,0,0,0,0,0,0,0,0,  ,  ,"376,405,100",0,  ,  ,0,0, 과제종결(완료평가) 
676,20239783, 현업과제 , 2023P449 , Bin레벨-야드재고 동기화 불출스케줄링 시스템 개발 , 2023-12-25 , 2025-03-14 , 2025-07-01 ,"757,440,000","757,440,000","832,810,667",1,1, 공정DX연구소 로봇AI연구그룹 ,  , 공정연구소 제어계측연구그룹 , 공정연구소 제어계측연구그룹 , 김도훈 , (포항)제선부 , 김성연 , (엔지니어링)제어계측-Smart solution기술(AI/Big Data/IoT) , 2025-12-26 , 기술축적 , 철강분야 , 정성효과 ,0,0,0,0,0,0,0,0,0,0,0,0,0,0,  ,  ,"757,440,000",0,  ,  ,0,0, 과제종결(완료평가) 
677,20239792, 미래기술과제 , 2023P405 ," 자동차용 강재 지르코늄 부착량 확보 및 도장내식성, 접착성 품질향상 솔루션개발 ", 2023-10-16 , 2024-09-27 , 2024-08-31 ,"591,458,000","591,458,000","429,869,001",1,1, 솔루션연구소 자동차소재솔루션연구그룹 ,  , 철강솔루션연구소 성능연구그룹 , 철강솔루션연구소 성능연구그룹 , 정봉훈 , 철강솔루션연구소 성능연구그룹 , 정용균 , (이용)강재성능 , 2025-06-02 , 기술축적 , 철강분야 , 정성효과 ,0,0,0,0,0,0,0,0,0,0,0,0,0,0,  ,  ,"591,458,000",0,  ,  ,0,0, 과제종결(완료평가) 
678,20239796, 미래기술과제 , 2023P402 , EV sub구동용 고효율 유도모터 고유 설계 기술 개발 , 2023-10-16 , 2024-09-27 , 2024-08-30 ,"485,390,200","485,390,200","376,116,041",1,1, 육아몰입기간 ,  , 철강솔루션연구소 성능연구그룹 , 철강솔루션연구소 성능연구그룹 , 이수경 , 철강솔루션연구소 성능연구그룹 , 정용균 , (이용)강재성능 , 2025-05-16 , 고객기술지원 , 철강분야 , 정성효과 ,0,0,0,0,0,0,0,0,0,0,0,0,0,0,  ,  ,"485,390,200",0,  ,  ,0,0, 과제종결(완료평가) 
679,20239802, 미래기술과제 , 2023P408 , 원통형 배터리케이스 시험 금형 성형하중 측정 기술 구축 , 2023-10-23 , 2024-05-24 , 2024-09-11 ,"100,521,600","100,521,600","139,320,232",1,1, 솔루션연구소 강재솔루션연구그룹 ,  , 철강솔루션연구소 성형연구그룹 , 철강솔루션연구소 성형연구그룹 , 박기철 , 철강솔루션연구소 성형연구그룹 , 정기석 , (이용)가공 , 2024-09-09 , 고객기술지원 , 철강분야 , 정성효과 ,0,0,0,0,0,0,0,0,0,0,0,0,0,0,  ,  ,"100,521,600",0,  ,  ,0,0, 과제종결(완료평가) 
680,20239804, 미래기술과제 , 2023P418 , PosMAC 1.5 590~980 MPa급 DP강 LME 개선재 개발 , 2023-11-06 , 2024-09-27 , 2024-09-15 ,"477,788,800","477,788,800","688,548,705",1,1, 제품연구소 표면연구그룹 ,  , 자동차소재연구소 표면연구그룹 , 자동차소재연구소 표면연구그룹 , 김도엽 , 자동차소재연구소 자동차소재표면연구그룹 , 백두진 , (제품)표면처리제품-선도제품개발기술 , 2025-08-18 , 기술축적 , 철강분야 , 정성효과 ,0,0,0,0,0,0,0,0,0,0,0,0,0,0,  ,  ,"477,788,800",0,  ,  ,0,0, 과제종결(완료평가) 
681,20239805, 미래기술과제 , 2023P401 , 전기로 T-T time 단축을 위한 AI 예측 기술개발 , 2023-10-16 , 2024-04-05 , 2024-04-04 ,"306,707,000","306,707,000","361,996,973",1,1, 공정DX연구소 로봇AI연구그룹 ,  , 공정연구소 제어계측연구그룹 , 임원 , 강현석 , 공정연구소 제어계측연구그룹 , 조명종 , (공정)STS공정-원가절감기술 , 2025-02-22 , 기술축적 , 철강분야 , 정량효과 ,0,0,0,0,0,0,0,0,0,"1,921,000,000",0,0,0,0, 에너지절감 ," 내역: STS 2제강 전기로 전력 절감효과(6%) 산식) STS 2제강 전력비: 376.8kWh/톤, 개선효과: 6% 전력단가: 157.3원/kWh, '24년 STS 2제강 생산량: 540,300톤 산식적용) 376.8 x 0.06 x 540300 x 157.3 = 19.2 억원/년 ","306,707,000","1,921,000,000",4,100,"7,684,000,000",25.05, 과제종결(완료평가) 
682,20239809, 미래기술과제 , 2023P426 , Zn 도금량 제어를 위한 Acoustic Knife 기초모듈 개발 , 2023-12-04 , 2024-07-26 , 2024-07-16 ,"289,998,400","289,998,400","255,418,279",1,1, 공정DX연구소 압연엔지니어링연구그룹 ,  , 공정연구소 압연공정연구그룹 , 공정연구소 압연공정연구그룹 , 최정식 , 공정연구소 압연공정연구그룹 , 강윤희 , (공정)표면처리공정-생산성향상기술 , 2025-12-26 , 기술축적 , 철강분야 , 정성효과 ,0,0,0,0,0,0,0,0,0,0,0,0,0,0,  ,  ,"289,998,400",0,  ,  ,0,0, 과제종결(완료평가) 
683,20239815, 현업과제 , 2023P425 , 2열연 두께 초엄격 PO재 길이방향 두께 제어 기술 개발 , 2023-12-04 , 2024-10-25 , 2024-09-02 ,"465,004,600","465,004,600","332,759,808",1,1, 공정DX연구소 압연엔지니어링연구그룹 ,  , 공정연구소 압연공정연구그룹 , 공정연구소 압연공정연구그룹 , 홍성철 , (광양)열연부 , 최석찬 , (공정)열연공정-불량율저감기술 , 2024-11-01 , 기술축적 , 철강분야 , 정성효과 ,0,0,0,0,0,0,0,0,0,0,0,0,0,0,  ,  ,"465,004,600",0,  ,  ,0,0, 과제종결(완료평가) 
684,20239831, 미래기술과제 , 2023N001 , 기가급 고강도강용 Side Trimmer 재질 개선 및 적용성 평가 , 2023-11-13 , 2024-04-26 , 2024-05-08 ,"28,700,000","28,700,000","40,351,835",1,1, 제품연구소 표면연구그룹 ,  , 자동차소재연구소 자동차소재표면연구그룹 , 자동차소재연구소 자동차소재표면연구그룹 , 홍석준 , 자동차소재연구소 자동차소재표면연구그룹 , 백두진 , (공정)냉연공정-생산성향상기술 , 2024-05-01 , 기술축적 , 철강분야 , 정성효과 ,0,0,0,0,0,0,0,0,0,0,0,0,0,0,  ,  ,"28,700,000",0,  ,  ,0,0, 과제종결(완료평가) 
685,20239833, 미래기술과제 , 2023P436 , 30만톤급 HyREX 시험설비 기본설계 기술 개발 , 2023-12-18 , 2025-05-30 , 2025-06-09 ,"39,811,138,100","39,811,138,100","32,067,488,257",1,1, 미래철강연구소 수소환원제철연구그룹 , HyREX추진반 , 저탄소제철연구소 수소환원연구그룹 , 저탄소제철연구소 수소환원연구그룹 , 김도형 , 저탄소제철연구소 수소환원연구그룹 , 이영석 , (공정)제선공정-에너지기술 , 2026-06-30 , 기술축적 , 철강분야 , 정성효과 ,0,0,0,0,0,0,0,0,0,0,0,0,0,0,  ,  ,"39,811,138,100",0,  ,  ,0,0, 과제종결(완료평가) 
686,20249001, 미래기술과제 , 2024P115 , 경쟁소재 대체 Steel Intensive concept 건조기 일체형 세탁기 개발 , 2024-01-29 , 2025-03-28 , 2025-04-03 ,"739,548,000","739,548,000","708,935,740",1,1, 솔루션연구소 강재솔루션연구그룹 ,  , 철강솔루션연구소 성능연구그룹 , 철강솔루션연구소 성능연구그룹 , 강대규 , 철강솔루션연구소 성능연구그룹 , 이기호 , (이용)강재성능 , 2025-04-30 , 철강신수요창출 , 철강분야 , 정성효과 ,0,0,0,0,0,0,0,0,0,0,0,0,0,0,  ,  ,"739,548,000",0,  ,  ,0,0, 과제종결(완료평가) 
687,20249005, 현업과제 , 2024P094 , PosMAC Super 용접부 내식성 향상 후처리 기술 개발 , 2024-01-15 , 2024-09-27 , 2024-09-13 ,"471,572,300","471,572,300","373,424,873",1,1, 솔루션연구소 강재솔루션연구그룹 ,  , 철강솔루션연구소 접합연구그룹 , 철강솔루션연구소 접합연구그룹 , 박형진 , 강건재가전마케팅실 강건재가전솔루션그룹 , 전형준 , (이용)접합 , 2024-10-25 , 고객기술지원 , 철강분야 , 정량효과 ,0,0,0,0,0,0,"600,000,000",0,0,0,0,0,0,0, 신수요창출 ," 6억원 = 5.0천톤/년 x 1,200천원/톤 x 영업이익율 10% ","471,572,300","600,000,000",4,30,"2,400,000,000",5.09, 과제종결(완료평가) 
688,20249010, 현업과제 , 2024P190 , 북미/유럽자동차사향 고연신 780GEN3 시장선도제품 개발 , 2024-03-11 , 2024-09-27 , 2024-09-05 ,"455,234,700","455,234,700","469,670,853",1,1, 제품연구소 자동차소재연구그룹 , 기술연구원 연구기획그룹 , 자동차소재연구소 자동차소재연구그룹 , 자동차소재연구소 자동차소재연구그룹 , 조원태 , 자동차소재마케팅실 자동차소재솔루션그룹 , 이윤한 , (제품)냉연제품-선도제품개발기술 , 2026-12-25 , 철강신수요창출 , 철강분야 , 정성효과 ,0,0,0,0,0,0,0,0,0,0,0,0,0,0,  ,  ,"455,234,700",0,  ,  ,0,0, 과제종결(완료평가) 
689,20249011, 현업과제 , 2024P084 , 닛산향 LME free CR1180 TRIP강 시장선도제품 개발 , 2024-01-01 , 2024-12-27 , 2024-12-24 ,"630,967,000","630,967,000","1,211,037,700",1,1, (광양)GigaSteel프로젝트팀 ,  , 자동차소재연구소 표면연구그룹 , 자동차소재연구소 표면연구그룹 , 권민혁 , 자동차소재마케팅실 자동차소재솔루션그룹 , 이윤한 , (제품)냉연제품-선도제품개발기술 , 2025-01-01 , 철강신수요창출 , 철강분야 , 정성효과 ,0,0,0,0,0,0,0,0,0,0,0,0,0,0,  ,  ,"630,967,000",0,  ,  ,0,0, 과제종결(완료평가) 
690,20249013, 현업과제 , 2024P238 , 1.2GPa급 냉연강판 용접부 수소취성 글로벌 평가 규격 개발 , 2024-04-01 , 2024-12-27 , 2024-12-30 ,"791,541,000","791,541,000","990,029,395",1,1, 솔루션연구소 자동차소재솔루션연구그룹 ,  , 철강솔루션연구소 성능연구그룹 , 철강솔루션연구소 성능연구그룹 , 황아인 , 자동차소재마케팅실 자동차소재솔루션그룹 , 이윤한 , (이용)강재성능 , 2025-01-01 , 고객기술지원 , 철강분야 , 정성효과 ,0,0,0,0,0,0,0,0,0,0,0,0,0,0,  ,  ,"791,541,000",0,  ,  ,0,0, 과제종결(완료평가) 
691,20249015, 현업과제 , 2024P031 , 고내식·고내구 특성 PosZET 용접 부품화 기술 개발 , 2024-01-15 , 2024-12-13 , 2024-10-02 ,"395,332,000","395,332,000","255,894,673",1,1, 솔루션연구소 자동차소재솔루션연구그룹 ,  , 철강솔루션연구소 접합연구그룹 , 철강솔루션연구소 접합연구그룹 , 배규열 , 자동차소재마케팅실 자동차소재솔루션그룹 , 이윤한 , (이용)접합 , 2026-01-05 , 철강신수요창출 , 철강분야 , 정량효과 ,0,0,0,0,0,0,"300,000,000",0,0,0,0,0,0,0, 신수요창출 ," ○ 국내 H사 (M사 포함) 샤시파트 강재채용 확대 (500톤/년, 28년~) 등 ○ 일본 N사 PO 980CP 등 FRT SUSP MBR류 등 (500톤/년, 28년~) 등 2,000톤/년 x 150,000원/톤 = 1.5억/년 ","395,332,000","300,000,000",4,100,"1,200,000,000",3.04, 과제종결(완료평가) 
692,20249020, 미래기술과제 , 2024P080 , 층간소음 차단용 고차음 패널 설계기술 개발 , 2024-01-01 , 2024-12-27 , 2024-10-02 ,"555,606,000","555,606,000","389,445,697",1,1, 솔루션연구소 강건재솔루션연구그룹 ,  , 철강솔루션연구소 구조연구그룹 , 철강솔루션연구소 구조연구그룹 , 유영동 , 철강솔루션연구소 구조연구그룹 , 박찬희 , (이용)강구조 , 2025-12-31 , 철강신수요창출 , 철강분야 , 정성효과 ,0,0,0,0,0,0,0,0,0,0,0,0,0,0,  ,  ,"555,606,000",0,  ,  ,0,0, 과제종결(완료평가) 
693,20249022, 현업과제 , 2024P237 , AI 대체 원가절감 스틸 배터리팩 솔루션 개발 , 2024-04-08 , 2025-03-28 , 2025-03-28 ,"991,699,000","991,699,000","980,259,148",1,1, 솔루션연구소 자동차소재솔루션연구그룹 ,  , 철강솔루션연구소 성형연구그룹 , 철강솔루션연구소 성형연구그룹 , 위상권 , 자동차소재마케팅실 자동차소재솔루션그룹 , 이윤한 , (이용)가공 , 2026-04-01 , 고객기술지원 , 철강분야 , 정성효과 ,0,0,0,0,0,0,0,0,0,0,0,0,0,0,  ,  ,"991,699,000",0,  ,  ,0,0, 과제종결(단계완료평가) 
694,20249023, 현업과제 , 2024P315 , 350MPa급 특화강 적용 승객용 대형 하이퍼루프 튜브구조 기술 개발 , 2024-12-23 , 2026-06-19 , 2026-06-16 ,"521,736,000","521,736,000","534,299,726",1,1, 솔루션연구소 강건재솔루션연구그룹 ,  , 솔루션연구소 강건재솔루션연구그룹 , 솔루션연구소 강건재솔루션연구그룹 , 조우연 , 마케팅전략실 솔루션기획그룹 , 이종민 , (이용)강구조 , 2028-12-29 , 철강신수요창출 , 철강분야 , 정성효과 ,0,0,0,0,0,0,0,0,0,0,0,0,0,0,  ,  ,"521,736,000",0,  ,  ,0,0, 과제종결(완료평가) 
695,20249027, 현업과제 , 2024P312 , 제진 접합강판용 Self-bonding 강판 개발 , 2024-12-16 , 2025-12-12 , 2025-12-04 ,"532,746,000","532,746,000","890,364,374",1,1, 제품연구소 표면연구그룹 ,  , 자동차소재연구소 표면연구그룹 , 자동차소재연구소 표면연구그룹 , 김진태 , 글로벌제품기술실 냉연제품기술그룹 , 윤철수 , (제품)표면처리제품-선도제품개발기술 , 2027-01-01 , 철강신수요창출 , 철강분야 , 정성효과 ,0,0,0,0,0,0,0,0,0,0,0,0,0,0,  ,  ,"532,746,000",0,  ,  ,0,0, 과제종결(완료평가) 
696,20249045, 현업과제 , 2024P242 , 가로크랙 개선 PO 780HB 상온권취 제조기술 현장적용 연구 , 2024-04-15 , 2024-12-27 , 2025-01-14 ,"627,206,100","627,206,100","1,296,989,890",1,1, 제품연구소 자동차소재연구그룹 ,  , 자동차소재연구소 자동차소재연구그룹 , 자동차소재연구소 자동차소재연구그룹 , 김성일 , 자동차소재마케팅실 자동차강판수출1그룹 , 손호준 , (제품)열연제품-양산제품개발기술 , 2025-01-01 , 기술축적 , 철강분야 , 정량효과 ,0,0,"887,000,000",0,0,0,0,0,0,0,0,0,0,0, 제품개발/수입대체 , ○ 8.87억원/년 (ⓐ수주가능 예상량 x ⓑ예상 영업이익= 6.25천톤/년 x 약 142천원/톤) ,"627,206,100","887,000,000",4,70,"3,548,000,000",5.66, 과제종결(완료평가) 
697,20249054, 현업과제 , 2024P077 , 전기차 구동모터용 셀프본딩 고정자 열융착 품질향상을 위한 대류열전달 가열형 체결장치 설계 가이드 개발 , 2024-01-01 , 2024-12-27 , 2024-12-31 ,"532,910,600","532,910,600","440,210,372",1,1, 솔루션연구소 자동차소재솔루션연구그룹 ,  , 철강솔루션연구소 성형연구그룹 , 철강솔루션연구소 성형연구그룹 , 복현호 , 자동차소재마케팅실 친환경차그룹 , 김창묵 , (이용)가공 , 2025-01-01 , 고객기술지원 , 철강분야 , 정성효과 ,0,0,0,0,0,0,0,0,0,0,0,0,0,0,  ,  ,"532,910,600",0,  ,  ,0,0, 과제종결(완료평가) 
698,20249057, 현업과제 , 2024P030 , 치수산포 저감을 위한 Seat rail용 스마트 금형 개발 , 2024-01-01 , 2024-12-20 , 2024-12-17 ,"829,521,200","829,521,200","640,462,000",1,1, 솔루션연구소 자동차소재솔루션연구그룹 ,  , 철강솔루션연구소 성형연구그룹 , 철강솔루션연구소 성형연구그룹 , 김태효 , 자동차소재마케팅실 자동차소재솔루션그룹 , 이윤한 , (이용)가공 , 2024-12-31 , 고객기술지원 , 철강분야 , 정성효과 ,0,0,0,0,0,0,0,0,0,0,0,0,0,0,  ,  ,"829,521,200",0,  ,  ,0,0, 과제종결(완료평가) 
699,20249089, 미래기술과제 , 2024P304 , 고규소 전기강판 부품 성능 예측 및 적용 기반 기술 개발 , 2024-10-14 , 2025-09-26 , 2025-09-27 ,"575,068,500","575,068,500","561,867,126",1,1, 솔루션연구소 강재솔루션연구그룹 ,  , 철강솔루션연구소 성능연구그룹 , 철강솔루션연구소 성능연구그룹 , 심호경 , 철강솔루션연구소 성능연구그룹 , 이기호 , (이용)강재성능 , 2025-11-03 , 고객기술지원 , 철강분야 , 정성효과 ,0,0,0,0,0,0,0,0,0,0,0,0,0,0,  ,  ,"575,068,500",0,  ,  ,0,0, 과제종결(완료평가) 
700,20249096, 현업과제 , 2024P253 , 온라인 AlFe 합금화 설비구축 및 공정기술 개발 , 2024-05-06 , 2026-03-27 , 2026-05-15 ,"4,726,509,600","4,726,509,600","5,586,136,811",1,1, (광양)GigaSteel프로젝트팀 ,  , (광양)GigaSteel프로젝트팀 , (광양)GigaSteel프로젝트팀 , 정우성 , (광양)도금부 , 민경오 , (공정)표면처리공정-제품양산기술 , 2027-07-01 , 철강신수요창출 , 철강분야 , 정성효과 ,0,0,0,0,0,0,0,0,0,0,0,0,0,0,  ,  ,"4,726,509,600",0,  ,  ,0,0, 과제종결(완료평가) 
701,20249098, 현업과제 , 2024P114 , 고체산화물 연료전지 분리판용 460FC 현장적용 연구 , 2024-01-01 , 2024-09-27 , 2024-09-06 ,"458,093,100","458,093,100","466,496,021",1,1, 제품연구소 STS연구그룹 ,  , 강재연구소 STS연구그룹 , 강재연구소 STS연구그룹 , 공정현 , 스테인리스마케팅실 STS열연후판판매그룹 , 양광석 , (제품)STS제품-양산제품개발기술 , 2025-03-03 , 철강신수요창출 , 철강분야 , 정량효과 ,0,0,"1,410,000,000",0,0,0,0,0,0,0,0,0,0,0, 제품개발/수입대체 ," ○ 기대이익 산출내역 = 14.1억원/年 = 예상 판매량 1천톤/년 x 영업이익 1,410천원 (‘30년 기준) ","458,093,100","1,410,000,000",4,50,"5,640,000,000",12.31, 과제종결(완료평가) 
702,20249100, 현업과제 , 2024P225 , 액화수소용 고강도 316LH 용접재료 -253℃ 파괴인성 검증 및 적용성 평가 , 2024-04-01 , 2025-06-27 , 2025-07-11 ,"429,256,700","429,256,700","447,713,135",1,1, (광양)고Mn강프로젝트팀 ,  , 철강솔루션연구소 접합연구그룹 , 철강솔루션연구소 접합연구그룹 , 이봉근 , 스테인리스마케팅실 STS열연후판판매그룹 , 양광석 , (이용)접합 , 2027-01-01 , 철강신수요창출 , 철강분야 , 정량효과 ,0,0,0,0,0,0,"9,000,000,000",0,0,0,0,0,0,0, 신수요창출 ," 18,000톤 x 50만원/톤 = 90억('30년 판매 정산화) ","429,256,700","9,000,000,000",4,25,"36,000,000,000",83.87, 과제종결(완료평가) 
703,20249102, 미래기술과제 , 2024P021 , 내수소취성 고굽힘 CG 1470MART 미래선도제품 개발 , 2024-01-01 , 2024-09-27 , 2024-09-02 ,"631,064,000","631,064,000","758,256,971",1,1, (광양)GigaSteel프로젝트팀 ,  , 자동차소재연구소 자동차소재연구그룹 , 자동차소재연구소 자동차소재연구그룹 , 류주현 , 제품연구소 자동차소재연구그룹 , 김성일 , (제품)냉연제품-선도제품개발기술 , 2024-10-31 , 철강신수요창출 , 철강분야 , 정성효과 ,0,0,0,0,0,0,0,0,0,0,0,0,0,0,  ,  ,"631,064,000",0,  ,  ,0,0, 과제종결(완료평가) 
704,20249115, 현업과제 , 2024P086 , 일본향 드럼재 인산염 표면얼룩 개선을 위한 기술개발 , 2024-01-22 , 2024-12-20 , 2024-12-26 ,"488,391,600","488,391,600","305,347,487",1,1, 솔루션연구소 강재솔루션연구그룹 ,  , 철강솔루션연구소 성능연구그룹 , 철강솔루션연구소 성능연구그룹 , 박교선 , 냉연마케팅실 솔루션개발섹션 , 나상준 , (이용)강재성능 , 2025-01-31 , 철강신수요창출 , 철강분야 , 정성효과 ,0,0,0,0,0,0,0,0,0,0,0,0,0,0,  ,  ,"488,391,600",0,  ,  ,0,0, 과제종결(완료평가) 
705,20249121, 미래기술과제 , 2024P303 , 잠수함 압력선체용 HY180급 초고강도강 개발 , 2024-10-07 , 2025-07-25 , 2025-07-15 ,"47,544,000","47,544,000","89,283,866",1,1, 제품연구소 열연선재후판연구그룹 ,  , 강재연구소 에너지조선연구그룹 , 강재연구소 에너지조선연구그룹 , 김용우 , 제품연구소 열연선재후판연구그룹 , 고성웅 , (제품)후판제품-선도제품개발기술 , 2025-08-01 , 기술축적 , 철강분야 , 정성효과 ,0,0,0,0,0,0,0,0,0,0,0,0,0,0,  ,  ,"47,544,000",0,  ,  ,0,0, 과제종결(완료평가) 
706,20249123, 현업과제 , 2024P206 , DFF 산화환원 공정조건 최적화 기술개발 , 2024-03-11 , 2024-11-15 , 2024-09-21 ,"187,019,000","187,019,000","161,953,043",1,1, 미래철강연구소 차세대철강연구그룹 ,  , 자동차소재연구소 표면연구그룹 , 자동차소재연구소 표면연구그룹 , 김영하 , (광양)도금부 , 안정환 , (공정)표면처리공정-생산성향상기술 , 2026-01-01 , 기술축적 , 철강분야 , 정량효과 ,0,0,0,0,0,0,0,"847,000,000",0,0,0,0,0,0, 실수율/품질향상 ," 8.47억원 (PosMAC3.0 도금박리 클레임 및 SBT 박리율 개선) 1. PosMAC3.0 도금박리 클레임 zero화: ＇21~＇23 평균 보상량 = 139백만원/3년=46백만원/년 2. PosMAC3.0 YS보증강 SBT 박리율 개선=SBT면적율 50%이상재*(평균 판매가-Scrap 평균가) =1,144톤*(1,225천원/톤-525천원/톤)=801백만원/년 ","187,019,000","847,000,000",4,30,"3,388,000,000",18.12, 과제종결(완료평가) 
707,20249126, 현업과제 , 2024P306 , 에너지저장시스템(ESS)용 PosMAC 부품 개발 및 요소기술 개발 , 2024-10-21 , 2025-10-31 , 2025-10-31 ,"425,751,000","425,751,000","376,629,467",1,1, 솔루션연구소 강재솔루션연구그룹 ,  , 철강솔루션연구소 성능연구그룹 , 철강솔루션연구소 성능연구그룹 , 정현주 , 강건재가전마케팅실 강건재가전솔루션그룹 , 전형준 , (이용)강재성능 , 2025-11-25 , 철강신수요창출 , 철강분야 , 정성효과 ,0,0,0,0,0,0,0,0,0,0,0,0,0,0,  ,  ,"425,751,000",0,  ,  ,0,0, 과제종결(완료평가) 
708,20249129, 현업과제 , 2024P289 , 고강도 STS후판 적용 버퍼탱크 고유모델 개발 및 실증연구 , 2024-07-22 , 2025-09-26 , 2025-10-01 ,"682,733,500","682,733,500","685,993,627",1,1, 솔루션연구소 강재솔루션연구그룹 ,  , 철강솔루션연구소 성능연구그룹 , 철강솔루션연구소 성능연구그룹 , 문창호 , 스테인리스마케팅실 STS열연후판판매그룹 , 양광석 , (이용)강재성능 , 2026-10-30 , 철강신수요창출 , 철강분야 , 정량효과 ,0,0,0,0,0,0,"460,000,000",0,0,0,0,0,0,0, 신수요창출 ," 신수요개발 2000톤/년x 304 영업이익 230천원/톤 = 4.6억/년(‘23년 1000톤, ‘30년 5400톤) 년도별 톤수는 POSCO IH 버퍼탱크 시장조사결과 기초합니다. (304, 316L) ","682,733,500","460,000,000",4,100,"1,840,000,000",2.7, 과제종결(완료평가) 
709,20249135, 미래기술과제 , 2024P291 ," Slurry 활용, 고Si NO제품 소둔/산세 요소기술 개발 ", 2024-07-29 , 2025-06-27 , 2025-07-11 ,"777,992,179","777,992,179","1,095,131,709",1,1, 미래철강연구소 차세대철강연구그룹 ,  , 강재연구소 전기전자연구그룹 , 강재연구소 전기전자연구그룹 , 임남석 , 제품연구소 냉연도금연구그룹 , 주형돈 , (제품)전기강판제품-선도제품개발기술 , 2025-10-31 , 철강신수요창출 , 철강분야 , 정성효과 ,0,0,0,0,0,0,0,0,0,0,0,0,0,0,  ,  ,"777,992,179",0,  ,  ,0,0, 과제종결(완료평가) 
710,20249139, 현업과제 , 2024P302 , 중소형 각형강관 골조 및 칸막이벽 복합부재 내화상세 개발 , 2024-09-30 , 2025-09-26 , 2025-09-30 ,"610,100,000","610,100,000","494,258,875",1,1, 솔루션연구소 강건재솔루션연구그룹 ,  , 철강솔루션연구소 구조연구그룹 , 철강솔루션연구소 구조연구그룹 , 하태휴 , 강건재가전마케팅실 강건재가전솔루션그룹 , 전형준 , (이용)강구조 , 2025-10-31 , 철강신수요창출 , 철강분야 , 정량효과 ,0,0,0,0,0,0,"180,000,000",0,0,0,0,0,0,0, 신수요창출 , 모듈러 등 중소형 건축물 골조용 열연 판매량 (PJT 대응) 2천톤/년x 판매가 90만원/톤 x 영업이익율 10% = 144백만원 ,"610,100,000","180,000,000",4,80,"720,000,000",1.18, 과제종결(완료평가) 
711,20249154, 현업과제 , 2024P015 , Two Step Annealer 설비를 활용한 ERW강관 용접부 충격인성 향상 기술 개발 , 2024-01-08 , 2025-08-08 , 2025-09-23 ,"512,097,200","512,097,200","474,927,875",1,1, 솔루션연구소 강재솔루션연구그룹 ,  , 철강솔루션연구소 접합연구그룹 , 철강솔루션연구소 접합연구그룹 , 송우현 , 마케팅전략실 솔루션기획그룹 , 이종민 , (이용)접합 , 2025-10-01 , 고객기술지원 , 철강분야 , 정성효과 ,0,0,0,0,0,0,0,0,0,0,0,0,0,0,  ,  ,"512,097,200",0,  ,  ,0,0, 과제종결(완료평가) 
712,20249155, 미래기술과제 , 2024P085 , 304강의 Cu 전기도금을 위한 부동태피막 제거 기술 탐색연구 , 2024-01-01 , 2024-09-27 , 2024-10-04 ,"536,449,150","536,449,150","599,766,763",1,1, 제품연구소 STS연구그룹 , 미래수요개발실 , 강재연구소 STS연구그룹 , 강재연구소 STS연구그룹 , 김광민 , 제품연구소 STS연구그룹 , 김진석 , (제품)STS제품-선도제품개발기술 , 2025-01-06 , 철강신수요창출 , 철강분야 , 정성효과 ,0,0,0,0,0,0,0,0,0,0,0,0,0,0,  ,  ,"536,449,150",0,  ,  ,0,0, 과제종결(완료평가) 
713,20249162, 현업과제 , 2024P222 , 열연 내후성강 적용 자연친화형 교량구조물 개발 , 2024-04-01 , 2025-06-27 , 2025-06-26 ,"535,336,500","535,336,500","592,419,048",1,1, 솔루션연구소 강건재솔루션연구그룹 ,  , 철강솔루션연구소 구조연구그룹 , 철강솔루션연구소 구조연구그룹 , 성택룡 , 강건재가전마케팅실 강건재가전솔루션그룹 , 전형준 , (이용)강구조 , 2025-09-30 , 철강신수요창출 , 철강분야 , 정량효과 ,0,0,0,0,0,0,"500,000,000",0,0,0,0,0,0,0, 신수요창출 , 적용강재(HSB380W/SPA-H/PosMAC) 목표 5천톤/년 x 영업이익 10만원/톤 = 5억원/년 ,"535,336,500","500,000,000",4,80,"2,000,000,000",3.74, 과제종결(완료평가) 
714,20249164, 미래기술과제 , 2024P013 , 내수소취성이 우수한 AlSi도금 2.3G급 HPF 미래선도제품 개발 , 2024-01-01 , 2024-09-27 , 2024-09-24 ,"578,036,900","578,036,900","741,159,123",1,1, (광양)GigaSteel프로젝트팀 ,  , 자동차소재연구소 자동차소재연구그룹 , 자동차소재연구소 자동차소재연구그룹 , 김상헌 , 제품연구소 자동차소재연구그룹 , 김성일 , (제품)냉연제품-선도제품개발기술 , 2024-10-04 , 기술축적 , 철강분야 , 정성효과 ,0,0,0,0,0,0,0,0,0,0,0,0,0,0,  ,  ,"578,036,900",0,  ,  ,0,0, 과제종결(완료평가) 
715,20249169, 미래기술과제 , 2024P075 , 저원가 해양케이블 armor용 비자성 고Mn강 개발 , 2024-01-01 , 2024-12-20 , 2024-12-10 ,"541,673,750","541,673,750","564,684,485",1,1, 제품연구소 열연선재후판연구그룹 ,  , 강재연구소 열연선재연구그룹 , 강재연구소 열연선재연구그룹 , 김현진 , 제품연구소 열연선재후판연구그룹 , 고성웅 , (제품)선재제품-선도제품개발기술 , 2025-01-01 , 철강신수요창출 , 철강분야 , 정성효과 ,0,0,0,0,0,0,0,0,0,0,0,0,0,0,  ,  ,"541,673,750",0,  ,  ,0,0, 과제종결(완료평가) 
716,20249170, 미래기술과제 , 2024P057 , 철강 접합강판 부품의 고객 양산성 개선 및 EVI 기술 개발 , 2024-01-01 , 2024-12-27 , 2024-12-19 ,"1,151,545,590","1,151,545,590","1,089,644,621",1,1, 솔루션연구소 자동차소재솔루션연구그룹 ,  , 철강솔루션연구소 성형연구그룹 , 철강솔루션연구소 성형연구그룹 , 서민홍 , 철강솔루션연구소 성형연구그룹 , 정기석 , (이용)가공 , 2025-01-01 , 고객기술지원 , 철강분야 , 정성효과 ,0,0,0,0,0,0,0,0,0,0,0,0,0,0,  ,  ,"1,151,545,590",0,  ,  ,0,0, 과제종결(완료평가) 
717,20249174, 미래기술과제 , 2024P188 , 액화 CO2 저장 Tank용 초고강도강의 CTOD 기구규명 및 제품개발 , 2024-02-19 , 2025-03-28 , 2025-04-19 ,"610,872,361","610,872,361","682,723,132",1,1, 제품연구소 열연선재후판연구그룹 ,  , 강재연구소 에너지조선연구그룹 , 강재연구소 에너지조선연구그룹 , 김대우 , 제품연구소 열연선재후판연구그룹 , 고성웅 , (제품)후판제품-품질개선기술 , 2025-06-02 , 기술축적 , 철강분야 , 정성효과 ,0,0,0,0,0,0,0,0,0,0,0,0,0,0,  ,  ,"610,872,361",0,  ,  ,0,0, 과제종결(완료평가) 
718,20249181, 미래기술과제 , 2024P028 , 공정비용 절감형 저온경화 EG 내지문강판 , 2024-01-01 , 2024-11-29 , 2024-12-17 ,"543,783,000","543,783,000","796,791,212",1,1, (포항)신재생에너지용PosMAC프로젝트팀 ,  , 자동차소재연구소 표면연구그룹 , 자동차소재연구소 표면연구그룹 , 백제훈 , 제품연구소 표면연구그룹 , 남경훈 , (제품)표면처리제품-품질개선기술 , 2026-01-01 , 기술축적 , 철강분야 , 정성효과 ,0,0,0,0,0,0,0,0,0,0,0,0,0,0,  ,  ,"543,783,000",0,  ,  ,0,0, 과제종결(완료평가) 
719,20249184, 현업과제 , 2024P125 , POCEL 실사용환경 내구성 확보 기술 개발 , 2024-01-29 , 2024-12-27 , 2024-12-26 ,"691,442,600","691,442,600","825,084,439",1,1, 솔루션연구소 강재솔루션연구그룹 ,  , 철강솔루션연구소 성능연구그룹 , 철강솔루션연구소 성능연구그룹 , 박중철 , 냉연마케팅실 솔루션개발섹션 , 나상준 , (이용)강재성능 , 2025-01-01 , 철강신수요창출 , 철강분야 , 정량효과 ,0,0,0,0,0,0,"1,100,000,000",0,0,0,0,0,0,0, 신수요창출 ," 정량효과: 11억원/년 (POCEL 영업이익 10만톤 가정) 판매량: '25년 +25천톤 --> '27년 +110천톤, 기여율 10% ","691,442,600","1,100,000,000",4,10,"4,400,000,000",6.36, 과제종결(완료평가) 
720,20249185, 현업과제 , 2024P055 , 르노외 4사향 LME균열 및 최소R 밴딩 Self 인증평가기술 개발 , 2024-01-01 , 2024-09-27 , 2024-10-01 ,"697,004,000","697,004,000","1,040,839,165",1,1, 솔루션연구소 제품승인평가섹션 ,  , 철강솔루션연구소 접합연구그룹 , 철강솔루션연구소 접합연구그룹 , 우인수 , 자동차소재마케팅실 자동차소재솔루션그룹 , 이윤한 , (이용)접합 , 2024-10-01 , 철강신수요창출 , 철강분야 , 정량효과 ,0,"900,000,000",0,0,0,0,"1,770,000,000",0,0,0,0,0,0,0," 원단위절감,신수요창출 "," 1. CR/EG1470MART강 예상 판매량 29,000톤/년*기대수익185,000원/톤 *기여율 0.33 = 5,365,000,000억원 2. 해외 위탁시험 절감 30규격*30,000,000원 = 9억 ","697,004,000","2,670,000,000",4,33,"10,680,000,000",15.32, 과제종결(완료평가) 
721,20249189, 미래기술과제 , 2024P098 , 저온 Baking형 소부경화강 미래선도기술 개발 , 2024-02-05 , 2024-12-27 , 2025-01-10 ,"444,536,000","444,536,000","497,754,622",1,1, 제품연구소 자동차소재연구그룹 ,  , 자동차소재연구소 자동차소재연구그룹 , 자동차소재연구소 자동차소재연구그룹 , 한성호 , 제품연구소 자동차소재연구그룹 , 김성일 , (제품)냉연제품-선도제품개발기술 , 2025-03-03 , 철강신수요창출 , 철강분야 , 정성효과 ,0,0,0,0,0,0,0,0,0,0,0,0,0,0,  ,  ,"444,536,000",0,  ,  ,0,0, 과제종결(완료평가) 
722,20249192, 현업과제 , 2024P193 , 타타대우상용차向 450HB급 열연 내마모강 현장 적용 연구 , 2024-03-11 , 2025-02-28 , 2025-03-07 ,"650,825,800","650,825,800","1,141,469,021",1,1, 제품연구소 자동차소재연구그룹 ,  , 자동차소재연구소 자동차소재연구그룹 , 자동차소재연구소 자동차소재연구그룹 , 이일철 , 자동차소재마케팅실 자동차강판판매그룹 , 송대호 , (제품)열연제품-양산제품개발기술 , 2025-03-31 , 철강신수요창출 , 철강분야 , 정량효과 ,0,0,0,0,0,0,"600,000,000",0,0,0,0,0,0,0, 신수요창출 ," 정상판매량 800톤/년(2028년) x 예상판매가격 약 2,500천원/톤 x 예상영업이익율 30% = 6억원/년 ","650,825,800","600,000,000",4,60,"2,400,000,000",3.69, 과제종결(완료평가) 
723,20249194, 현업과제 , 2024P034 , T/L 저감형 MART강 수소취성 개선 연구 , 2024-01-01 , 2024-09-27 , 2024-09-03 ,"710,815,050","710,815,050","445,076,340",1,1, 솔루션연구소 자동차소재솔루션연구그룹 ,  , 철강솔루션연구소 성능연구그룹 , 철강솔루션연구소 성능연구그룹 , 정연승 , 자동차소재마케팅실 자동차소재솔루션그룹 , 이윤한 , (이용)강재성능 , 2024-10-01 , 철강신수요창출 , 철강분야 , 정량효과 ,0,0,"552,000,000",0,0,0,0,0,0,0,0,0,0,0, 제품개발/수입대체 ," MART강 기대이익 = 예상 판매확대 수요 (3,000톤/년) X 판매이익 (1184,000원/톤) X 예상 수요지속년수 (3년) X 기여율 (50%) = 8.28억원 ","710,815,050","552,000,000",3,50,"1,656,000,000",2.33, 과제종결(완료평가) 
724,20249195, 현업과제 , 2024P033 , 자동차 보강재용 CR 1700MART 현장적용 연구 , 2024-01-01 , 2024-12-27 , 2024-12-23 ,"666,806,000","666,806,000","830,984,839",1,1, (광양)GigaSteel프로젝트팀 ,  , 자동차소재연구소 자동차소재연구그룹 , 자동차소재연구소 자동차소재연구그룹 , 공종판 , 자동차소재마케팅실 자동차강판판매그룹 , 송대호 , (제품)냉연제품-양산제품개발기술 , 2025-01-01 , 철강신수요창출 , 철강분야 , 정성효과 ,0,0,0,0,0,0,0,0,0,0,0,0,0,0,  ,  ,"666,806,000",0,  ,  ,0,0, 과제종결(완료평가) 
725,20249200, 현업과제 , 2024P221 , 군사용 교량(장간조립교) 상용화 기술 개발 , 2024-04-01 , 2025-03-28 , 2025-03-28 ,"504,980,500","504,980,500","488,776,767",1,1, 솔루션연구소 강건재솔루션연구그룹 ,  , 철강솔루션연구소 구조연구그룹 , 철강솔루션연구소 구조연구그룹 , 황민오 , 강건재가전마케팅실 강건재가전솔루션그룹 , 전형준 , (이용)강구조 , 2026-04-01 , 철강신수요창출 , 철강분야 , 정량효과 ,0,0,0,0,0,0,"1,200,000,000",0,0,0,0,0,0,0, 신수요창출 ," - 연간이익 : 예상판매량 12,000톤/년 X 영업이익 100천원/톤 = 1,200,000천원/년 - 산정근거 : (교체수량 120set/4년 + 재해복구/가교 50set/년) X 150톤/set ","504,980,500","1,200,000,000",4,50,"4,800,000,000",9.51, 과제종결(단계완료평가) 
726,20249201, 현업과제 , 2024P012 , 1냉연 PCM 자동 속도제어 기술 개발 , 2024-01-01 , 2024-10-25 , 2024-09-26 ,"619,259,300","619,259,300","669,067,689",1,1, 공정DX연구소 엔지니어링연구그룹 ,  , 공정연구소 압연공정연구그룹 , 공정연구소 압연공정연구그룹 , 송길호 , (광양)냉연부 , 이훈휘 , (공정)냉연공정-생산성향상기술 , 2024-10-28 , 기술축적 , 철강분야 , 정량효과 ,"2,130,000,000",0,0,0,0,0,0,0,0,0,0,0,0,0, 생산성향상 ," - 예상 증산량 : T/Hr향상(340.5 – 324.3) x 순작업시간(6,916, ’23년 실적) - 기대이익 : 예상 증산량 x 고정비 x 실수율(97.5%, 상반기 실적) = 110,656 x 19,470 x 0.975 ","619,259,300","2,130,000,000",4,60,"8,520,000,000",13.76, 과제종결(완료평가) 
727,20249202, 현업과제 , 2024P199 , 고Mn강 암모니아 저장용기 실증 기술개발 , 2024-03-04 , 2026-03-13 , 2026-05-21 ,"604,099,800","604,099,800","633,133,411",1,1, 솔루션연구소 강재솔루션연구그룹 , 후판마케팅실 솔루션개발섹션 , (광양)고Mn강프로젝트팀 , (광양)고Mn강프로젝트팀 , 이상철 , 후판마케팅실 솔루션개발섹션 , 김병학 , (이용)강재성능 , 2026-06-01 , 철강신수요창출 , 철강분야 , 정성효과 ,0,0,0,0,0,0,0,0,0,0,0,0,0,0,  ,  ,"604,099,800",0,  ,  ,0,0, 과제종결(완료평가) 
728,20249205, 현업과제 , 2024P286 , 2냉연 PCM 자동 속도제어 기술 개발 , 2024-08-05 , 2025-04-25 , 2025-04-10 ,"618,082,000","618,082,000","748,692,773",1,1, 공정DX연구소 엔지니어링연구그룹 ,  , 공정연구소 압연공정연구그룹 , 공정연구소 압연공정연구그룹 , 송길호 , (광양)냉연부 , 정순학 , (공정)냉연공정-생산성향상기술 , 2025-05-30 , 기술축적 , 철강분야 , 정량효과 ,"1,480,000,000",0,0,0,0,0,0,0,0,0,0,0,0,0, 생산성향상 ," - 예상 증산량 : T/Hr향상(328.1 – 319.1) x 순작업시간(6,937, ’24년 실적) - 기대이익 : 예상 증산량 x 고정비 x 실수율(97.5%, 상반기 실적) = 62,433 x 24,241 x 0.975 ","618,082,000","1,480,000,000",4,50,"5,920,000,000",9.58, 과제종결(완료평가) 
729,20249206, 현업과제 , 2024P236 ," 저원가 CTOD 보증 460MLO, 균일YP 보증 극후물 420MLY 강재 개발 ", 2024-04-08 , 2025-02-28 , 2025-04-07 ,"504,570,000","504,570,000","961,247,064",1,1, 제품연구소 열연선재후판연구그룹 ,  , 강재연구소 에너지조선연구그룹 , 강재연구소 에너지조선연구그룹 , 김우겸 , 에너지조선마케팅실 에너지소재판매그룹 , 이동은 , (제품)후판제품-선도제품개발기술 , 2026-06-01 , 철강신수요창출 , 철강분야 , 정량효과 ,0,"1,050,000,000",0,0,0,0,"300,000,000",0,0,0,0,0,0,0," 원단위절감,신수요창출 "," 예상원가절감: 150,000원/톤(절감액) x 7,000톤/년(예상판매량) = 1,050,000,000원/년 신수요 영업이익: 150,000원/톤(예상영업이익) x 2,000톤(예상판매량) = 300,000,000원/년 ","552,650,000","1,350,000,000",4,60,"5,400,000,000",9.77, 과제종결(완료평가) 
730,20249207, 미래기술과제 , 2024P032 , 열연 배열회수 보일러 효율 향상 기술개발 , 2024-01-01 , 2025-05-30 , 2025-06-03 ,"859,994,800","859,994,800","1,030,447,376",1,1, 제품연구소 표면연구그룹 ,  , 자동차소재연구소 표면연구그룹 , 자동차소재연구소 표면연구그룹 , 이현범 , 제품연구소 표면연구그룹 , 남경훈 , (환경/에너지)환경-기타기술 , 2026-01-01 , 기술축적 , 철강분야 , 정성효과 ,0,0,0,0,0,0,0,0,0,0,0,0,0,0,  ,  ,"859,994,800",0,  ,  ,0,0, 과제종결(완료평가) 
731,20249209, 미래기술과제 , 2024P248 , 변형속도/두께에 따른 파단물성 예측기술 개발 , 2024-05-06 , 2025-04-25 , 2025-04-25 ,"940,963,000","940,963,000","943,188,024",1,1, 솔루션연구소 자동차소재솔루션연구그룹 ,  , 철강솔루션연구소 성형연구그룹 , 철강솔루션연구소 성형연구그룹 , 최지식 , 철강솔루션연구소 성형연구그룹 , 김홍기 , (이용)가공 , 2025-12-31 , 기술축적 , 철강분야 , 정성효과 ,0,0,0,0,0,0,0,0,0,0,0,0,0,0,  ,  ,"940,963,000",0,  ,  ,0,0, 과제종결(완료평가) 
732,20249211, 현업과제 , 2024P220 , 해상풍력 모노파일용 대단중 용접후판 양산화 선행기술 개발 , 2024-03-11 , 2025-02-28 , 2025-05-15 ,"729,995,000","729,995,000","810,725,126",1,1, (포항)에너지후판프로젝트팀 ,  , 철강솔루션연구소 접합연구그룹 , 철강솔루션연구소 접합연구그룹 , 채현병 , 에너지조선마케팅실 에너지소재판매그룹 , 이동은 , (이용)접합 , 2027-04-01 , 철강신수요창출 , 철강분야 , 정량효과 ,0,0,0,0,0,0,"31,200,000,000",0,0,0,0,0,0,0, 신수요창출 ," ○총 이익 : 312억원/년 - 산정근거 : (①-②-④)x③ =312억원/년 ①대단중 Extra $200 =250,000원/톤 (환율 1,250원/$ 가정) ②대단중 용접후판 원가 = 50,000원/톤 ③대단중 용접후판 판매 예상량 = 200,000톤/년 (26년: 10만톤, 27년: 20만톤, 28년: 25만톤, 29년: 25만톤, 4년간 판매예상량의 평균) ④대단중 설비투자 감가상각비용 =44,000원/톤(2000억원 투자, 15년 할인율 가정) ","729,995,000","31,200,000,000",4,10,"124,800,000,000",170.96, 과제종결(완료평가) 
733,20249214, 현업과제 , 2024P104 , 4680 배터리케이스 성형성 평가 금형 및 POCEL 제품 가공 솔루션 개발 , 2024-01-01 , 2025-05-02 , 2025-06-30 ,"497,579,650","497,579,650","486,559,357",1,1, 솔루션연구소 강재솔루션연구그룹 ,  , 철강솔루션연구소 성형연구그룹 , 철강솔루션연구소 성형연구그룹 , 박기철 , 마케팅전략실 솔루션기획그룹 , 이종민 , (이용)가공 , 2025-06-17 , 고객기술지원 , 철강분야 , 정성효과 ,0,0,0,0,0,0,0,0,0,0,0,0,0,0,  ,  ,"497,579,650",0,  ,  ,0,0, 과제종결(완료평가) 
734,20249215, 현업과제 , 2024P073 , API 통합 물성 예측 및 제조 기준 도출 플랫폼 개발 , 2024-01-01 , 2025-04-18 , 2025-05-21 ,"1,822,313,200","1,822,313,200","2,765,466,142",1,1, (포항)에너지후판프로젝트팀 , (광양)품질기술부 열연후판품질관리섹션 , 강재연구소 열연선재연구그룹 , 강재연구소 열연선재연구그룹 , 배진호 , 마케팅전략실 솔루션기획그룹 , 이종민 , (철강기타)철강기타 , 2025-05-23 , 기타 , 철강분야 , 정량효과 ,0,"1,000,000,000","2,500,000,000",0,0,0,0,0,0,0,0,0,0,0," 원단위절감,제품개발/수입대체 ", * 합금원가 및 시험생산 저감 20천원/톤*50천톤/년=10억/년 * API PJT 대응 50천원/톤*50천톤/년 = 25억원/년 ,"1,822,313,200","3,500,000,000",4,70,"14,000,000,000",7.68, 과제종결(완료평가) 
735,20249218, 현업과제 , 2024P305 , 초대형 AT 크레인 붐용 Posten 980강재 용접부 물성 확보 및 예열 최적화를 통한 생산성 향상 기술 개발 , 2024-10-21 , 2025-11-21 , 2026-01-23 ,"567,100,000","567,100,000","725,232,441",1,1, 솔루션연구소 강재솔루션연구그룹 ,  , 솔루션연구소 강재솔루션연구그룹 , 솔루션연구소 강재솔루션연구그룹 , 김상훈 , 에너지조선마케팅실 솔루션개발섹션 , 김병학 , (이용)접합 , 2026-01-19 , 철강신수요창출 , 철강분야 , 정성효과 ,0,0,0,0,0,0,0,0,0,0,0,0,0,0,  ,  ,"567,100,000",0,  ,  ,0,0, 과제종결(완료평가) 
736,20249219, 미래기술과제 , 2024P054 , 한국형 항공모함 비행갑판용 내열강 용접기술 및 내열 세라믹 코팅기술 개발 , 2024-01-22 , 2025-02-28 , 2025-02-27 ,"447,816,900","447,816,900","451,764,610",1,1, 솔루션연구소 강재솔루션연구그룹 ,  , 철강솔루션연구소 접합연구그룹 , 철강솔루션연구소 접합연구그룹 , 김상훈 , 철강솔루션연구소 접합연구그룹 , 홍승갑 , (이용)접합 , 2025-08-29 , 철강신수요창출 , 철강분야 , 정성효과 ,0,0,0,0,0,0,0,0,0,0,0,0,0,0,  ,  ,"447,816,900",0,  ,  ,0,0, 과제종결(완료평가) 
737,20249231, 미래기술과제 , 2024P107 , BAF 생략 CGL 온라인 합금화 AlFe 도금재 합금화 거동 및 이용물성 연구 , 2024-01-22 , 2024-07-19 , 2024-08-29 ,"271,839,000","271,839,000","370,504,476",1,1, (광양)GigaSteel프로젝트팀 ,  , 자동차소재연구소 표면연구그룹 , 자동차소재연구소 표면연구그룹 , 정우성 , 기술연구원 자동차소재연구소 , 오지은 , (제품)표면처리제품-선도제품개발기술 , 2024-12-27 , 철강신수요창출 , 철강분야 , 정성효과 ,0,0,0,0,0,0,0,0,0,0,0,0,0,0,  ,  ,"271,839,000",0,  ,  ,0,0, 과제종결(완료평가) 
738,20249233, 미래기술과제 , 2024P106 , 글로벌 자동차사향 온라인합금화 AlFe도금 1500HPF 점용접솔루션 개발 , 2024-02-05 , 2024-10-25 , 2024-07-24 ,"375,518,000","375,518,000","202,631,000",1,1, 솔루션연구소 자동차소재솔루션연구그룹 ,  , 철강솔루션연구소 접합연구그룹 , 철강솔루션연구소 접합연구그룹 , 한도경 , 기술연구원 자동차소재연구소 , 오지은 , (이용)접합 , 2025-12-01 , 고객기술지원 , 철강분야 , 정성효과 ,0,0,0,0,0,0,0,0,0,0,0,0,0,0,  ,  ,"375,518,000",0,  ,  ,0,0, 과제종결(완료평가) 
739,20249236, 미래기술과제 , 2024P010 , 하이퍼루프 트랙용 SB 열융착 및 트랙 형상 안정성 확보 기술개발 , 2024-01-01 , 2024-10-25 , 2024-09-09 ,"363,245,000","363,245,000","236,519,621",1,1, 솔루션연구소 자동차소재솔루션연구그룹 ,  , 철강솔루션연구소 성능연구그룹 , 철강솔루션연구소 성능연구그룹 , 이세일 , 철강솔루션연구소 성능연구그룹 , 정용균 , (이용)강재성능 , 2026-01-01 , 철강신수요창출 , 철강분야 , 정성효과 ,0,0,0,0,0,0,0,0,0,0,0,0,0,0,  ,  ,"363,245,000",0,  ,  ,0,0, 과제종결(완료평가) 
740,20249240, 미래기술과제 , 2024P143 , 차량용 감속기/후륜조향 부품 질화열처리 최적화 공정개발 , 2024-02-05 , 2025-09-26 , 2025-09-30 ,"504,895,200","504,895,200","561,072,178",1,1, 솔루션연구소 강재솔루션연구그룹 ,  , 철강솔루션연구소 성능연구그룹 , 철강솔루션연구소 성능연구그룹 , 박성수 , 철강솔루션연구소 성능연구그룹 , 이기호 , (이용)강재성능 , 2026-01-01 , 철강신수요창출 , 철강분야 , 정량효과 ,0,0,0,0,0,0,"750,000,000",0,0,0,0,0,0,0, 신수요창출 ," 후륜조향장치용 SACM645 글로벌 수요량 14천톤, 판매예상량 5000톤 X 1,50천원 = 750,000천원 *개발완료 시 향 후 수요 확대될 것으로 전망됨_판매예상량(천톤)'27_0.5 → '28_1 → '29_5 → '30_10 ","504,895,200","750,000,000",4,50,"3,000,000,000",5.94, 과제종결(완료평가) 
741,20249243, 미래기술과제 , 2024P008 , 강건재용 GA Cr-free 코팅 강판 개발 , 2024-01-01 , 2024-10-04 , 2024-10-15 ,"362,864,000","362,864,000","475,130,475",1,1, 제품연구소 표면연구그룹 ,  , 자동차소재연구소 표면연구그룹 , 자동차소재연구소 표면연구그룹 , 최하나 , 제품연구소 표면연구그룹 , 남경훈 , (제품)표면처리제품-양산제품개발기술 , 2025-12-31 , 철강신수요창출 , 철강분야 , 정성효과 ,0,0,0,0,0,0,0,0,0,0,0,0,0,0,  ,  ,"362,864,000",0,  ,  ,0,0, 과제종결(완료평가) 
742,20249246, 현업과제 , 2024P046 , HPF 공정이력 적용 Al 550/1000/1500H 고객요청 고온해석 물성평가 기술개발 및 D/B구축 (2/2) , 2024-01-01 , 2024-12-27 , 2024-12-26 ,"984,483,000","1,967,912,000","1,022,722,800",2,2, (광양)GigaSteel프로젝트팀 ,  , 철강솔루션연구소 성형연구그룹 , 철강솔루션연구소 성형연구그룹 , 손현성 , 자동차소재마케팅실 친환경차그룹 , 김창묵 , (이용)가공 , 2025-06-30 , 고객기술지원 , 철강분야 , 정성효과 ,0,0,0,0,0,0,0,0,0,0,0,0,0,0,  ,  ,"984,483,000",0,  ,  ,0,0, 과제종결(완료평가) 
743,20249259, 현업과제 , 2024P058 , 대형4고로 스마트 풍구 연소상태 Digitization 및 원주 영역별 연소밸런스 이상감지 기술개발 , 2024-01-01 , 2024-10-25 , 2024-11-10 ,"769,495,700","769,495,700","782,650,428",1,1, 공정DX연구소 로봇AI연구그룹 ,  , 공정연구소 제어계측연구그룹 , 공정연구소 제어계측연구그룹 , 신기영 , (광양)제선부 , 손병연 , (공정)제선공정-원가절감기술 , 2024-10-29 , 철강신수요창출 , 철강분야 , 정량효과 ,"195,000,000","890,000,000",0,0,0,0,0,0,0,0,0,0,0,0," 생산성향상,원단위절감 "," ○정량적 이익: 노중부 연소 상태 예측 및 안정화를 통한 출선량 증대 및 환원제비 절감 * 대형 고로 기준 Coal비 등 환원제비 절감, 용선 증산 구매비용 저감 관련 기대이익 (10.85억/년 ) - 용선 증상량 효과 = 고로 기술 가동 전년 대비 ‘19년 = 380톤/일 X 20187톤 * 365 * 기여율 (7%) = 1.95 억원 - 환원제비 효과 8.9억원 = ((19년 CR-17년 CR)*CR단가 + (20년 PCR-19년 PCR)*PCR 단가) * 20년 용선생산량 / 1000 * 365 (CR차 14.1 * 315072 – PCR차 9.1 * 178735) * 12375톤/일/1000 * 365 * 기여율 (7%) ","769,495,700","1,085,000,000",2,100,"2,170,000,000",2.82, 과제종결(완료평가) 
744,20249261, 현업과제 , 2024P158 , 저원가 코일철근 선도제품 개발 , 2024-02-26 , 2025-10-31 , 2025-10-31 ,"426,186,750","426,186,750","506,325,130",1,1, 제품연구소 열연선재후판연구그룹 ,  , 강재연구소 열연선재연구그룹 , 강재연구소 열연선재연구그룹 , 정병인 , 강건재가전마케팅실 구조강재판매그룹 , 김윤호 , (제품)선재제품-선도제품개발기술 , 2026-01-01 , 철강신수요창출 , 철강분야 , 정량효과 ,"250,000,000",0,0,0,0,0,0,0,0,0,0,0,0,0, 생산성향상 , 2.5억원/년 (25천톤/년(‘26 강건재가전마케팅실 예상 판매량) x 10천원/톤(기존 양산재 대비 합금원가 절감액)) ,"426,186,750","250,000,000",4,70,"1,000,000,000",2.35, 과제종결(완료평가) 
745,20249262, 현업과제 , 2024P293 , 조선용 암모니아 저온용 강재 실선 적용을 위한 용접부 SCC 특성평가 기술개발 , 2024-07-29 , 2025-09-26 , 2025-11-04 ,"548,076,000","548,076,000","631,478,317",1,1, 솔루션연구소 강재솔루션연구그룹 ,  , 철강솔루션연구소 접합연구그룹 , 철강솔루션연구소 접합연구그룹 , 박서정 , 에너지조선마케팅실 솔루션개발섹션 , 김병학 , (이용)접합 , 2025-12-01 , 고객기술지원 , 철강분야 , 정성효과 ,0,0,0,0,0,0,0,0,0,0,0,0,0,0,  ,  ,"548,076,000",0,  ,  ,0,0, 과제종결(완료평가) 
746,20249266, 현업과제 , 2024P296 , UAM 산업 활성화 대응 Vertiport 강구조 적용 기술(2/2) , 2024-08-12 , 2025-08-29 , 2025-09-15 ,"524,164,850","955,808,650","501,435,451",2,2, 솔루션연구소 강건재솔루션연구그룹 ,  , 철강솔루션연구소 구조연구그룹 , 철강솔루션연구소 구조연구그룹 , 이지운 , 강건재가전마케팅실 강건재가전솔루션그룹 , 전형준 , (이용)강구조 , 2026-12-31 , 철강신수요창출 , 철강분야 , 정성효과 ,0,0,0,0,0,0,0,0,0,0,0,0,0,0,  ,  ,"524,164,850",0,  ,  ,0,0, 과제종결(완료평가) 
747,20249270, 현업과제 , 2024P229 , GGA용 G3 PNX 신제품 개발 , 2024-04-01 , 2025-06-27 , 2025-06-30 ,"629,472,200","629,472,200","826,756,397",1,1, (광양)HyperNO프로젝트팀 ,  , 강재연구소 전기전자연구그룹 , 강재연구소 전기전자연구그룹 , 김재훈 , 자동차소재마케팅실 친환경차그룹 , 탁상현 , (제품)전기강판제품-양산제품개발기술 , 2025-12-01 , 철강신수요창출 , 철강분야 , 정량효과 ,0,0,"360,000,000",0,0,0,0,0,0,0,0,0,0,0, 제품개발/수입대체 , 30PNX1400FA 연간 판매량 3600톤 판매가 200만원 영업이익율 5% 기대이익 = 3600톤*200만원*영업이익율10%= 3.6억원 ,"679,472,200","360,000,000",4,50,"1,440,000,000",2.12, 과제종결(완료평가) 
748,20249276, 미래기술과제 , 2024P186 , 자동차 650CP 고강성 상용휠림 개발 , 2024-03-04 , 2025-02-28 , 2025-02-28 ,"680,674,600","680,674,600","687,825,384",1,1, 솔루션연구소 자동차소재솔루션연구그룹 ,  , 철강솔루션연구소 성형연구그룹 , 철강솔루션연구소 성형연구그룹 , 권혁선 , 철강솔루션연구소 성형연구그룹 , 김홍기 , (이용)가공 , 2025-10-30 , 철강신수요창출 , 철강분야 , 정량효과 ,0,0,0,0,0,0,"1,000,000,000",0,0,0,0,0,0,0, 신수요창출 ," 1만톤/년*톤당1백만원*10%영역이익율=년10억창출 (삼우, 일본토피, 유럽 마그네토휠, 중국 정원휠) ","680,674,600","1,000,000,000",4,80,"4,000,000,000",5.88, 과제종결(완료평가) 
749,20249281, 현업과제 , 2024P157 , 고온 고강도 POCEL-B/C 선도제품개발 , 2024-03-04 , 2024-12-27 , 2024-12-26 ,"503,434,200","503,434,200","586,790,556",1,1, 제품연구소 냉연도금연구그룹 ,  , 강재연구소 전기전자연구그룹 , 강재연구소 전기전자연구그룹 , 조민호 , 냉연마케팅실 솔루션개발섹션 , 나상준 , (제품)냉연제품-선도제품개발기술 , 2025-07-01 , 철강신수요창출 , 철강분야 , 정량효과 ,0,0,"1,000,000,000",0,0,0,0,0,0,0,0,0,0,0, 제품개발/수입대체 , 산출식: 신제품 판매 10천톤/년 X 톤당 영업이익 10천원/톤 = 10억원/년 ,"553,434,200","1,000,000,000",4,50,"4,000,000,000",7.23, 과제종결(완료평가) 
750,20249290, 미래기술과제 , 2024P026 , 상용차용 1.5GPa급 후열처리 초경량휠 용접부 내구성능 향상 및 수소취성 민감도 저감 기술 , 2024-01-08 , 2024-12-20 , 2024-12-20 ,"468,220,000","468,220,000","546,355,114",1,1, 솔루션연구소 자동차소재솔루션연구그룹 ,  , 철강솔루션연구소 접합연구그룹 , 철강솔루션연구소 접합연구그룹 , 배규열 , 철강솔루션연구소 접합연구그룹 , 정보영 , (이용)접합 , 2025-01-01 , 철강신수요창출 , 철강분야 , 정량효과 ,0,0,0,0,0,0,"4,500,000,000",0,0,0,0,0,0,0, 신수요창출 , ○ 전기차 등 초경량휠 개발 가속화 및 당사 기가스틸 채용 확대 (780급 냉간가공재+기가급 후열처리강 특허망 확대) ○ 45억원/년 (‘27년 150만개(10%) x 소재 원단위 20kg x 150천원/톤(영업이익) = 45억) ,"468,220,000","4,500,000,000",4,30,"18,000,000,000",38.44, 과제종결(완료평가) 
751,20249294, 미래기술과제 , 2024P258 , 북미 지역 Pos-H 특수모멘트 설계 기술 활성화 , 2024-06-03 , 2025-02-28 , 2025-03-18 ,"477,871,000","477,871,000","549,546,914",1,1, 솔루션연구소 강건재솔루션연구그룹 ,  , 철강솔루션연구소 구조연구그룹 , 철강솔루션연구소 구조연구그룹 , 유홍식 , 철강솔루션연구소 구조연구그룹 , 박찬희 , (이용)강구조 , 2025-12-31 , 철강신수요창출 , 철강분야 , 정량효과 ,0,0,0,0,0,0,"1,000,000,000",0,0,0,0,0,0,0, 신수요창출 , 1만톤/년 x 100천원/톤 = 10억/년 ,"477,871,000","1,000,000,000",4,80,"4,000,000,000",8.37, 과제종결(완료평가) 
752,20249295, 미래기술과제 , 2024P122 , PosMAC 적용 화염전파 차단 방음시설 기술 개발 , 2024-01-08 , 2025-04-04 , 2025-05-02 ,"542,077,000","542,077,000","558,773,851",1,1, 솔루션연구소 강건재솔루션연구그룹 ,  , 철강솔루션연구소 구조연구그룹 , 철강솔루션연구소 구조연구그룹 , 노명현 , 철강솔루션연구소 구조연구그룹 , 박찬희 , (이용)강구조 , 2027-01-01 , 철강신수요창출 , 철강분야 , 정성효과 ,0,0,0,0,0,0,0,0,0,0,0,0,0,0,  ,  ,"542,077,000",0,  ,  ,0,0, 과제종결(단계완료평가) 
753,20249299, 현업과제 , 2024P006 , PosMAC Super용 친환경 크롬 프리 코팅제품 개발(P) , 2024-01-01 , 2025-10-31 , 2025-12-10 ,"550,308,700","550,308,700","917,272,876",1,1, (포항)신재생에너지용PosMAC프로젝트팀 ,  , 자동차소재연구소 표면연구그룹 , 자동차소재연구소 표면연구그룹 , 곽영진 , 강건재가전마케팅실 강건재가전솔루션그룹 , 전형준 , (제품)표면처리제품-선도제품개발기술 , 2026-01-01 , 철강신수요창출 , 철강분야 , 정성효과 ,0,0,0,0,0,0,0,0,0,0,0,0,0,0,  ,  ,"550,308,700",0,  ,  ,0,0, 과제종결(완료평가) 
754,20249303, 현업과제 , 2024P061 , 열연 코일 측면결함 탐상 및 품질상태 정량적 Digitization 기술 고도화를 통한 활용성 증대 , 2024-01-01 , 2025-05-30 , 2025-06-25 ,"723,812,250","723,812,250","778,649,900",1,1, 공정DX연구소 로봇AI연구그룹 ,  , 공정연구소 제어계측연구그룹 , 공정연구소 제어계측연구그룹 , 신기영 , (광양)열연부 , 김종성 , (공정)열연공정-생산성향상기술 , 2025-05-31 , 철강신수요창출 , 철강분야 , 정량효과 ,"405,200,000",0,0,0,0,0,0,0,0,0,0,"320,000,000",0,0," 생산성향상,자동화에의한인력합리 "," 1. 덧살 결함을 정확히 검출함에 따라 후공정으로 이송되어 회송되는 코일의 물량 감소(코일 운송비 절감) . '20년 열연 덧살 회송량 6천톤 이상 저감 (덧살 발생 시 증대), 겹침 검출을 통한 회송량 저감 . 기대효과 산식 열연 측면 결함으로 인한 회송 코일 톤 수 X 회송비 (8893.6 X 1600원/톤 = 14.2백만원) {측면결함에 의한 차공정 (PCM) 휴지시간 X 시간당 생산량 T/Hr X 고정비 + Scrap 저감량} + {차공정 (박물재 전공정) 생산량/년 X 톤당 정정 변동비 X 기여율} {36Hr (36회 X 1hr) X 309.2Ton/Hr X 22,456 + 3 Ton X 36회} + {235,552 톤/년 * 840원/톤 * 0.7} = 391백만원, 14.2백만원 + 391백만원 = 405.2백만원 (4.05억/년) 2. 덧살 등 측면 결함 온라인 사전 검출을 통한 정정 자동 분기로 분기 실패로 인한 덧살 제거 수작업 비용 저감 (3.2억/년) ","723,812,250","725,200,000",4,100,"2,900,800,000",4.01, 과제종결(완료평가) 
755,20249304, 현업과제 , 2024P277 , 일본 건축구조용 내진 각형강관 각부 고인성 보증형 제품 개발(1/2) , 2024-07-01 , 2025-06-27 , 2025-07-24 ,"716,842,000","1,493,630,000","915,215,748",2,1, 솔루션연구소 강건재솔루션연구그룹 ,  , 철강솔루션연구소 구조연구그룹 , 철강솔루션연구소 구조연구그룹 , 정미영 , 강건재가전마케팅실 강건재가전솔루션그룹 , 전형준 , (이용)강구조 , 2026-12-31 , 철강신수요창출 , 철강분야 , 정성효과 ,0,0,0,0,0,0,0,0,0,0,0,0,0,0,  ,  ,"716,842,000",0,  ,  ,0,0, 과제종결(단계완료평가) 
756,20249306, 미래기술과제 , 2024P132 , AFM용 고자속밀도 전기강판 제품개발 , 2024-01-29 , 2025-02-28 , 2025-03-05 ,"815,065,500","815,065,500","1,005,251,671",1,1, 제품연구소 냉연도금연구그룹 ,  , 강재연구소 전기전자연구그룹 , 강재연구소 전기전자연구그룹 , 고현석 , 제품연구소 냉연도금연구그룹 , 주형돈 , (제품)전기강판제품-선도제품개발기술 , 2025-03-03 , 철강신수요창출 , 철강분야 , 정성효과 ,0,0,0,0,0,0,0,0,0,0,0,0,0,0,  ,  ,"815,065,500",0,  ,  ,0,0, 과제종결(완료평가) 
757,20249334, 현업과제 , 2024P252 ," 3,4,5코크스 선탄운전 실시간 정보 기반 야드불출 가이던스 기술 개발 ", 2024-05-06 , 2025-07-25 , 2025-08-19 ,"881,139,000","881,139,000","909,574,180",1,1, 공정DX연구소 로봇AI연구그룹 ,  , 공정DX연구소 제어계측연구그룹 , 공정DX연구소 제어계측연구그룹 , 김도훈 , (포항)화성부 , 박진국 , (엔지니어링)제어계측-Smart solution기술(AI/Big Data/IoT) , 2026-01-09 , 기술축적 , 철강분야 , 정량효과 ,0,0,0,0,0,0,0,0,0,0,0,0,0,"573,730,609", 기타 ," o 미점탄 증사용 효과: 573,730,609원 * 22년 상반기 실적 활용 원료탄 사용량: 2,809,520.22톤/상반기 * 2 = 5,619,040,44톤/년 강점탄-미점탄 단가차이: 145,864원 개선전: 44.40 → 개선후: 44.47 재무효과:(개선후 미점탄 사용비 - 개선전 미점탄 사용비) * 원료탄 사용량 * (강점탄-미점탄 단가차이) = 573,730,609 ","881,139,000","573,730,609",4,100,"2,294,922,436",2.6, 과제종결(완료평가) 
758,20249344, 현업과제 , 2024P079 , 북미 Stellantis향 샤시/프레임용 PO 780CP 양산품질 안정화 기술개발 , 2024-01-01 , 2024-09-27 , 2024-08-26 ,"465,023,200","465,023,200","391,991,302",1,1, 포스코홀딩스 ,  , 자동차소재연구소 자동차소재연구그룹 , 자동차소재연구소 자동차소재연구그룹 , 이제웅 , (광양)품질기술부 , 이철영 , (공정)열연공정-불량율저감기술 , 2024-10-01 , 기술축적 , 철강분야 , 정량효과 ,0,0,"3,280,000,000",0,0,0,0,0,0,0,0,0,0,0, 제품개발/수입대체 ," PO 780CP강: 영업이익 228천원/톤(영업이익율 16%) * 판매량 14,376 톤/년 = 32.8억/년 ","495,023,200","3,280,000,000",4,70,"13,120,000,000",26.5, 과제종결(완료평가) 
759,20249346, 현업과제 , 2024P045 , 4고로 노저 침식 profile 분석 및 잔선량 최소화 기술 개발 , 2024-01-08 , 2024-06-28 , 2024-06-29 ,"242,469,000","242,469,000","162,202,358",1,1, 공정DX연구소 제선연구그룹 ,  , 저탄소제철연구소 제선연구그룹 , 저탄소제철연구소 제선연구그룹 , 이성희 , (포항)제선부 , 최규택 , (공정)제선공정-원가절감기술 , 2025-07-01 , 기술축적 , 철강분야 , 정성효과 ,0,0,0,0,0,0,0,0,0,0,0,0,0,0,  ,  ,"242,469,000",0,  ,  ,0,0, 과제종결(완료평가) 
760,20249347, 미래기술과제 , 2024P263 , 박물 극저철손 GO제품 양산제조 위한 요소기술 개발 , 2024-06-03 , 2025-08-29 , 2025-08-31 ,"708,507,000","708,507,000","958,219,184",1,1, (포항)전력용전기강판프로젝트팀 ,  , 강재연구소 전기전자연구그룹 , 강재연구소 전기전자연구그룹 , 김재겸 , 제품연구소 냉연도금연구그룹 , 주형돈 , (공정)전기강판공정-제품양산기술 , 2026-01-01 , 기술축적 , 철강분야 , 정량효과 ,0,0,0,0,0,0,"3,601,500,000",0,0,0,0,0,0,0, 신수요창출 ," - 23PHD070, 20PHD065 제품 예상 판매량 : '28년 2천톤, '29년 3천톤, '30년 6천톤, '31년 10천톤 → 평균 5.25천톤/년 - 기대이익 산출 = 23PHD070, 20PHD065 제품 예상 판매량 5.25천톤/년 x 23PHD070/20PHD065 제품 예상 영업이익 686천원 ","1,108,507,000","3,601,500,000",4,50,"14,406,000,000",13, 과제종결(완료평가) 
761,20249351, 미래기술과제 , 2024P170 , 자율주행 기반 용선 물류 관제 시뮬레이션 기술 개발 , 2024-03-04 , 2025-03-28 , 2025-04-02 ,"777,966,000","777,966,000","886,738,597",1,1, 공정DX연구소 로봇AI연구그룹 ,  , 공정연구소 제어계측연구그룹 , 공정연구소 제어계측연구그룹 , 이진휘 , 공정연구소 제어계측연구그룹 , 김기원 , (엔지니어링)제어계측-Smart solution기술(AI/Big Data/IoT) , 2025-07-25 , 기술축적 , 철강분야 , 정성효과 ,0,0,0,0,0,0,0,0,0,0,0,0,0,0,  ,  ,"777,966,000",0,  ,  ,0,0, 과제종결(완료평가) 
762,20249354, 미래기술과제 , 2024P121 , 열연 영상 AI 기술을 활용한 FM Auto Quick Stop 기술 개발 (2/2) , 2024-01-08 , 2025-01-03 , 2025-01-07 ,"447,792,699","758,333,741","501,986,034",2,2, 공정DX연구소 로봇AI연구그룹 ,  , 공정연구소 제어계측연구그룹 , 공정연구소 제어계측연구그룹 , 반성준 , 공정연구소 제어계측연구그룹 , 김기원 , (엔지니어링)제어계측-생산성향상기술 , 2025-01-27 , 기술축적 , 철강분야 , 정량효과 ,"590,471,818",0,0,0,0,0,0,0,0,0,0,0,0,0, 생산성향상 ," 4열연 23년 2분기 조업 지표 총 휴지시간 : 423 min 장애저감비율 : 30% (예상치) 생산성 : 680.0 ton / hr HR 판매단가 : 962,859 원 / ton HR 영업이익률 : 10.66 % 장애처리 시간 감소에 따른 생산성 향상 (5.9억원/년) = 증산량 ( 장애저감시간 × 공장 Ton/hr) × 판매단가 × HR 영업이익률 = 총 휴지시간(423min)*장애저감비율(30%)*생산성(680ton/hr)*HR 판매단가(962,859원/ton)*HR 영업이익률(10.66%)*4(1년 환산) = 590,471,818원 ","447,792,699","590,471,818",4,100,"2,361,887,272",5.27, 과제종결(완료평가) 
763,20249357, 현업과제 , 2024P043 , 고강도 290UFG 형상 개선을 위한 냉연기술 개발 , 2024-01-01 , 2024-09-27 , 2024-10-10 ,"484,724,500","484,724,500","474,065,554",1,1, 제품연구소 STS연구그룹 ,  , 강재연구소 STS연구그룹 , 강재연구소 STS연구그룹 , 노한섭 , (포항)STS압연부 , 강태형 , (공정)STS공정-불량율저감기술 , 2024-12-31 , 철강신수요창출 , 철강분야 , 정량효과 ,0,0,"1,010,000,000",0,0,0,0,0,0,0,0,0,0,0, 제품개발/수입대체 ," ○ 新수요 창출 효과: 10.1억원/년 - 영업이익액 * 예상판매량: 390 (천원/톤, ‘24 영업이익)* 2.6 (천톤/년, ‘27 예상판매량) ","484,724,500","1,010,000,000",4,50,"4,040,000,000",8.33, 과제종결(완료평가) 
764,20249358, 현업과제 , 2024P072 , GI 980GEN3강 공정생략 1회소둔 양산 기술개발 , 2024-01-01 , 2024-12-27 , 2025-01-17 ,"491,706,400","491,706,400","782,283,281",1,1, 제품연구소 자동차소재연구그룹 , 기술연구원 연구기획그룹 , 자동차소재연구소 자동차소재연구그룹 , 자동차소재연구소 자동차소재연구그룹 , 조원태 , (광양)품질기술부 , 장성호 , (공정)냉연공정-원가절감기술 , 2025-08-01 , 기술축적 , 철강분야 , 정량효과 ,0,"179,074,000",0,0,0,0,0,0,0,0,0,0,0,0, 원단위절감 ," CG ’22년 판매량(2800톤) x 2CAL냉연가공비 (63,955원/톤) =179,074,000원/년 ※ 현재 도금재의 2회소둔은 1차소둔 CAL + 2차소둔 CGL 로써, 공정단축시 CAL 소둔비용이 절감됨 ※ GI 980GEN3 GM(’22), Stellantis(’23) 인증완료로 ‘24년 이후 향후 CG재 판매량 증가 전망 ","491,706,400","179,074,000",4,65,"716,296,000",1.46, 과제종결(완료평가) 
765,20249362, 현업과제 , 2024P196 , 3후판 DSS 판정렬 자동화를 위한 판 위치 자동 측정 기반 기술 개발 , 2024-03-11 , 2025-09-26 , 2025-10-01 ,"870,460,993","870,460,993","929,969,115",1,1, 공정DX연구소 압연엔지니어링연구그룹 ,  , 공정DX연구소 압연공정연구그룹 , 공정DX연구소 압연공정연구그룹 , 이도륜 , (포항)후판부 , 박충재 , (공정)후판공정-원가절감기술 , 2025-10-13 , 기술축적 , 철강분야 , 정성효과 ,0,0,0,0,0,0,0,0,0,0,0,0,0,0,  ,  ,"870,460,993",0,  ,  ,0,0, 과제종결(완료평가) 
766,20249363, 현업과제 , 2024P096 ," STS 400계(409L, 441) 면거침 결함 개선 제조기술 개발 ", 2024-01-22 , 2025-03-21 , 2025-03-21 ,"555,992,300","555,992,300","924,893,917",1,1, 제품연구소 STS연구그룹 ,  , 강재연구소 STS연구그룹 , 강재연구소 STS연구그룹 , 박지언 , (포항)STS압연부 , 유병철 , (제품)STS제품-품질개선기술 , 2025-04-07 , 기술축적 , 철강분야 , 정량효과 ,0,0,0,0,0,0,0,"714,000,000",0,0,0,0,0,0, 실수율/품질향상 ," 441 HAP 대리석무늬 개선에 의한 재처리 비용 저감: 2.8억원/년 - HAP 보류 저감량(40천톤/년*25%)*재처리비용(44천원/톤) – 생산량(40천톤/년*50%)*S/G비용(8천원/톤) 436L APF 산세 단위 전환에 따른 Dummy 미투입 기대 효과: 최소 4.34억원/년 절감 - Dummy 사용량 저감 1.19억원 : 더미 예산(12.9억원/년)*더미 저감량(30%)*강종전환시간비율(0.31=3hr/9.6hr) - 연료Loss 저감 1.43억원 : 더미 작업시간(3hr/월)*더미 작업 시 연료 사용량(7,701N㎥/hr)*연료 단가(519원/N㎥)*12개월 - 생산성 향상 1.62억원 : 더미 작업시간(3hr/월)*APF 고정가공비(74,686원/톤)*APF생산성(60.6Ton/Hr)*12개월 - 436L 산원단위 저감 0.1억원: 24년 불산 불출금액(16.6억원/년) * 불산 저감량(44%) * 436L APF 처리비율(1.43%) ","555,992,300","714,000,000",4,50,"2,856,000,000",5.14, 과제종결(완료평가) 
767,20249365, 현업과제 , 2024P147 , 노열 예측과 Heat Balance 앙상블을 통한 용선온도 편차 저감 기술 , 2024-03-04 , 2025-02-28 , 2025-04-08 ,"753,563,000","753,563,000","943,392,793",1,1, 공정DX연구소 제선연구그룹 ,  , 저탄소제철연구소 제선연구그룹 , 저탄소제철연구소 제선연구그룹 , 백찬영 , (광양)제선부 , 손병연 , (공정)제선공정-원가절감기술 , 2025-04-01 , 기술축적 , 철강분야 , 정성효과 ,0,0,0,0,0,0,0,0,0,0,0,0,0,0,  ,  ,"753,563,000",0,  ,  ,0,0, 과제종결(완료평가) 
768,20249368, 현업과제 , 2024P101 , 장입분포 연계 고로 가스류 가시화 기술 개발 , 2024-01-08 , 2025-03-28 , 2025-06-04 ,"555,614,200","555,614,200","644,139,808",1,1, 공정DX연구소 제선연구그룹 , (포항)제선부 기술개발섹션 , 저탄소제철연구소 제선연구그룹 , 저탄소제철연구소 제선연구그룹 , 정인현 , (포항)제선부 , 김성연 , (공정)제선공정-원가절감기술 , 2025-06-23 , 기술축적 , 철강분야 , 정량효과 ,0,"370,000,000",0,0,0,0,0,0,0,0,0,0,0,0, 원단위절감 ," ○ 년간기대이익 산출내역 - 고로가스류 가시화에 따른 적정 송풍량 제어로 가스이용률 증대 효과 = 환원제비 저감 효과 + CO2 발생량 저감 효과 – BFG 발생 원단위 변화 = 3.7억원/년 (1. 환원제비 저감 = (’22년 2고로 출선량) * 환원재 저감량 * 환원재 단가 = 1,899,171 t-p/yr * (0.4kg/t-p) * 554원/kg = 4.2 억원 2. CO2 저감 = (’22년 2고로 출선량) * 환원재 저감량 * CO2 배출계수 * CO2 단가 = 1,899,171 t-p/yr * (0.4kg/t-p) * 3.18 kg-CO2/kg * 15원/kg-CO2('23년 1월) = 0.4 억원 3. BFG 발생원단위 변화 = (’22년 포항 2고로 출선량) x 환원제비절감원단위 x 발생원단위변화 x BFG평가단가 = 1,899,171 t-p/yr x (- 0.4kg/t-p) * 3.2Nm3/kg * 38원/Nm3 = - 0.9 억원/년) ","555,614,200","370,000,000",3,100,"1,110,000,000",2, 과제종결(완료평가) 
769,20249371, 현업과제 , 2024P071 , 자동차용 극저탄소강 극표면부 균일미세조직제어 공정기술 개발 , 2024-01-08 , 2025-03-28 , 2025-03-11 ,"443,767,000","443,767,000","436,879,999",1,1, 제품연구소 자동차소재연구그룹 ,  , 자동차소재연구소 자동차소재연구그룹 , 자동차소재연구소 자동차소재연구그룹 , 하유미 , (광양)품질기술부 , 장성호 , (공정)냉연공정-불량율저감기술 , 2025-04-01 , 철강신수요창출 , 철강분야 , 정성효과 ,0,0,0,0,0,0,0,0,0,0,0,0,0,0,  ,  ,"443,767,000",0,  ,  ,0,0, 과제종결(완료평가) 
770,20249373, 현업과제 , 2024P246 , 4선재 DPC측정 및 Tail제어 기술개발 , 2024-03-04 , 2025-12-26 , 2026-01-09 ,"495,468,000","495,468,000","500,107,312",1,1, 공정DX연구소 로봇AI연구그룹 ,  , 공정DX연구소 로봇AI연구그룹 , 공정DX연구소 로봇AI연구그룹 , 이상호 , (포항)선재부 , 정석준 , (공정)선재공정-생산성향상기술 , 2025-12-29 , 기타 , 철강분야 , 정량효과 ,"345,431,270",0,0,0,0,0,0,"63,163,821",0,0,0,0,0,0," 생산성향상,실수율/품질향상 "," 1. 불량저감으로 인한 실수율 향상 : 63,163,821 (개선수율*개선후처리량*(판매가-스크랩가)*기여율) = 0.02%*653,845*(1,029,814-566,056)*1 2. 비가동 Loss 저감으로 생산성 향상 : 345,431,270 (개선시간*작업률*T/Hr*실수율*고정가공비*기여율) = 4381*104*1*85,441*1 ","495,468,000","408,595,091",4,100,"1,634,380,364",3.3, 과제종결(완료평가) 
771,20249375, 현업과제 , 2024P234 , 2제선 출선폐쇄시각 예측 모델 연계 TLC Tracking Sys. 기술 개발 , 2024-04-08 , 2025-05-30 , 2025-05-29 ,"929,353,000","929,353,000","1,321,428,628",1,1, 공정DX연구소 제선연구그룹 ,  , 저탄소제철연구소 제선연구그룹 , 저탄소제철연구소 제선연구그룹 , 이승문 , (광양)제선부 , 손병연 , (공정)제선공정-원가절감기술 , 2025-11-03 , 조업/기술경영자료 , 철강분야 , 정량효과 ,0,"14,008,204,672",0,0,0,0,0,0,0,0,0,0,0,0, 원단위절감 ," ∙ 산출식= 승열제 저감 14kg/℃/Ch' X 1,939원/kg X 46,912Ch'(HMR≤83%) = 약 12.7억원 ∙ 도착온도 1℃ 상승시 승열제 사용저감= (1℃당 Fe-Si 투입량)X(승열제 단가)X(용선공급기간 Charge수) ∙ 승열제 단가 ('23년도 단가 적용) : 원가시스템 (SmartBI-DW정형-원가수익성-실제원가-원료사용단가) →'Item코드 AFS01'의 사용단가 ∙ 용선 공급 활동기간 Charge수 : '24년 경영계획기준 HMR≤83%인 날의 Charge 수 총합 ","929,353,000","14,008,204,672",1,30,"14,008,204,672",15.07, 과제종결(완료평가) 
772,20249376, 미래기술과제 , 2024P116 , ESF 사용성을 고려한 HyREX HCI 용융특성 최적화 기술 , 2024-01-29 , 2024-12-27 , 2024-12-26 ,"547,297,400","547,297,400","1,215,066,110",1,1, 포스코홀딩스 ,  , 저탄소제철연구소 수소환원연구그룹 , 저탄소제철연구소 수소환원연구그룹 , 박지욱 , 저탄소제철연구소 수소환원연구그룹 , 이영석 , (철강기타)철강기타 , 2025-01-31 , 기술축적 , 철강분야 , 정성효과 ,0,0,0,0,0,0,0,0,0,0,0,0,0,0,  ,  ,"547,297,400",0,  ,  ,0,0, 과제종결(완료평가) 
773,20249377, 미래기술과제 , 2024P307 , 高Zn 부산물 사내활용을 위한 공정기술 개발 , 2024-10-21 , 2025-12-19 , 2025-12-19 ,"2,160,362,160","2,160,362,160","2,373,747,901",1,1, 공정DX연구소 압연엔지니어링연구그룹 ,  , 공정DX연구소 엔지니어링연구그룹 , 공정DX연구소 엔지니어링연구그룹 , 조문경 , 공정DX연구소 엔지니어링연구그룹 , 김신일 , (엔지니어링)열유체-부산물기술 , 2026-12-25 , 기술축적 , 철강분야 , 정성효과 ,0,0,0,0,0,0,0,0,0,0,0,0,0,0,  ,  ,"2,160,362,160",0,  ,  ,0,0, 과제종결(단계완료평가) 
774,20249380, 현업과제 , 2024P088 , STS CAF Plus 조업 최적화 기술 개발 , 2024-01-01 , 2024-12-06 , 2025-04-14 ,"2,259,037,600","2,259,037,600","2,314,192,729",1,1, 미래철강연구소 차세대철강연구그룹 ,  , 공정연구소 철강엔지니어링연구그룹 , 공정연구소 철강엔지니어링연구그룹 , 시성규 , (포항)STS압연부 , 유병철 , (공정)STS공정-원가절감기술 , 2025-06-30 , 법/제도규제대응 , 철강분야 , 정량효과 ,0,"530,000,000",0,0,0,0,0,0,0,0,0,0,0,0, 원단위절감 ," BAF→CAFPlus 전환을 통한 가공비 절감 : 22,000원/톤*24천톤/년 ","2,259,037,600","530,000,000",4,100,"2,120,000,000",0.94, 과제종결(완료평가) 
775,20249387, 현업과제 , 2024P281 , 5CGL 자동차강판 온라인 전장재질 측정모델 및 업데이트 자동화 기술 개발 , 2024-07-01 , 2025-06-27 , 2025-08-19 ,"241,396,000","241,396,000","206,449,576",1,1, 공정DX연구소 로봇AI연구그룹 ,  , 공정DX연구소 제어계측연구그룹 , 공정DX연구소 제어계측연구그룹 , 이세호 , (광양)도금부 , 민경오 , (공정)표면처리공정-불량율저감기술 , 2026-01-05 , 기술축적 , 철강분야 , 정량효과 ,0,0,0,0,"236,000,000",0,0,0,0,0,0,0,0,0, 분석기술개발 ," - 재질 균일화 기대이익 : 190백만원/년 . 제품경쟁력 향상 판매량 확대 : 76백만원/년 = ’21년 5CGL 590~1180AHSS 생산량 169천톤/년 x 기대이익 150,000원/톤 x 기여율 0.3% . 재질 부적합 저감 : 75백만원/년 = ’21년 5CGL 재질 부적합 2504톤/년 X 기대이익 150,000원/톤 x 기여율 20% . 재질 초시험 불량부 RCL 절사량 저감 : 39백만원/년 = ’21년 5CGL통과재 RCL 절사량 1284톤 x 기대이익 150,000원/톤 x 기여율 20% - Spec out부 출하 방지로 인한 고객사 Claim 개선 : 46백만원/년 . 5CGL재 재질 Claim ’19~’21년 연평균 230백만원/년 x 기여율 20% ","241,396,000","236,000,000",4,100,"944,000,000",3.91, 과제종결(완료평가) 
776,20249389, 현업과제 , 2024P070 , LNG用 304L CG 패스수 저감 및 냉연 품질 향상 , 2024-01-01 , 2024-09-27 , 2024-09-19 ,"1,197,571,000","1,197,571,000","928,633,476",1,1, (포항)STS품질수익성향상TF팀 ,  , 강재연구소 STS연구그룹 , 강재연구소 STS연구그룹 , 하만진 , (포항)STS압연부 , 강태형 , (공정)STS공정-원가절감기술 , 2024-10-01 , 기술축적 , 철강분야 , 정량효과 ,"707,548,800",0,0,0,0,0,0,0,"609,693,000",0,0,0,0,0," 생산성향상,공정개선 "," ○총 기대효과: 13.2억/년 ○ CG저감비용: 6.1억/년 상세: 30천톤×적용량(70%)×(패스당 변동가공비(30,840원/톤)×패스수 저감(2회)- HAP재처리비(32,647원/톤))=609,693,000원 ○ CG능력확보에 따른 304L 수주량 증가: 7.1억/년 상세: CG능력 상승(200톤/월) * 304L 3년평균 기대이익(294,812)=707,548,800원 ","1,197,571,000","1,317,241,800",3,50,"3,951,725,400",3.3, 과제종결(완료평가) 
777,20249392, 현업과제 , 2024P223 , 냉연향 3열연 AHSS의 절사량 차등지시 위한 Online 열연재질 예측모델 개발 , 2024-03-25 , 2025-03-21 , 2025-04-30 ,"822,645,000","822,645,000","719,475,172",1,1, 제품연구소 자동차소재연구그룹 ,  , 자동차소재연구소 자동차소재연구그룹 , 자동차소재연구소 자동차소재연구그룹 , 최재현 , (광양)열연부 , 김종성 , (공정)열연공정-불량율저감기술 , 2025-06-30 , 기술축적 , 철강분야 , 정량효과 ,"100,000,000",0,0,0,0,0,0,"365,000,000",0,0,0,0,0,0," 생산성향상,실수율/품질향상 "," 연간기대이익: 4.65억/년 (절사량 저감 정량효과 및 차공정 Risk 저감 기회비용 포함) - 실수율 향상 3.65억/년 + PCM 조업성 향상 및 판파단 등의 문제 사전 방지 기회비용 1억/년 - 계산 방식) 0.73천톤 X 500,000원(강종별 제조원가-스크랩가의 평균) ≒ 3.65억원 (’25년 1Q 기준 1분기 판매 저Ceq980DP 25천톤, CR1180TRIP 8.5천톤, GA고El.1180CP 1.5천톤, CR980XF 1.3천톤으로 연간 총 145천톤으로 정정 실수율 0.5% 향상시 절감 생산량: 0.73천톤) ","822,645,000","465,000,000",4,60,"1,860,000,000",2.26, 과제종결(완료평가) 
778,20249398, 현업과제 , 2024P146 , 2냉연 CAL SPM P-Wet유 적용 기술 개발 , 2024-01-29 , 2025-05-23 , 2025-06-10 ,"305,684,800","305,684,800","272,962,244",1,1, 공정DX연구소 로봇AI연구그룹 ,  , 공정연구소 제어계측연구그룹 , 공정연구소 제어계측연구그룹 , 박형국 , (광양)냉연부 , 정순학 , (공정)냉연공정-제품양산기술 , 2026-09-30 , 기술축적 , 철강분야 , 정량효과 ,0,"134,000,000",0,0,0,0,0,"200,000,000",0,0,0,0,0,0," 실수율/품질향상,원단위절감 "," 1. 2냉연 Wet유 원가의 50% 절감 ( 147,504L x 단가 1,825원/L = 269,194,800원/년) Wet유 원가의 50%는 1.34억원/년 2. Rust, Oil stain, Oil Drop에 의한 클레임 보상 절감 : 720톤 2억원/년 ","305,684,800","334,000,000",4,80,"1,336,000,000",4.37, 과제종결(완료평가) 
779,20249401, 미래기술과제 , 2024P052 , Pilot ESF를 활용한 HyREX ESF 선행기술개발 , 2024-01-15 , 2025-05-02 , 2025-05-07 ,"1,412,143,700","1,412,143,700","1,501,365,652",1,1, 미래철강연구소 수소환원제철연구그룹 ,  , 저탄소제철연구소 전기로연구그룹 , 저탄소제철연구소 전기로연구그룹 , 이상범 , 저탄소제철연구소 전기로연구그룹 , 박재훈 , (신성장)신성장기타 , 2025-06-02 , 기술축적 , 철강분야 , 정성효과 ,0,0,0,0,0,0,0,0,0,0,0,0,0,0,  ,  ,"1,412,143,700",0,  ,  ,0,0, 과제종결(완료평가) 
780,20249406, 현업과제 , 2024P214 , 실시간 출선구 용선온도 측정 정합성 향상 기술 개발 , 2024-03-18 , 2025-06-06 , 2025-06-25 ,"827,909,094","827,909,094","1,129,447,466",1,1, 공정DX연구소 제선연구그룹 ,  , 저탄소제철연구소 제선연구그룹 , 저탄소제철연구소 제선연구그룹 , 신민수 , (광양)제선부 , 손병연 , (공정)제선공정-생산성향상기술 , 2025-06-09 , 기술축적 , 철강분야 , 정성효과 ,0,0,0,0,0,0,0,0,0,0,0,0,0,0,  ,  ,"827,909,094",0,  ,  ,0,0, 과제종결(완료평가) 
781,20249407, 미래기술과제 , 2024P202 , 수소환원 DRI 용해용 Pilot ESF 내화물 최적화 연구 , 2024-03-11 , 2025-03-07 , 2025-03-25 ,"728,256,100","728,256,100","948,712,424",1,1, 미래철강연구소 수소환원제철연구그룹 , HyREX추진반 , 저탄소제철연구소 전기로연구그룹 , 저탄소제철연구소 전기로연구그룹 , 최진석 , 저탄소제철연구소 전기로연구그룹 , 박재훈 , (신성장)신성장기타 , 2025-12-31 , 기술축적 , 철강분야 , 정성효과 ,0,0,0,0,0,0,0,0,0,0,0,0,0,0,  ,  ,"728,256,100",0,  ,  ,0,0, 과제종결(완료평가) 
782,20249411, 현업과제 , 2024P142 , 저탄소 저HMR 대응 PosLead 정합성 향상기술 개발 , 2024-02-05 , 2024-08-30 , 2024-08-29 ,"441,921,000","441,921,000","392,192,502",1,1, 강재연구소 제강연구그룹 ,  , 강재연구소 제강연구그룹 , 강재연구소 제강연구그룹 , 서성모 , (광양)제강부 , 최등모 , (공정)제강공정-원가절감기술 , 2025-07-01 , 기술축적 , 철강분야 , 정량효과 ,0,0,0,0,0,0,0,0,"3,000,000,000",0,0,0,0,0, 공정개선 ," 기대이익: 30억원/년 실현이익('24.1~8): 용선량 저감 16.3억 원, 전장입량 하향 10.6억 원, 총 27억 원 - 용선량 절감 조업: 기존 PosLead 243톤 대비 절감 용선량 X (931,282 원/톤) + PosLead 평균 전장입량 307톤대비 전장입량 절감량 X 스크랩 단가 ＊931,282원/톤: FOB 판매단가 – 주, 부, 합금철비 – 변동비 – 판관비 + 부산물비 + 부생에너지비 .전장입량 감량: 기존 PosLead 평균 전장입량 307 톤 대비 전장입량 절감량 X 스크랩 단가 ","441,921,000","3,000,000,000",4,70,"12,000,000,000",27.15, 과제종결(완료평가) 
783,20249414, 현업과제 , 2024P120 , 방향성 전기강판 최고급 자구재 평균 철손 개선 기술 개발 , 2024-01-08 , 2024-12-27 , 2024-12-30 ,"734,891,400","734,891,400","859,405,456",1,1, (포항)전력용전기강판프로젝트팀 ,  , 강재연구소 전기전자연구그룹 , 강재연구소 전기전자연구그룹 , 권오열 , (포항)전기강판부 , 박용화 , (공정)전기강판공정-제품양산기술 , 2025-01-01 , 기술축적 , 철강분야 , 정량효과 ,0,0,0,0,0,0,0,"1,600,000,000",0,0,0,0,0,0, 실수율/품질향상 ," -23,27DR 자구재 철손편차 저감으로 인한 적중률 향상 이익, 16억/년 (23PHD080 8천톤/년[적중률 10% 향상]x170천원/톤=13.6억/년, 27PHD085 2.5천톤/년x96천원=2.4억/년) ","1,534,891,400","1,600,000,000",4,50,"6,400,000,000",4.17, 과제종결(완료평가) 
784,20249416, 현업과제 , 2024P282 , STS4제강 전로 슬래그 배재 무인화 기술개발 , 2024-07-01 , 2026-02-27 , 2026-03-23 ,"999,514,100","2,740,306,500","1,273,672,556",2,2, 공정DX연구소 제강연구그룹 ,  , 공정DX연구소 제강연구그룹 , 공정DX연구소 제강연구그룹 , 하창수 , (포항)STS제강부 , 송원용 , (공정)STS공정-원가절감기술 , 2026-04-01 , 기술축적 , 철강분야 , 정성효과 ,0,0,0,0,0,0,0,0,0,0,0,0,0,0,  ,  ,"999,514,100",0,  ,  ,0,0, 과제종결(완료평가) 
785,20249417, 현업과제 , 2024P042 , 고수익강 생산 위한 2-1연주기 몰드 및 오실레이터 기술 개발 , 2024-01-15 , 2024-12-13 , 2024-12-19 ,"706,082,840","706,082,840","1,038,374,490",1,1, 공정DX연구소 압연엔지니어링연구그룹 ,  , 공정연구소 철강엔지니어링연구그룹 , 공정연구소 철강엔지니어링연구그룹 , 이혁준 , (광양)제강부 , 최등모 , (엔지니어링)기계설비-원가절감기술 , 2025-01-01 , 기술축적 , 철강분야 , 정량효과 ,0,0,0,0,0,0,0,0,0,0,0,0,0,"800,000,000", 기타 , 고정가공비 금액절감=개선 전 해당 비용–개선 후 해당 비용 = 160억 원 – 152억 원 = 8억 원 - 개선 전 해당 비용: 투자사업비 x 엔지니어링 fee (%) = 1600억 원 x 10% = 160억 원 (엔지니어링 비용) - 개선 후 해당 비용: 엔지니어링 비용 x (100-몰드/오실레이터 비율(%)) = 160억 원 x (100-5)% = 152억 원 ,"706,082,840","800,000,000",1,100,"800,000,000",1.13, 과제종결(완료평가) 
786,20249418, 현업과제 , 2024P041 , 고수익강 생산 위한 2-1연주기 세그먼트 및 냉각 기술 개발 , 2024-01-15 , 2024-09-06 , 2024-09-03 ,"371,195,740","371,195,740","394,251,300",1,1, 공정DX연구소 압연엔지니어링연구그룹 ,  , 공정연구소 철강엔지니어링연구그룹 , 공정연구소 철강엔지니어링연구그룹 , 방종근 , (광양)제강부 , 최등모 , (엔지니어링)기계설비-원가절감기술 , 2025-01-01 , 기술축적 , 철강분야 , 정량효과 ,0,0,0,0,0,0,0,0,0,0,0,0,0,"800,000,000", 기타 ," ○ 정량효과 : 세그먼트 자력 설계에 따른, 설계비용 저감 = 8억원 - 산출식 : (투자사업비) x (엔지니어링 fee) x (세그먼트 BD) = 1600억원 x 10% x 5% = 8억원 ","371,195,740","800,000,000",1,100,"800,000,000",2.16, 과제종결(완료평가) 
787,20249419, 미래기술과제 , 2024P257 , AI기반 가공비 및 에너지 사용 최적화를 위한 예측모델 개발 , 2024-07-01 , 2025-10-31 , 2025-10-21 ,"711,488,000","711,488,000","1,221,209,766",1,1, 공정DX연구소 압연엔지니어링연구그룹 , (광양)도금부 기술개발섹션 , 공정DX연구소 압연공정연구그룹 , 공정DX연구소 압연공정연구그룹 , 장태인 , 공정DX연구소 엔지니어링연구그룹 , 김신일 , (공정)표면처리공정-원가절감기술 , 2026-05-01 , 기술축적 , 철강분야 , 정성효과 ,0,0,0,0,0,0,0,0,0,0,0,0,0,0,  ,  ,"711,488,000",0,  ,  ,0,0, 과제종결(완료평가) 
788,20249420, 미래기술과제 , 2024P216 , 유동제어를 활용한 이젝터 방식 Metal Pumping 기술 개발 , 2024-04-01 , 2025-04-25 , 2025-04-18 ,"584,361,800","584,361,800","614,040,669",1,1, 공정DX연구소 압연엔지니어링연구그룹 ,  , 공정연구소 압연공정연구그룹 , 공정연구소 압연공정연구그룹 , 권용훈 , 공정연구소 압연공정연구그룹 , 김신일 , (공정)표면처리공정-생산성향상기술 , 2025-12-01 , 기술축적 , 철강분야 , 정량효과 ,"2,450,000,000","180,000,000",0,0,0,0,0,0,0,0,0,0,0,0," 생산성향상,원단위절감 ", O. AL-HPF 도금제품 연속가동일수 4일 증가에 따른 생산성 증대 : 50(톤/hr)*24(hr)*4*125(만원/톤)*0.2=12억원 O. 부정기 교체 시간 20hr 단축에 따른 생산성 증대 : 50(톤/hr)*20(hr)*0.0125(억원/톤)=12.5(억원/년) O. 정기수리시 정비비 절감 : 0.3(억원/회)*6(회/년)=1.8(억원/년) ,"584,361,800","2,630,000,000",4,50,"10,520,000,000",18, 과제종결(완료평가) 
789,20249425, 미래기술과제 , 2024P068 , 전기로 용강 직사용 전기강판 자성열화 저감 요소기술 개발 , 2024-01-01 , 2025-02-28 , 2025-02-27 ,"648,475,500","648,475,500","949,430,439",1,1, (광양)HyperNO프로젝트팀 ,  , 강재연구소 전기전자연구그룹 , 강재연구소 전기전자연구그룹 , 송대현 , 제품연구소 냉연도금연구그룹 , 주형돈 , (공정)전기강판공정-불량율저감기술 , 2025-08-01 , 기술축적 , 철강분야 , 정성효과 ,0,0,0,0,0,0,0,0,0,0,0,0,0,0,  ,  ,"648,475,500",0,  ,  ,0,0, 과제종결(완료평가) 
790,20249434, 현업과제 , 2024P169 , 2열연 조압연 Camber 제어 자동화 기술 개발 , 2024-03-04 , 2025-05-16 , 2025-05-26 ,"614,042,800","614,042,800","783,031,841",1,1, 공정DX연구소 로봇AI연구그룹 ,  , 공정연구소 제어계측연구그룹 , 공정연구소 제어계측연구그룹 , 반성준 , (포항)열연부 , 김기준 , (엔지니어링)제어계측-생산성향상기술 , 2025-06-30 , 기술축적 , 철강분야 , 정량효과 ,"247,254,972",0,0,0,0,0,0,"101,161,128",0,0,0,0,0,0," 생산성향상,실수율/품질향상 "," 판쏠림 및 Camber 요인 Miss Roll 개선 (3.5억원/년) 1. Miss Roll 요인 Line 정지 시간 저감 = '22.1~8월 Miss Roll 요인 Line 정지시간(Hr) * T/H * 압연실수율 * 작업률 * 고정가공비 * 개선율 / 8 * 12 (8개월 → 1년환산) = 21.6 * 673 * 0.98 * 0.88 * 26297*0.5*1.5 = 247,254,972 원 2. Miss Roll 및 Scrap 처리량 개선 = 22.1~8월 Miss Roll 및 Scrap 처리량 * (판매가-Scrap가) * 개선율 * /8 * 12 (8개월 → 1년 환산) =373.11 * (1068868 - 707362) * 0.5 *1.5 = 101,161,128 원 ","614,042,800","348,416,100",4,100,"1,393,664,400",2.27, 과제종결(완료평가) 
791,20249438, 현업과제 , 2024P051 , 1열연 가열로 연소효율 향상을 위한 배가스 성분 측정 활용 공연비 제어기술 개발 , 2024-01-01 , 2025-07-25 , 2025-09-25 ,"668,777,100","668,777,100","827,028,915",1,1, 미래철강연구소 차세대철강연구그룹 ,  , 공정DX연구소 철강엔지니어링연구그룹 , 공정DX연구소 철강엔지니어링연구그룹 , 시성규 , (포항)열연부 , 김기준 , (공정)열연공정-원가절감기술 , 2025-11-29 , 조업/기술경영자료 , 철강분야 , 정량효과 ,0,"326,192,132",0,0,0,0,0,0,0,0,0,0,0,0, 원단위절감 ," - 공연비 최적화에 따른 열손실 저감 및 에너지 비용 절감 - 기대효과: 연간 약 3.3억원 절감 - 산출식 = (연간 예열대 연료 사용량) x (연료 단가) x (연소효율 증가율) 4가열로 절감 = 86,294,215Mcal x 63.0원/Mcal x 2% = 108,730,710원/년 5가열로 절감 = 86,294,215Mcal x 63.0원/Mcal x 4% = 217,461,421원/년 1열연 4,5가열로 연료 절감액 = 326,192,132원/년 ","668,777,100","326,192,132",4,70,"1,304,768,528",1.95, 과제종결(완료평가) 
792,20249443, 현업과제 , 2024P205 , 고S광석 및 부산물의 브리켓 제조를 통한 소결 배가스내 SOx 저감 기술 , 2024-03-04 , 2024-11-29 , 2024-12-01 ,"525,289,000","525,289,000","610,450,885",1,1, 공정DX연구소 제선연구그룹 ,  , 저탄소제철연구소 제선연구그룹 , 저탄소제철연구소 제선연구그룹 , 지윤경 , (광양)제선부 , 손병연 , (공정)제선공정-부산물기술 , 2025-01-20 , 기술축적 , 철강분야 , 정량효과 ,"4,634,000,000",0,0,0,0,0,0,0,0,0,0,0,"477,000,000",0," 생산성향상,환경비용절감 "," 1. 소결 생산성 +0.5t/m2.d 증가에 따른 소결광 고정비 저감 효과 - 생산성 +0.5t/m2.d 향상에 따른 소결광 고정비 저감 효과(광 4소결, ‘23년 기준) - 기대이익 = 고정비 8387원/t-s x 광4화상면적 497.25m2 x 가동율 96.69% x 365 일 x 0.5t/m2.d = 736백만원/년 2.소결 총생산성 +0.5t/m2.d 증가에 따른 펠렛 사용비 저감 효과 - 0.5t/m2.d x 497.25 x 365 x 0.9669 = 소결광 87,744톤 펠렛 대체 75,965톤(소결광 T.Fe 56.7%, 펠렛 T.Fe 65.5) = 87,744 x 56.7/65.5 = 75,965톤 - 펠렛대체75,965 x (펠렛 단가 238,320 – 소결광 단가 187,000) / 10^8 = 3,898백만원/년 3. 중조원단위 0.23kg/t 절감 - 0.23kg/t-s x 총생산량/1000 x 중조단가(383,000원/톤) = 477 백만원/년 ","7,275,289,000","5,111,000,000",4,50,"20,444,000,000",2.81, 과제종결(완료평가) 
793,20249445, 현업과제 , 2024P194 , 안전사고 조기 대응을 위한 영상 기반 열연 유실 출입자 모니터링 기술 개발 , 2024-01-01 , 2025-03-21 , 2025-05-06 ,"485,480,000","485,480,000","484,991,054",1,1, 공정DX연구소 로봇AI연구그룹 ,  , 공정연구소 제어계측연구그룹 , 공정연구소 제어계측연구그룹 , 이세호 , (포항)열연부 , 김기준 , (엔지니어링)제어계측-Smart solution기술(AI/Big Data/IoT) , 2025-05-16 , 기술축적 , 철강분야 , 정성효과 ,0,0,0,0,0,0,0,0,0,0,0,0,0,0,  ,  ,"485,480,000",0,  ,  ,0,0, 과제종결(완료평가) 
794,20249448, 현업과제 , 2024P081 , 적정 Slag volume 제어하 염기도 자동제어 기술 , 2024-01-22 , 2024-09-27 , 2024-10-02 ,"342,179,600","342,179,600","308,595,275",1,1, 공정DX연구소 제선연구그룹 ,  , 저탄소제철연구소 제선연구그룹 , 저탄소제철연구소 제선연구그룹 , 박준우 , (광양)제선부 , 손병연 , (공정)제선공정-생산성향상기술 , 2025-06-02 , 기술축적 , 철강분야 , 정량효과 ,0,"938,462,097",0,0,0,0,0,0,0,0,0,0,0,0, 원단위절감 ," ○ 연간기대이익 산출내역 (단위:천원) - 기대이익 = 결합재비 감소분 (kg/t-s) x 생산량 (ton/y) x 결합재 단가 (원/ton) = 0.5 kg/t-s x 13,380,414 ton/y x 140,274 원/ton = 938 백만원/년 ","342,179,600","938,462,097",3,50,"2,815,386,291",8.23, 과제종결(완료평가) 
795,20249449, 미래기술과제 , 2024P038 , 무화염 복사방열 기술 개발 , 2024-01-01 , 2024-12-27 , 2025-01-10 ,"410,455,300","410,455,300","558,516,902",1,1, 미래철강연구소 차세대철강연구그룹 ,  , 공정연구소 철강엔지니어링연구그룹 , 공정연구소 철강엔지니어링연구그룹 , 이동은 , 공정연구소 철강엔지니어링연구그룹 , 황종연 , (엔지니어링)열유체-원가절감기술 , 2026-12-31 , 기술축적 , 철강분야 , 정성효과 ,0,0,0,0,0,0,0,0,0,0,0,0,0,0,  ,  ,"410,455,300",0,  ,  ,0,0, 과제종결(완료평가) 
796,20249455, 현업과제 , 2024P215 , 선강공정 강종별 제조원가 전망 Simulation을 위한 PosPLOT 고도화 , 2024-03-25 , 2025-02-21 , 2025-04-21 ,"1,180,841,250","1,180,841,250","275,414,337",1,1, 공정DX연구소 제선연구그룹 , (포항)제선부 기술개발섹션 , 저탄소제철연구소 제선연구그룹 , 저탄소제철연구소 제선연구그룹 , 정인현 , 기술전략실 선강기술그룹 , 이동조 , (공정)제선공정-원가절감기술 , 2025-06-27 , 기술축적 , 철강분야 , 정성효과 ,0,0,0,0,0,0,0,0,0,0,0,0,0,0,  ,  ,"1,180,841,250",0,  ,  ,0,0, 과제종결(완료평가) 
797,20249457, 미래기술과제 , 2024P295 , 고Al강용 무반응 발열 몰드 파우더 개발 , 2024-08-19 , 2025-09-12 , 2025-09-04 ,"499,156,000","499,156,000","790,435,245",1,1, 공정DX연구소 제강연구그룹 ,  , 강재연구소 제강연구그룹 , 강재연구소 제강연구그룹 , 강명훈 , 공정DX연구소 제강연구그룹 , 서성모 , (공정)제강공정-생산성향상기술 , 2026-08-31 , 기술축적 , 철강분야 , 정성효과 ,0,0,0,0,0,0,0,0,0,0,0,0,0,0,  ,  ,"499,156,000",0,  ,  ,0,0, 과제종결(완료평가) 
798,20249468, 현업과제 , 2024P050 , HMR 70% 기술 완성을 위한 300톤 상저취전로 process 개발 , 2024-01-15 , 2025-07-25 , 2025-08-04 ,"2,010,293,600","67,204,254,600","2,236,513,824",2,1, (포항)제강부 상저취전로기술개발TF팀 ,  , (포항)제강부 상저취전로기술개발TF팀 , (포항)제강부 상저취전로신설TF팀 , 신동엽 , (포항)제강부 , 송원용 , (공정)제강공정-대기기술 , 2027-08-02 , 기술축적 , 철강분야 , 정성효과 ,0,0,0,0,0,0,0,0,0,0,0,0,0,0,  ,  ,"2,010,293,600",0,  ,  ,0,0, 과제종결(단계완료평가) 
799,20249473, 미래기술과제 , 2024P145 , 제강공정 난제거 성분 정련 요소기술 개발 (3/3) , 2024-02-12 , 2025-02-28 , 2025-02-28 ,"1,366,439,864","1,366,439,864","1,608,884,615",1,1, 공정DX연구소 제강연구그룹 , (광양)전기로사업추진반 기술개발섹션 , 강재연구소 제강연구그룹 , 강재연구소 제강연구그룹 , 박정호 , 공정DX연구소 제강연구그룹 , 서성모 , (공정)제강공정-제품양산기술 , 2025-03-03 , 기술축적 , 철강분야 , 정성효과 ,0,0,0,0,0,0,0,0,0,0,0,0,0,0,  ,  ,"1,366,439,864",0,  ,  ,0,0, 과제종결(완료평가) 
800,20249478, 현업과제 , 2024P118 , 개재물성 주편 결함예측 AI 모델 고도화 기술 개발 , 2024-01-01 , 2024-12-27 , 2024-12-31 ,"1,834,038,712","1,834,038,712","1,610,034,280",1,1, 공정DX연구소 제강연구그룹 ,  , 강재연구소 제강연구그룹 , 강재연구소 제강연구그룹 , 조현진 , (광양)제강부 , 최등모 , (공정)제강공정-원가절감기술 , 2025-01-01 , 기술축적 , 철강분야 , 정량효과 ,0,"1,518,220,000",0,0,0,0,0,"1,258,415,616",0,0,0,0,0,0," 실수율/품질향상,원단위절감 "," - Non-S/F 처리를 통한 용삭량 저감으로 실수율 Loss 저감 : 용삭량비(4/250) * S/F평균 면적률(102%) * S/F저감량(100,000톤) * (FOB 판매단가 - 톤당 추가판매비용 - Scrap 단가)(771,088원/톤) = 1,258,415,616원/년 - Non-S/F 변동재료비 저감 : 톤당 변동재료비용(8,917원/톤) * S/F저감량(100,000톤) = 891,700,000원/년 - HCR에 따른 가열로 원단위 저감 : 톤당 1도 에너지 비용(13.8원/℃) * (HCR 열연장입 온도 - CCR 장입온도)(484-30) * S/F 저감량(100,000톤) = 626,520,000원/년 ","1,834,038,712","2,776,635,616",4,80,"11,106,542,464",6.06, 과제종결(완료평가) 
801,20249480, 현업과제 , 2024P124 , STS Slab Edge 저감 고도화를 위한 최적 공정 조건 도출 , 2024-01-01 , 2025-03-28 , 2025-04-04 ,"650,956,500","650,956,500","606,097,762",1,1, 공정DX연구소 제강연구그룹 ,  , 강재연구소 제강연구그룹 , 강재연구소 제강연구그룹 , 이형준 , (포항)STS제강부 , 조용석 , (공정)STS공정-원가절감기술 , 2025-04-01 , 기술축적 , 철강분야 , 정량효과 ,0,0,0,0,0,0,0,"610,555,500",0,0,0,0,0,0, 실수율/품질향상 ," 산출식 : *Slab 폭 요인 HAP 보류량(19.3천톤/년) x 개선율 (10%) x 400계 판매단가 (2,109천원/톤) x 결함재 판매 감가율 (15%) = 6.1억원/년 *Slab 폭 요인 HAP 보류 구분 : Slab Edge 및 폭불량 ","650,956,500","610,555,500",4,30,"2,442,222,000",3.75, 과제종결(완료평가) 
802,20249485, 현업과제 , 2024P130 , AI기반 STS 400계 실시간 냉각제어 기술개발 , 2024-01-01 , 2024-09-27 , 2024-09-10 ,"474,855,550","474,855,550","340,160,936",1,1, 공정DX연구소 제강연구그룹 ,  , 강재연구소 제강연구그룹 , 강재연구소 제강연구그룹 , 김지준 , (포항)STS제강부 , 조용석 , (공정)STS공정-생산성향상기술 , 2024-12-31 , 기술축적 , 철강분야 , 정량효과 ,0,0,0,0,0,0,0,"560,000,000",0,0,0,0,0,0, 실수율/품질향상 , Slab Edge 발생량 저감 에 의한 Trimming 감소(5.6억원) ,"474,855,550","560,000,000",3,75,"1,680,000,000",3.54, 과제종결(완료평가) 
803,20249490, 현업과제 , 2024P245 , 3ACL Welder 용접 상태 데이터 기반 품질 판정 및 Guide 모델 개발 , 2024-03-25 , 2025-08-29 , 2026-06-23 ,"446,584,800","446,584,800","591,351,327",1,1, 공정DX연구소 로봇AI연구그룹 ,  , 공정DX연구소 로봇AI연구그룹 , 공정DX연구소 로봇AI연구그룹 , 정상준 , (포항)전기강판부 , 한동현 , (공정)전기강판공정-생산성향상기술 , 2026-08-03 , 기타 , 철강분야 , 정성효과 ,0,0,0,0,0,0,0,0,0,0,0,0,0,0,  ,  ,"446,584,800",0,  ,  ,0,0, 과제종결(완료평가) 
804,20249493, 현업과제 , 2024P278 , 생석회 사전 수화반응을 통한 저온 소결반응 촉진기술 , 2024-07-01 , 2025-03-28 , 2025-03-30 ,"418,909,300","418,909,300","701,861,596",1,1, 공정DX연구소 제선연구그룹 ,  , 저탄소제철연구소 제선연구그룹 , 저탄소제철연구소 제선연구그룹 , 양영철 , (광양)제선부 , 손병연 , (공정)제선공정-생산성향상기술 , 2027-01-01 , 기술축적 , 철강분야 , 정량효과 ,"5,000,000,000",0,0,0,0,0,0,0,0,"3,180,000,000",0,0,0,0," 생산성향상,에너지절감 "," - 총 기대이익 : 81.8억원/년 1) 소결 총결합재비 Δ2.0kg/t-sinter 저감에 따른 원가 및 CO2 저감 효과(광 1소결, CO2저감량 ; 6.4kg-CO2/t-s) - 기대이익 = 소결광 총생산량(톤/년) x [결합재 저감량(0.5kg/톤) x 결합재비 단가(260.46원/kg) + CO2 저감량(1.6kg-CO2/톤) x CO2 단가(24원/kg-CO2) ] = 4,717,310톤/년 x [2.0kg/톤 x 260.46원/kg + 6.4kg-CO2/톤 x 24원/kg-CO2] = 24.6억원/년 + 7.2억원/년 = 31.8억원/년 2) 생산성 3t/m2.d(총생산량 489,085톤) 증대에 따른 소결광 고정비 저감 효과(광 1소결) - 기대이익 = 증대 총생산량 489,085 t-s x 고정비(10,224원/t-s) = 50억원/년 ","418,909,300","8,180,000,000",4,50,"32,720,000,000",78.11, 과제종결(완료평가) 
805,20249495, 현업과제 , 2024P251 , 블룸 표면 결함 탐상 시스템 기반 Hot scarfing 해제 기술 개발 , 2024-04-01 , 2025-06-27 , 2025-06-27 ,"1,407,875,100","1,407,875,100","1,616,269,557",1,1, 공정DX연구소 제강연구그룹 ,  , 강재연구소 제강연구그룹 , 강재연구소 제강연구그룹 , 손일헌 , (포항)품질기술부 , 안성수 , (공정)제강공정-원가절감기술 , 2026-01-01 , 기술축적 , 철강분야 , 정량효과 ,0,0,0,0,0,0,0,"874,000,000",0,0,0,0,0,0, 실수율/품질향상 ," 스카핑 생략에 따른 Fe Loss 저감액 (10,791원/톤) X ‘24년 Hot Scarfing 생략 목표량 (81천톤) = 874,000,000원/년 ","2,032,775,100","874,000,000",4,70,"3,496,000,000",1.72, 과제종결(완료평가) 
806,20249500, 현업과제 , 2024P262 , 2제강 RH 공정 자동화 기술개발 , 2024-06-03 , 2025-10-31 , 2025-11-14 ,"540,455,000","540,455,000","621,792,816",1,1, 공정DX연구소 로봇AI연구그룹 ,  , 공정DX연구소 제어계측연구그룹 , 공정DX연구소 제어계측연구그룹 , 허형준 , (광양)제강부 , 문호정 , (공정)제강공정-생산성향상기술 , 2026-01-05 , 기술축적 , 철강분야 , 정성효과 ,0,0,0,0,0,0,0,0,0,0,0,0,0,0,  ,  ,"540,455,000",0,  ,  ,0,0, 과제종결(완료평가) 
807,20249503, 미래기술과제 , 2024P103 , 전기로 투입 스크랩 영상 AI 모델 및 성분DB 구축 , 2024-01-01 , 2025-01-31 , 2025-01-22 ,"426,584,000","426,584,000","412,328,646",1,1, 공정DX연구소 로봇AI연구그룹 ,  , 공정연구소 제어계측연구그룹 , 공정연구소 제어계측연구그룹 , 이세호 , 공정연구소 제어계측연구그룹 , 김기원 , (철강기타)철강기타 , 2025-10-31 , 기술축적 , 철강분야 , 정성효과 ,0,0,0,0,0,0,0,0,0,0,0,0,0,0,  ,  ,"426,584,000",0,  ,  ,0,0, 과제종결(완료평가) 
808,20249512, 현업과제 , 2024P230 , STS3제강 AI 활용 AOD 자동취련 요소 기술 개발 , 2024-04-08 , 2024-10-04 , 2024-10-16 ,"348,140,000","348,140,000","330,568,808",1,1, 공정DX연구소 제강연구그룹 , (포항)STS제강부 기술개발섹션 , 강재연구소 제강연구그룹 , 강재연구소 제강연구그룹 , 정은주 , (포항)STS제강부 , 조용석 , (공정)STS공정-생산성향상기술 , 2024-11-29 , 기술축적 , 철강분야 , 정성효과 ,0,0,0,0,0,0,0,0,0,0,0,0,0,0,  ,  ,"348,140,000",0,  ,  ,0,0, 과제종결(완료평가) 
809,20249516, 현업과제 , 2024P091 , 열연 절판재 형상불량 저감을 위한 정정 평탄도 자동 제어 기술 개발 , 2024-01-22 , 2024-12-27 , 2024-12-24 ,"1,292,693,000","1,292,693,000","1,374,349,573",1,1, (광양)HyperNO프로젝트팀 ,  , 공정연구소 압연공정연구그룹 , 공정연구소 압연공정연구그룹 , 최대곤 , (광양)열연부 , 최석찬 , (공정)열연공정-불량율저감기술 , 2025-01-06 , 기술축적 , 철강분야 , 정량효과 ,"516,100,267",0,0,0,0,0,0,"463,526,588",0,0,0,0,0,0," 생산성향상,실수율/품질향상 "," 1. 광양 열연(K4H 2HSL, K3H 1HSL) 절판재 형상불량 Claim 개선 ○ K4H 2HSL = (개선전 - 개선후 형상불량 클레임 발생률) * 연간 4-2HSL 생산량 * 대상규격/Size 평균 Claim 처리비용 = (0.135 – 0.041) * 41,485ton * 115,086원 = 448,788,214.7[원/년] ○ K3H 1HSL = (개선전 - 개선후 형상불량 클레임 발생률) * 연간 3-1HSL 생산량 * 대상규격/Size 평균 Claim 처리비용 = (0.087 - 0.039) * 2,668ton * 115,086원 = 14,738,373.5[원/년] ∴ 기대효과 = 448,788,214.7 + 14,738,373.5 = 463,526,588.2[원/년] - 대상규격 : GS270M, JS-SM400A, JS-SPHC, JS-SS400 - 조건 : FHD/FHF & Z% & 2.2t이하 & (분기실적 55E or 34K 포함) / *기간 : ~3Q*1.33(4Q를 고려하여 환산) * `24년 생산량: 41,485톤(K4H 2HSL), 2,668톤(K3H 1HSL) · 평균 Claim 처리비용 : 115,086[원/톤] * `24년 Claim 발생량 : 1,684톤(4열연), 104톤(3열연) * `24년 Claim 발생율 : 4.1%(4열연), 3.9%(3열연) 2. 광양4열연 정정 2HSL 톤파워 향상에 따른 생산량 증가 ○ 개선 가능 증산량: 연간 단축 시간*톤 파워 증가량 = 작업시간[hr/년] * 실수율[%] * 작업률[%] * 톤파워[톤/hr] = 6780.16[hr/년] *(96.76/100) * (81.6/100) * (95-86.6) = 44968.22[톤/년] · 톤 파워: 86.6 [톤/hr] (`24년 3Q), 95.0 [톤/hr] (목표) * 작업시간: 6780.16 [hr/년] (`24년 3Q 누적*1.33) · 실수율: 96.76[%] (`24년 3Q), · 작업률: 81.6[%] (`24년 3Q) ○ 정정 고정가공비: 11,477 [원/톤] * 24년 3Q기준 ∴ 기대효과: ①개선 가능 증산량 x ②정정 고정비 = 516,100,267 [원/년] ※ Total = 463,526,588 + 516,100,267 = 979,626,855원/년 = 9.79억원/년 ","2,061,493,000","979,626,855",4,80,"3,918,507,420",1.9, 과제종결(완료평가) 
810,20249520, 현업과제 , 2024P024 , 4열연 마무리압연 하중변동 제어를 통한 윤활압연 확대적용 , 2024-01-01 , 2025-03-28 , 2025-04-09 ,"618,411,615","618,411,615","713,749,866",1,1, 기술전략실 열연설비경쟁력강화TF팀 ,  , 공정연구소 압연공정연구그룹 , 공정연구소 압연공정연구그룹 , 홍완기 , (광양)열연부 , 김종성 , (공정)열연공정-원가절감기술 , 2025-04-16 , 기술축적 , 철강분야 , 정량효과 ,0,"925,219,488",0,0,0,0,0,0,0,0,0,0,0,0, 원단위절감 ," 롤 마모 원단위 개선 -0.0455kg/ton*33,335원/kg*4,500,000ton*5.69%(감소율)*51%(대상재 점유율) = 198,064,578 전력원단위 개선 - 4,500,000ton*33%(FM전력사용비)*118kWh*143원/kWh*5.69%(전력감소율)*51%(대상재점유율) = 727,154,910 ","618,411,615","925,219,488",4,80,"3,700,877,952",5.98, 과제종결(완료평가) 
811,20249525, 현업과제 , 2024P067 , STS4제강 VOD/LT One touch 조업을 위한 요소 기술 개발 , 2024-01-01 , 2025-05-30 , 2025-06-13 ,"821,038,377","821,038,377","901,819,199",1,1, 공정DX연구소 제강연구그룹 ,  , 강재연구소 제강연구그룹 , 강재연구소 제강연구그룹 , 한승민 , (포항)STS제강부 , 조용석 , (공정)STS공정-생산성향상기술 , 2025-07-01 , 기술축적 , 철강분야 , 정성효과 ,0,0,0,0,0,0,0,0,0,0,0,0,0,0,  ,  ,"821,038,377",0,  ,  ,0,0, 과제종결(완료평가) 
812,20249533, 현업과제 , 2024P134 , 성분 정밀제어를 위한 용강량 정합성 고도화 기술 개발(1/2) , 2024-01-01 , 2024-09-27 , 2024-10-02 ,"1,075,530,000","1,075,530,000","1,092,846,230",1,1, 공정DX연구소 제강연구그룹 , (광양)제강부 2제강공장 , 강재연구소 제강연구그룹 , 강재연구소 제강연구그룹 , 서창우 , (광양)제강부 , 최등모 , (공정)제강공정-원가절감기술 , 2024-10-07 , 기술축적 , 철강분야 , 정성효과 ,0,0,0,0,0,0,0,0,0,0,0,0,0,0,  ,  ,"1,075,530,000",0,  ,  ,0,0, 과제종결(완료평가) 
813,20249538, 현업과제 , 2024P138 , 2FINEX Steel Grid 상태 진단 및 설비강건화 기술 개발 , 2024-02-05 , 2024-11-01 , 2024-11-07 ,"402,936,600","402,936,600","536,266,364",1,1, 미래철강연구소 수소환원제철연구그룹 , HyREX추진반 , 저탄소제철연구소 수소환원연구그룹 , 저탄소제철연구소 수소환원연구그룹 , 김도형 , (포항)FINEX부 , 김태훈 , (공정)제선공정-생산성향상기술 , 2024-12-31 , 기술축적 , 철강분야 , 정성효과 ,0,0,0,0,0,0,0,0,0,0,0,0,0,0,  ,  ,"402,936,600",0,  ,  ,0,0, 과제종결(완료평가) 
814,20249543, 미래기술과제 , 2024P063 , 유동층 방식 청록수소 제조공정 기본설계 , 2024-01-01 , 2025-04-25 , 2025-07-29 ,"1,362,065,600","1,362,065,600","1,890,519,383",1,1, 미래철강연구소 차세대철강연구그룹 ,  , 공정연구소 철강엔지니어링연구그룹 , 공정연구소 철강엔지니어링연구그룹 , 시성규 , 공정연구소 철강엔지니어링연구그룹 , 황종연 , (공정)제선공정-에너지기술 , 2026-12-31 , 기타 , 철강분야 , 정성효과 ,0,0,0,0,0,0,0,0,0,0,0,0,0,0,  ,  ,"1,362,065,600",0,  ,  ,0,0, 과제종결(완료평가) 
815,20249552, 현업과제 , 2024P049 , 4열연 권취 코일 전도 방지를 위한 CCTV 기반 코일 센터링 측정 기술 개발 , 2024-01-08 , 2025-01-24 , 2025-10-01 ,"548,738,000","548,738,000","682,431,925",1,1, 공정DX연구소 로봇AI연구그룹 ,  , 공정DX연구소 제어계측연구그룹 , 공정DX연구소 제어계측연구그룹 , 공남웅 , (광양)열연부 , 김종성 , (엔지니어링)제어계측-Smart solution기술(AI/Big Data/IoT) , 2025-09-01 , 기술축적 , 철강분야 , 정량효과 ,"59,000,000",0,0,"42,000,000",0,0,0,0,0,0,0,0,0,0," 생산성향상,자재수명향상 "," Coil 전도 발생에 따른 Line 정지 및 파손설비 복구비용 저감 ① 비가동시간(3.4시간) × Ton/Hr(698) × 작업률(84%) × 압연 고정가공비(29,630원/톤) = 59백만원/년 ② S-car 유압 Motor 구매비용 = 42백만원/년 ","548,738,000","101,000,000",4,100,"404,000,000",0.74, 과제종결(완료평가) 
816,20249555, 미래기술과제 , 2024P141 , 노체 설계 기술 향상을 위한 포항4고로 정량적 해체조사 기술 , 2024-01-01 , 2024-08-30 , 2024-08-29 ,"897,127,825","897,127,825","526,855,189",1,1, 공정DX연구소 압연엔지니어링연구그룹 ,  , 공정연구소 철강엔지니어링연구그룹 , 공정연구소 철강엔지니어링연구그룹 , 이형정 , 공정연구소 철강엔지니어링연구그룹 , 황종연 , (엔지니어링)제어계측-원가절감기술 , 2025-03-28 , 기술축적 , 철강분야 , 정성효과 ,0,0,0,0,0,0,0,0,0,0,0,0,0,0,  ,  ,"897,127,825",0,  ,  ,0,0, 과제종결(완료평가) 
817,20249567, 현업과제 , 2024P003 , 3FINEX 수소함량 증대를 위한 30만톤 HyREX 시험플랜트 수소제조설비 활용 기술 개발 , 2024-01-15 , 2024-09-27 , 2024-09-25 ,"717,468,000","717,468,000","821,616,593",1,1, 미래철강연구소 수소환원제철연구그룹 ,  , 저탄소제철연구소 수소환원연구그룹 , 저탄소제철연구소 수소환원연구그룹 , 윤시경 , (포항)FINEX부 , 김태훈 , (공정)제선공정-생산성향상기술 , 2026-01-01 , 조업/기술경영자료 , 철강분야 , 정성효과 ,0,0,0,0,0,0,0,0,0,0,0,0,0,0,  ,  ,"717,468,000",0,  ,  ,0,0, 과제종결(완료평가) 
818,20249568, 현업과제 , 2024P275 , 후판 냉각대 출측소재 사행정렬 자동화 기술 개발 , 2024-06-24 , 2025-09-26 , 2025-10-03 ,"428,084,000","428,084,000","557,006,438",1,1, 공정DX연구소 로봇AI연구그룹 ,  , 공정DX연구소 제어계측연구그룹 , 공정DX연구소 제어계측연구그룹 , 김경식 , (광양)후판부 , 김광천 , (공정)후판공정-생산성향상기술 , 2025-12-25 , 기술축적 , 철강분야 , 정량효과 ,"100,971,360",0,0,0,0,0,0,0,0,0,0,0,0,0, 생산성향상 ," 생산성 x 연간 추가생산 시간 x 고정가공비 x 자동화 사행발생율 x 실수율 = 360Ton/hr x 21hr/년 x 74,200원/Ton x 20% x 90% = 100,971,360 원/년 ","428,084,000","100,971,360",4,100,"403,885,440",0.94, 과제종결(완료평가) 
819,20249575, 현업과제 , 2024P105 , 4열연 1HSL 표면 결함 검출 기술 개발 , 2024-01-01 , 2025-04-25 , 2026-02-03 ,"889,332,000","889,332,000","1,136,760,038",1,1, 공정DX연구소 로봇AI연구그룹 ,  , 공정DX연구소 로봇AI연구그룹 , 공정DX연구소 로봇AI연구그룹 , 공남웅 , (광양)열연부 , 기호중 , (엔지니어링)제어계측-Smart solution기술(AI/Big Data/IoT) , 2026-02-02 , 기술축적 , 철강분야 , 정량효과 ,0,0,0,0,0,0,0,0,0,0,0,"430,000,000",0,0, 자동화에의한인력합리 , - 노무비 절감 = ’22년 기준 평균 연봉 1.08억원/년 ＊ 4개조 각 1명 제외 = 4.3억원/년 ,"889,332,000","430,000,000",4,100,"1,720,000,000",1.93, 과제종결(완료평가) 
820,20249579, 현업과제 , 2024P270 , 전로 고철 장입시 경동 자동화 기술개발 , 2024-06-17 , 2025-11-21 , 2026-03-26 ,"643,679,800","643,679,800","754,392,092",1,1, 공정DX연구소 로봇AI연구그룹 ,  , 공정DX연구소 로봇AI연구그룹 , 공정DX연구소 로봇AI연구그룹 , 허형준 , (광양)제강부 , 문호정 , (공정)제강공정-생산성향상기술 , 2027-04-05 , 기술축적 , 철강분야 , 정성효과 ,0,0,0,0,0,0,0,0,0,0,0,0,0,0,  ,  ,"643,679,800",0,  ,  ,0,0, 과제종결(완료평가) 
821,20249580, 현업과제 , 2024P269 ," 2제강 전로 Slag 중간배재 최적화에 따른 온도, 성분제어 기술 개발 ", 2024-06-17 , 2025-11-21 , 2025-11-30 ,"585,336,000","585,336,000","571,198,643",1,1, 공정DX연구소 제강연구그룹 , (광양)제강부 2제강공장 , 강재연구소 제강연구그룹 , 강재연구소 제강연구그룹 , 한웅희 , (광양)제강부 , 문호정 , (공정)제강공정-생산성향상기술 , 2025-12-22 , 기술축적 , 철강분야 , 정성효과 ,0,0,0,0,0,0,0,0,0,0,0,0,0,0,  ,  ,"585,336,000",0,  ,  ,0,0, 과제종결(완료평가) 
822,20249581, 현업과제 , 2024P268 , 2제강 전로 최종배재/코팅공정 최적화 기술개발 , 2024-06-17 , 2025-11-21 , 2026-03-26 ,"806,248,000","806,248,000","873,700,477",1,1, 공정DX연구소 로봇AI연구그룹 ,  , 공정DX연구소 로봇AI연구그룹 , 공정DX연구소 로봇AI연구그룹 , 김원경 , (광양)제강부 , 문호정 , (엔지니어링)제어계측-Smart solution기술(AI/Big Data/IoT) , 2026-06-30 , 기술축적 , 철강분야 , 정성효과 ,0,0,0,0,0,0,0,0,0,0,0,0,0,0,  ,  ,"806,248,000",0,  ,  ,0,0, 과제종결(완료평가) 
823,20249589, 현업과제 , 2024P102 , CDQ 기둥연와 형상 변경 유동해석 및 dust 포집 증대 기술 개발 , 2024-01-01 , 2024-12-27 , 2025-01-22 ,"440,852,400","440,852,400","494,365,233",1,1, 공정DX연구소 제선연구그룹 ,  , 저탄소제철연구소 제선연구그룹 , 저탄소제철연구소 제선연구그룹 , 김종호 , (광양)화성부 , 유재홍 , (공정)제선공정-생산성향상기술 , 2025-01-06 , 기술축적 , 철강분야 , 정량효과 ,0,0,0,0,0,0,0,0,0,"259,501,000",0,0,0,0, 에너지절감 , CDQ 수리기간 단축에 따른 전력/저압steam 생산 증대율: [9.9MWh(평균 발전용량)*84.1원/kWh(전력단가)*1000kWh/1MWh+99.3ton/hr(평균저압steam발생량)*29632.6원/ton(저압steam단가)-3.5MWh(CDQ소비전력사용량)*83.2원/kWh(사용전력단가)]*24hr/d*1.5d/yr(수리기간단축)=2.60억원/년 ,"440,852,400","259,501,000",2,50,"519,002,000",1.18, 과제종결(완료평가) 
824,20249590, 현업과제 , 2024P002 , 4냉연 2CAL RCS 노압 및 RHS I/H 자동 제어기술 개발 , 2024-01-08 , 2025-03-28 , 2025-03-27 ,"349,618,000","349,618,000","410,489,150",1,1, 공정DX연구소 압연엔지니어링연구그룹 ,  , 공정연구소 압연공정연구그룹 , 공정연구소 압연공정연구그룹 , 이규택 , (광양)냉연부 , 정순학 , (공정)냉연공정-생산성향상기술 , 2025-04-14 , 기술축적 , 철강분야 , 정량효과 ,0,0,0,0,0,0,0,0,0,"148,000,000",0,0,0,"900,000,000"," 에너지절감,기타 "," [1] 질소 투입량 저감에 따른 에너지 절감 효과 절감 비용 산출식 = (6000(개선전)-5518(개선후)) 질소 투입량 × 60(질소단가)× 24hr × 365일 × 0.85(가동율) × 0.685(일반강 비율) = 148백만원 (AHSS강 확대시 215백만원) [2] Furnace 폭발시 10일 휴지 고정 가공비 발생 방지(복구 비용 제외) 고정 가공비 산출식 = 2,412톤(일일 처리량) × 10일 × 36928.4원/톤 (’24년 고정가공비) + 50톤(노내 정체코일) ×(783,410 – 571,271)원/톤(CR한계원가-Scrap단가) = 901백만원 [3] 재가열대(RHS) I/H 온도 편차 저감으로 Mart강 품질 개선 : Mart강 품질 인증 기여(~’25) RHS 자동제어를 통한 균일 템퍼링 적용으로 고YS/HER 확보 용이 - Tesla, Ford 등 고YS(>1300MPa) 요청 고객사向 공정능력 상승 기대(인증 진행 中, ~'25) - 균일 템퍼드마르텐사이트 형성을 통한 상간경도차 저감으로(Mart <-> Tempered Mart.) HER 상승 효과 ","349,618,000","1,048,000,000",4,30,"4,192,000,000",11.99, 과제종결(완료평가) 
825,20249591, 현업과제 , 2024P156 , STS 2냉연 TRM 단압범위 확대 및 용접부 압연통판 제어기술 , 2024-01-01 , 2025-02-28 , 2025-03-11 ,"206,024,000","206,024,000","313,817,046",1,1, 공정DX연구소 로봇AI연구그룹 ,  , 공정연구소 제어계측연구그룹 , 공정연구소 제어계측연구그룹 , 강현석 , (포항)STS압연부 , 유병철 , (공정)STS공정-원가절감기술 , 2025-03-03 , 기술축적 , 철강분야 , 정량효과 ,"150,000,000","1,590,000,000",0,0,0,0,0,"70,000,000",0,0,0,0,0,0," 생산성향상,실수율/품질향상,원단위절감 "," 1) 400계 단압범위 확대: 6.6억원/년 400계 단압 변동비: 44,613원/톤, 400계 재압 변동비: 91,429원/톤, 전환량: 14,000톤/년 2) 300계 단압범위 확대: 7.3억원/년 300계 단압 변동비: 42,942원/톤, 300계 재압 변동비: 94,846원/톤, 전환량: 14,000톤/년 3)TRM BA 생산으로 인한 원단위 절감 4)이강종 용접부 압연 고정비 절감/실수율 향상 (1) 고정비절감: 1.5억원/년 TRM 고정비: 37,873원/톤, 증산량: 3,900원톤/년 (2) Scrap 저감: 0.7억원/년 Scrap 저감: 56톤/년, 실수율 감가 1,266,667원/톤 ","206,024,000","1,810,000,000",4,100,"7,240,000,000",35.14, 과제종결(완료평가) 
826,20249593, 미래기술과제 , 2024P001 , 철강공정 부생가스 내 CO2 활용 중조생산 CCU 기술 개발 , 2024-01-01 , 2024-08-30 , 2024-09-02 ,"426,600,000","426,600,000","449,782,800",1,1, 미래철강연구소 차세대철강연구그룹 ,  , 공정연구소 철강엔지니어링연구그룹 , 공정연구소 철강엔지니어링연구그룹 , 박경태 , 공정연구소 철강엔지니어링연구그룹 , 황종연 , (엔지니어링)열유체-원가절감기술 , 2025-04-01 , 기술축적 , 철강분야 , 정성효과 ,0,0,0,0,0,0,0,0,0,0,0,0,0,0,  ,  ,"426,600,000",0,  ,  ,0,0, 과제종결(완료평가) 
827,20249597, 현업과제 , 2024P287 , 2냉연 ZRM 전강재 생산성 향상을 위한 압연 제어성 향상 기술개발 , 2024-07-22 , 2025-09-26 , 2025-10-29 ,"355,420,000","355,420,000","190,777,246",1,1, 공정DX연구소 로봇AI연구그룹 , (광양)냉연부 기술개발섹션 , 공정DX연구소 제어계측연구그룹 , 공정DX연구소 제어계측연구그룹 , 박정훈 , (광양)전기강판부 , 이정문 , (공정)냉연공정-생산성향상기술 , 2025-10-24 , 기술축적 , 철강분야 , 정량효과 ,"1,290,000,000",0,0,0,0,0,0,"1,360,000,000",0,0,0,0,0,0," 생산성향상,실수율/품질향상 "," *(두께품질 부적합 저감 9.3억원/년) + **(생산성 향상 12.9억원/년) + ***(실수율 개선 4.3억원/년) *두께품질 부적합 저감 = (두께품질 부적합 저감 119.8Ton/분기) x (‘25 상반기Hyper NO 제조원가2,521천원/톤 – Scrap가455천원/톤) x (ACL 실수율93.9%) **생산성 : (T/hr 개선 1.0) x 실수율( 0.93 ) x 연 작업시간 4000시간 x 톤당가공비 ***실수율 : 개선전후 차이 4.8% x 개선후 처리량 (년) 82000 x 톤당가공비 ","355,420,000","2,650,000,000",4,50,"10,600,000,000",29.82, 과제종결(완료평가) 
828,20249600, 현업과제 , 2024P153 , 3후판 형상 개선을 위한 On-Line교정기 다기능화로 냉간 교정률 저감 , 2024-02-19 , 2025-06-13 , 2025-12-16 ,"467,553,576","467,553,576","585,512,156",1,1, 미래철강연구소 차세대철강연구그룹 ,  , 공정DX연구소 철강엔지니어링연구그룹 , 공정DX연구소 철강엔지니어링연구그룹 , 정영진 , (포항)후판부 , 박충재 , (공정)후판공정-불량율저감기술 , 2025-12-19 , 기업이미지제고 , 철강분야 , 정량효과 ,0,0,0,0,0,0,"1,700,000,000",0,0,0,0,0,0,0, 신수요창출 , 저온인성 보증 고경도 내마모강(AR450L/AR500L) 신수요 창출 5천톤/년 x 영업이익 340천원/톤 =17억원/년 ,"467,553,576","1,700,000,000",2,20,"3,400,000,000",7.27, 과제종결(완료평가) 
829,20249606, 미래기술과제 , 2024P133 , 용선물류 개선위한 TLC 전동화 기반기술 개발 , 2024-01-01 , 2024-11-29 , 2024-12-05 ,"981,256,000","981,256,000","712,299,234",1,1, 공정DX연구소 로봇AI연구그룹 , 환경에너지기획실 기후에너지그룹 , 공정연구소 제어계측연구그룹 , 공정연구소 제어계측연구그룹 , 정원철 , 공정연구소 제어계측연구그룹 , 김기원 , (엔지니어링)제어계측-Smart solution기술(AI/Big Data/IoT) , 2024-12-31 , 기술축적 , 철강분야 , 정량효과 ,"1,540,000,000",0,0,0,0,0,0,0,0,0,0,0,0,0, 생산성향상 ," TLC Cycle Time △177분, 용선온도 +57℃ Save로 조강증산 397천톤*195천원/톤=773억원/년 * 기여율 2% ※ 2030년도 전동TLC 확대적용 완료시점 기준 ","981,256,000","1,540,000,000",4,100,"6,160,000,000",6.28, 과제종결(완료평가) 
830,20249612, 현업과제 , 2024P166 , ZRM-ACL 연계 구동모터용 Hyper NO 평탄도 제어 기술 개발 , 2024-02-26 , 2025-06-27 , 2025-07-03 ,"598,826,000","598,826,000","554,921,118",1,1, 공정DX연구소 압연엔지니어링연구그룹 ,  , 공정연구소 압연공정연구그룹 , 공정연구소 압연공정연구그룹 , 이규택 , (포항)전기강판부 , 한동현 , (공정)전기강판공정-불량율저감기술 , 2025-07-01 , 기술축적 , 철강분야 , 정성효과 ,0,0,0,0,0,0,0,0,0,0,0,0,0,0,  ,  ,"598,826,000",0,  ,  ,0,0, 과제종결(완료평가) 
831,20249613, 현업과제 , 2024P181 , 후판 극후물 TMCP 생산성 향상을 위한 가속냉각 자동화 기술 개발 , 2024-03-04 , 2025-03-28 , 2025-07-31 ,"399,634,900","399,634,900","598,581,353",1,1, 공정DX연구소 압연엔지니어링연구그룹 , (광양)열연부 후판기술개발섹션 , 공정연구소 철강엔지니어링연구그룹 , 공정연구소 철강엔지니어링연구그룹 , 류성룡 , (광양)후판부 , 김광천 , (공정)후판공정-원가절감기술 , 2025-07-01 , 기술축적 , 철강분야 , 정량효과 ,"82,000,000",0,0,0,0,0,0,0,0,0,0,0,0,0, 생산성향상 , (개선 후 증산 시간) * 압연 생산성 * 실수율 * 고정가공비 (24년) = (3.38Hr/년) * 400 T/Hr * 0.905 * 67000 원/톤 = 82백만원/년 ,"399,634,900","82,000,000",4,100,"328,000,000",0.82, 과제종결(완료평가) 
832,20249632, 현업과제 , 2024P272 , 고수익강 생산 위한 3-3연주기 세그먼트 기술 개발 , 2024-06-24 , 2025-08-15 , 2025-09-11 ,"723,123,720","723,123,720","910,928,197",1,1, 공정DX연구소 압연엔지니어링연구그룹 ,  , 공정DX연구소 철강엔지니어링연구그룹 , 공정DX연구소 철강엔지니어링연구그룹 , 신민철 , (포항)제강부 , 송원용 , (엔지니어링)기계설비-원가절감기술 , 2026-01-01 , 기술축적 , 철강분야 , 정량효과 ,0,0,0,0,0,0,0,0,0,0,0,0,0,"5,500,000,000", 기타 ," (Engineering fee 저감) 세그먼트 및 냉각 자력 설계에 따른, 설계비용 저감 55억원 (고정가공비 금액절감) * 산출식: 고정가공비 금액절감 = 개선 전 해당 비용–개선 후 해당 비용 = 432억 원 – 377억 원 = 55억원 - 개선 전 해당 비용: Segment 설비비 = 432억 원 - 개선 후 해당 비용: Segment 설비비에서 Engineering fee 제외 = 432억 원 x (100-12.8)% = 377억 원 ※ 12.8%는 2015년 SMS와 수강진탕 Pjt 협업 당시, Segment와 Inductive heater에 대한 Engineering fee 요율 ","723,123,720","5,500,000,000",1,100,"5,500,000,000",7.61, 과제종결(완료평가) 
833,20249634, 현업과제 , 2024P112 , 저원가 PCM 활용 25PNX1250F 제조기술 개발 , 2024-01-08 , 2024-11-01 , 2024-11-13 ,"411,116,500","411,116,500","247,211,806",1,1, (포항)전력용전기강판프로젝트팀 ,  , 강재연구소 전기전자연구그룹 , 강재연구소 전기전자연구그룹 , 한규석 , (광양)품질기술부 , 이철영 , (공정)전기강판공정-원가절감기술 , 2026-01-01 , 기술축적 , 철강분야 , 정성효과 ,0,0,0,0,0,0,0,0,0,0,0,0,0,0,  ,  ,"411,116,500",0,  ,  ,0,0, 과제종결(완료평가) 
834,20249636, 현업과제 , 2024P066 , API ERW X52 강관 조관후 T/L방향 상온 및 고온 강도 변화 예측 기술 개발 , 2024-05-06 , 2025-05-02 , 2025-05-21 ,"498,828,000","498,828,000","576,074,134",1,1, 솔루션연구소 강건재솔루션연구그룹 ,  , 철강솔루션연구소 구조연구그룹 , 철강솔루션연구소 구조연구그룹 , 강수창 , 마케팅전략실 솔루션기획그룹 , 이종민 , (이용)강구조 , 2025-08-01 , 철강신수요창출 , 철강분야 , 정량효과 ,0,0,0,0,0,0,"500,000,000",0,0,0,0,0,0,0, 신수요창출 , 10천톤/년*5만원/톤 영업이익= 5억원/년 ,"498,828,000","500,000,000",4,40,"2,000,000,000",4.01, 과제종결(완료평가) 
835,20249651, 현업과제 , 2024P185 , 원료파일 밀폐설비 구조물 상세설계 및 평가 , 2024-03-04 , 2025-08-29 , 2025-10-04 ,"840,918,600","840,918,600","844,872,371",1,1, 솔루션연구소 강건재솔루션연구그룹 ,  , 철강솔루션연구소 구조연구그룹 , 철강솔루션연구소 구조연구그룹 , 이승은 , (포항)제선부 , 김성연 , (공정)제선공정-대기기술 , 2026-01-30 , 기타 , 철강분야 , 정성효과 ,0,0,0,0,0,0,0,0,0,0,0,0,0,0,  ,  ,"840,918,600",0,  ,  ,0,0, 과제종결(완료평가) 
836,20249653, 현업과제 , 2024P184 , 원료파일 밀폐화 실증 설비 기술 개발 , 2024-03-04 , 2025-11-28 , 2025-12-05 ,"21,872,573,800","21,872,573,800","7,961,196,290",1,1, 공정DX연구소 압연엔지니어링연구그룹 ,  , 공정DX연구소 철강엔지니어링연구그룹 , 공정DX연구소 철강엔지니어링연구그룹 , 김구화 , (포항)제선부 , 김성연 , (공정)제선공정-대기기술 , 2026-12-26 , 법/제도규제대응 , 철강분야 , 정량효과 ,0,0,0,0,0,0,0,0,0,0,0,0,"800,000,000,000",0, 환경비용절감 ," 재무성과 금액 : 251.3 억원/년 (기대이익) - 경제적 원료야드 밀폐설비 기술 개발로 환경 투자비 절감 - 철광석 야드 밀폐화 투자비 1.3 → 0.5조원(8000억원 절감) - 지속년수 15년, 기여율 50% (투엔실 50%, 연구원 50%) - 직접발생비용 : 총연구비/지속년수 = 230억원/15년 = 15.3억원/년 재무성과 = 연간기대이익 –직접발생비용 = 8000억원/15년 * 0.5 – 15.3억원/년 = 251.3억원/년 ","41,272,573,800","800,000,000,000",1,10,"800,000,000,000",19.38, 과제종결(완료평가) 
837,20249661, 현업과제 , 2024P144 , PosMAC1.5 탈지성 개선 제품 개발 , 2024-02-05 , 2024-10-25 , 2024-11-25 ,"649,444,000","1,588,519,400","965,121,228",2,1, 제품연구소 표면연구그룹 ,  , 자동차소재연구소 표면연구그룹 , 자동차소재연구소 표면연구그룹 , 이동열 , 자동차소재마케팅실 자동차소재솔루션그룹 , 이윤한 , (제품)표면처리제품-선도제품개발기술 , 2026-01-02 , 철강신수요창출 , 철강분야 , 정성효과 ,0,0,0,0,0,0,0,0,0,0,0,0,0,0,  ,  ,"649,444,000",0,  ,  ,0,0, 과제종결(단계완료평가) 
838,20249668, 미래기술과제 , 2024P171 , 노체 현열 data transformation을 활용한 Smart 노체관리 시스템 개발을 위한 기반연구 , 2024-03-04 , 2025-05-30 , 2025-05-29 ,"674,705,564","674,705,564","900,468,639",1,1, 공정DX연구소 제강연구그룹 ,  , 강재연구소 제강연구그룹 , 강재연구소 제강연구그룹 , 조승현 , 공정DX연구소 제강연구그룹 , 서성모 , (공정)제강공정-에너지기술 , 2025-07-01 , 기술축적 , 철강분야 , 정성효과 ,0,0,0,0,0,0,0,0,0,0,0,0,0,0,  ,  ,"674,705,564",0,  ,  ,0,0, 과제종결(완료평가) 
839,20249670, 미래기술과제 , 2024P162 , 300ton 상저취전로 분체 취입설비 설계를 위한 엔지니어링 데이터 확보 , 2024-03-04 , 2025-02-28 , 2025-03-04 ,"942,184,000","942,184,000","1,048,137,993",1,1, (포항)제강부 상저취전로기술개발TF팀 ,  , 저탄소제철연구소 전기로연구그룹 , 저탄소제철연구소 전기로연구그룹 , 윤상현 , 저탄소제철연구소 전기로연구그룹 , 박재훈 , (공정)제강공정-에너지기술 , 2026-07-01 , 기술축적 , 철강분야 , 정성효과 ,0,0,0,0,0,0,0,0,0,0,0,0,0,0,  ,  ,"942,184,000",0,  ,  ,0,0, 과제종결(완료평가) 
840,20249671, 현업과제 , 2024P127 , 기가급 강재용 냉연 CAL Side Trimmer 공정 모델 및 재질 개발 , 2024-02-05 , 2025-02-28 , 2025-02-18 ,"619,849,300","619,849,300","965,223,363",1,1, 제품연구소 표면연구그룹 ,  , 자동차소재연구소 표면연구그룹 , 자동차소재연구소 표면연구그룹 , 홍석준 , (광양)냉연부 , 정순학 , (공정)냉연공정-불량율저감기술 , 2025-03-01 , 기술축적 , 철강분야 , 정량효과 ,0,"2,978,760,138",0,0,0,0,0,0,0,0,0,0,0,0, 원단위절감 ," RCL 차공정 생략 - 980급 : 35,780원/T(RCL 공정생략) X 60,821.1T/Y (연간 생산량) = 2,176,178,958원 - 1180급 : 35,780원/T(RCL 공정생략) X 22,431T/Y (연간 생산량) = 802,581,180원 ","619,849,300","2,978,760,138",4,50,"11,915,040,552",19.22, 과제종결(완료평가) 
841,20249683, 미래기술과제 , 2024P265 , 고강도 신형식 송배전 철탑 부재 설계 및 제작기술 개발 , 2024-06-03 , 2025-07-18 , 2025-07-18 ,"646,211,000","646,211,000","757,881,750",1,1, 솔루션연구소 강건재솔루션연구그룹 ,  , 철강솔루션연구소 구조연구그룹 , 철강솔루션연구소 구조연구그룹 , 이동섭 , 철강솔루션연구소 구조연구그룹 , 박찬희 , (이용)강구조 , 2027-12-31 , 철강신수요창출 , 철강분야 , 정성효과 ,0,0,0,0,0,0,0,0,0,0,0,0,0,0,  ,  ,"646,211,000",0,  ,  ,0,0, 과제종결(완료평가) 
842,20249685, 미래기술과제 , 2024P217 , 에어컨 냉매 설치 배관용 PossFD 친환경 고주파 브레이징 용접기술 개발 , 2024-03-25 , 2025-02-28 , 2025-02-25 ,"534,952,000","534,952,000","520,636,116",1,1, 솔루션연구소 강재솔루션연구그룹 ,  , 철강솔루션연구소 접합연구그룹 , 철강솔루션연구소 접합연구그룹 , 이원배 , 철강솔루션연구소 접합연구그룹 , 홍승갑 , (이용)접합 , 2025-08-29 , 고객기술지원 , 철강분야 , 정성효과 ,0,0,0,0,0,0,0,0,0,0,0,0,0,0,  ,  ,"534,952,000",0,  ,  ,0,0, 과제종결(완료평가) 
843,20249690, 미래기술과제 , 2024P192 , 구동모터용 선재 신선 및 열처리 조건 최적화 기술 개발 , 2024-03-11 , 2024-12-06 , 2024-12-12 ,"508,688,600","508,688,600","624,260,780",1,1, 제품연구소 InoCast특화제품개발TF팀 ,  , 강재연구소 열연선재연구그룹 , 강재연구소 열연선재연구그룹 , 김관호 , 제품연구소 열연선재후판연구그룹 , 고성웅 , (제품)선재제품-선도제품개발기술 , 2025-01-01 , 철강신수요창출 , 철강분야 , 정성효과 ,0,0,0,0,0,0,0,0,0,0,0,0,0,0,  ,  ,"508,688,600",0,  ,  ,0,0, 과제종결(완료평가) 
844,20249704, 미래기술과제 , 2024P161 , 크로메이트 및 경쟁사 초월 품질의 용융아연도금강판용 Cr-free 코팅제품 개발 , 2024-03-04 , 2025-02-28 , 2025-03-05 ,"288,746,600","288,746,600","735,731,357",1,1, (포항)신재생에너지용PosMAC프로젝트팀 ,  , 자동차소재연구소 표면연구그룹 , 자동차소재연구소 표면연구그룹 , 조수현 , 제품연구소 표면연구그룹 , 남경훈 , (제품)표면처리제품-선도제품개발기술 , 2026-06-30 , 기술축적 , 철강분야 , 정성효과 ,0,0,0,0,0,0,0,0,0,0,0,0,0,0,  ,  ,"288,746,600",0,  ,  ,0,0, 과제종결(완료평가) 
845,20249708, 미래기술과제 , 2024P235 , 디지털트윈 이용 HyREX 데모플랜트 가상 팩토리 구축 기술 개발 , 2024-04-08 , 2024-12-27 , 2024-11-28 ,"503,156,000","503,156,000","423,532,775",1,1, 솔루션연구소 강건재솔루션연구그룹 ,  , 철강솔루션연구소 구조연구그룹 , 철강솔루션연구소 구조연구그룹 , 이승은 , 철강솔루션연구소 구조연구그룹 , 박찬희 , (이용)강구조 , 2024-12-30 , 기술축적 , 철강분야 , 정성효과 ,0,0,0,0,0,0,0,0,0,0,0,0,0,0,  ,  ,"503,156,000",0,  ,  ,0,0, 과제종결(완료평가) 
846,20249710, 미래기술과제 , 2024P290 , 청록수소 반응 조건에 따른 고체탄소 특성 제어 , 2024-07-22 , 2025-10-17 , 2025-10-21 ,"562,428,000","562,428,000","787,454,974",1,1, 미래철강연구소 차세대철강연구그룹 ,  , 공정DX연구소 철강엔지니어링연구그룹 , 공정DX연구소 철강엔지니어링연구그룹 , 박상현 , 공정DX연구소 엔지니어링연구그룹 , 김신일 , (신성장)수소 , 2026-12-01 , 기술축적 , 신성장분야 , 정성효과 ,0,0,0,0,0,0,0,0,0,0,0,0,0,0,  ,  ,"562,428,000",0,  ,  ,0,0, 과제종결(완료평가) 
847,20249711, 현업과제 , 2024P211 , 일본 건축향 내진 각관용 YP 325MPa급 및 내진 강관용 YP 385MPa급 제품 개발 , 2024-03-25 , 2025-07-25 , 2025-09-19 ,"512,774,000","512,774,000","985,452,924",1,1, 제품연구소 열연선재후판연구그룹 ,  , 강재연구소 에너지조선연구그룹 , 강재연구소 에너지조선연구그룹 , 조재영 , 글로벌제품기술실 열연제품기술그룹 , 이정희 , (제품)후판제품-선도제품개발기술 , 2025-10-10 , 철강신수요창출 , 철강분야 , 정량효과 ,0,0,0,0,0,0,"900,000,000",0,0,0,0,0,0,0, 신수요창출 , JS-SN490B 및 PIL-SN385P: 9.0억원/년 (동양철관 사용 예상량 9천톤/년 X 영업이익 100천원/톤) ,"562,774,000","900,000,000",4,50,"3,600,000,000",6.4, 과제종결(완료평가) 
848,20249713, 미래기술과제 , 2024P288 , 원자스케일 미세조직 분석으로 소부경화 공정에 따른 수소취성 저감 기구 규명 , 2024-08-12 , 2025-09-05 , 2025-09-03 ,"539,793,500","539,793,500","476,606,227",1,1, 솔루션연구소 자동차소재솔루션연구그룹 ,  , 철강솔루션연구소 성능연구그룹 , 철강솔루션연구소 성능연구그룹 , 정연승 , 철강솔루션연구소 성능연구그룹 , 이기호 , (이용)강재성능 , 2025-09-08 , 기술축적 , 철강분야 , 정성효과 ,0,0,0,0,0,0,0,0,0,0,0,0,0,0,  ,  ,"539,793,500",0,  ,  ,0,0, 과제종결(완료평가) 
849,20249717, 현업과제 , 2024P239 , 열처리재 생산 Capa 증대를 위한 공로시간 저감 및 압연조건 단순화 기술개발 , 2024-04-08 , 2024-09-27 , 2024-09-02 ,"355,335,100","355,335,100","420,182,710",1,1, 제품연구소 열연선재후판연구그룹 ,  , 강재연구소 에너지조선연구그룹 , 강재연구소 에너지조선연구그룹 , 장우길 , (포항)후판부 , 홍헌호 , (공정)후판공정-생산성향상기술 , 2025-01-01 , 기술축적 , 철강분야 , 정량효과 ,"1,660,000,000",0,0,0,0,0,0,0,0,"110,000,000",0,0,0,0," 생산성향상,에너지절감 "," (1) 온도통합에 따른 에너지 원단위 저감 (△10Mcal/톤 = 1.1억원/년) (2) N재 환산 열처리재 생산량 증대분 +11% (10,000톤/년) x 166,039원/톤 (23년 영업이익) = 16.6억원/년 ","355,335,100","1,770,000,000",3,60,"5,310,000,000",14.94, 과제종결(완료평가) 
850,20249722, 현업과제 , 2024P191 , GM향 CR 1.5GPa급 저원가 PosMART강 시장선도제품 개발 , 2024-03-11 , 2025-05-30 , 2025-09-30 ,"555,336,000","555,336,000","916,096,544",1,1, 제품연구소 자동차소재연구그룹 ,  , 자동차소재연구소 자동차소재연구그룹 , 자동차소재연구소 자동차소재연구그룹 , 최강현 , 자동차소재마케팅실 자동차소재솔루션그룹 , 이윤한 , (제품)냉연제품-선도제품개발기술 , 2025-09-01 , 철강신수요창출 , 철강분야 , 정성효과 ,0,0,0,0,0,0,0,0,0,0,0,0,0,0,  ,  ,"555,336,000",0,  ,  ,0,0, 과제종결(완료평가) 
851,20249730, 미래기술과제 , 2024P179 , 1700MART 및 2000HPF강 충돌성능 종합 평가 , 2024-03-04 , 2024-08-30 , 2024-08-31 ,"303,794,000","303,794,000","237,999,091",1,1, 포스코홀딩스 ,  , 철강솔루션연구소 성형연구그룹 , 철강솔루션연구소 성형연구그룹 , 이해아 , 철강솔루션연구소 성형연구그룹 , 정기석 , (이용)강재성능 , 2024-09-02 , 고객기술지원 , 철강분야 , 정성효과 ,0,0,0,0,0,0,0,0,0,0,0,0,0,0,  ,  ,"303,794,000",0,  ,  ,0,0, 과제종결(완료평가) 
852,20249732, 미래기술과제 , 2024P266 ," EV 구동용 고속, 고출력 모터-인버터 설계 및 제작 평가 기술 개발 ", 2024-06-03 , 2026-05-29 , 2026-05-20 ,"704,895,300","704,895,300","725,892,867",1,1, 솔루션연구소 강재솔루션연구그룹 ,  , 솔루션연구소 강재솔루션연구그룹 , 솔루션연구소 강재솔루션연구그룹 , 심호경 , 솔루션연구소 강재솔루션연구그룹 , 홍승갑 , (이용)강재성능 , 2027-01-11 , 고객기술지원 , 철강분야 , 정성효과 ,0,0,0,0,0,0,0,0,0,0,0,0,0,0,  ,  ,"704,895,300",0,  ,  ,0,0, 과제종결(완료평가) 
853,20249740, 현업과제 , 2024P250 , Hyper NO PCM 2회 압연 생산재 표면품질 개선 , 2024-05-06 , 2025-01-24 , 2025-01-21 ,"509,342,300","509,342,300","1,081,737,642",1,1, 제품연구소 표면연구그룹 ,  , 자동차소재연구소 표면연구그룹 , 자동차소재연구소 표면연구그룹 , 손일령 , (광양)품질기술부 , 장성호 , (제품)전기강판제품-품질개선기술 , 2025-05-01 , 철강신수요창출 , 철강분야 , 정성효과 ,0,0,0,0,0,0,0,0,0,0,0,0,0,0,  ,  ,"509,342,300",0,  ,  ,0,0, 과제종결(완료평가) 
854,20249746, 현업과제 , 2024P267 , PCHE용 316L 세립강 시장선도제품 개발 , 2024-06-17 , 2025-08-29 , 2025-09-04 ,"291,067,630","291,067,630","677,949,797",1,1, 연구개발AX가속화TF팀 ,  , 강재연구소 STS연구그룹 , 강재연구소 STS연구그룹 , 김경훈 , 스테인리스마케팅실 STS냉연판매그룹 , 이진호 , (제품)STS제품-선도제품개발기술 , 2025-12-01 , 철강신수요창출 , 철강분야 , 정량효과 ,0,0,0,0,0,0,"140,000,000",0,0,0,0,0,0,0, 신수요창출 , 알파라발 년가 수요 0.4천톤/년 * 316 일반재 평균 영업이익 350천원/톤 ,"291,067,630","140,000,000",4,100,"560,000,000",1.92, 과제종결(완료평가) 
855,20249762, 현업과제 , 2024P276 , 선체 구조용 조선용강 EGW 용접기술 개발 , 2024-06-24 , 2025-09-19 , 2025-11-04 ,"523,419,400","523,419,400","482,749,864",1,1, RIST ,  , 철강솔루션연구소 접합연구그룹 , 철강솔루션연구소 접합연구그룹 , 박영환 , 에너지조선마케팅실 솔루션개발섹션 , 김병학 , (이용)접합 , 2026-07-01 , 고객기술지원 , 철강분야 , 정성효과 ,0,0,0,0,0,0,0,0,0,0,0,0,0,0,  ,  ,"523,419,400",0,  ,  ,0,0, 과제종결(완료평가) 
856,20249763, 현업과제 , 2024P264 , 포항 3고로 융착대 형상 실시간 가시화 기술 개발 , 2024-06-03 , 2025-02-28 , 2025-04-05 ,"390,126,100","390,126,100","665,249,206",1,1, 공정DX연구소 제선연구그룹 ,  , 저탄소제철연구소 제선연구그룹 , 저탄소제철연구소 제선연구그룹 , 이성희 , (포항)제선부 , 김성연 , (공정)제선공정-원가절감기술 , 2025-03-01 , 기술축적 , 철강분야 , 정량효과 ,0,"1,740,741,194",0,0,0,0,0,0,0,0,0,0,0,0, 원단위절감 ," 1. 환원제비 저감 효과 : 가스이용률 0.2% 증가로 환원제비 0.8 kg/t-p 절감 = (포항 3고로 출선량) x (코크스 사용량 차이) x (코크스 단가) 2. CO2 발생량 저감 효과 CO2 저감량 X CO2 단가 = 코크스 저감량 X 코크스 CO2 배출계수 X 3고로 출선량 X CO2 단가 3. BFG 발생원단위 변화 = 환원제비절감원단위 x BFG발생원단위 x BFG평가단가 x 3고로 출선량 1 + 2 - 3 = 1,740,741,194원/년 ","390,126,100","1,740,741,194",1,30,"1,740,741,194",4.46, 과제종결(완료평가) 
857,20249766, 미래기술과제 , 2024P255 , 탄소배출저감 신모빌리티 철강구조 제작 , 2024-05-20 , 2025-08-29 , 2025-09-02 ,"1,384,084,183","1,384,084,183","1,448,595,230",1,1, 솔루션연구소 자동차소재솔루션연구그룹 ,  , 철강솔루션연구소 성형연구그룹 , 철강솔루션연구소 성형연구그룹 , 이홍우 , 철강솔루션연구소 성형연구그룹 , 김홍기 , (이용)가공 , 2025-09-01 , 고객기술지원 , 철강분야 , 정성효과 ,0,0,0,0,0,0,0,0,0,0,0,0,0,0,  ,  ,"1,384,084,183",0,  ,  ,0,0, 과제종결(완료평가) 
858,20249768, 미래기술과제 , 2024P280 , 철강공정 설비상태 이상 감지를 위한 생성형 AI 모델 개발 및 압연기 적용성 연구 , 2024-07-22 , 2025-08-01 , 2025-08-21 ,"299,396,550","299,396,550","473,058,939",1,1, 공정DX연구소 로봇AI연구그룹 ,  , 공정DX연구소 제어계측연구그룹 , 공정DX연구소 제어계측연구그룹 , 신기영 , 공정연구소 제어계측연구그룹 , 김기원 , (엔지니어링)제어계측-Smart solution기술(AI/Big Data/IoT) , 2025-08-14 , 철강신수요창출 , 철강분야 , 정량효과 ,"2,802,138,990",0,0,0,0,0,0,0,0,0,0,0,0,0, 생산성향상 ," 1. 산출근거 [생산증가량(T/Y) X 해당공정 고정비(원/T)] . '24.2.10 포항 2열연 RM 에저 이상으로 인한 설비장애 시간 생산 손실비 (설비이상 및 장애 사전 감지 부재로 인한 손실) = 설비장애시간 * 톤파워* 고정가공비 = 21Hr * 670ton/hr * 28,451원/ton (400,305,570) 2. 열연 7단 스탠드 대상으로 상기 수준의 생산 손실비 가정시 기대효과 최대치 400,305,570 X 7 = 2,802,138,990 ","299,396,550","2,802,138,990",4,100,"11,208,555,960",37.44, 과제종결(완료평가) 
859,20249773, 미래기술과제 , 2024P256 , In situ 분석장비를 활용한 3세대 TRIP강재 상변형/수소취성 거동 해석 및 내수소취성 향상 메커니즘 규명 , 2024-08-05 , 2025-12-12 , 2025-12-10 ,"709,083,790","709,083,790","1,095,749,341",1,1, 제품연구소 자동차소재연구그룹 ,  , 자동차소재연구소 자동차소재연구그룹 , 자동차소재연구소 자동차소재연구그룹 , 구민서 , 제품연구소 자동차소재연구그룹 , 김성일 , (제품)냉연제품-선도제품개발기술 , 2025-12-15 , 기술축적 , 철강분야 , 정성효과 ,0,0,0,0,0,0,0,0,0,0,0,0,0,0,  ,  ,"709,083,790",0,  ,  ,0,0, 과제종결(완료평가) 
860,20249780, 현업과제 , 2024P297 , HY100 SAW 용접부 폭파변형 성능 평가 및 대체 평가기술 개발 , 2024-08-26 , 2026-05-22 , 2026-05-21 ,"251,288,000","251,288,000","168,944,075",1,1, 솔루션연구소 강재솔루션연구그룹 ,  , 솔루션연구소 강재솔루션연구그룹 , 솔루션연구소 강재솔루션연구그룹 , 이재익 , 에너지조선마케팅실 솔루션개발섹션 , 김병학 , (이용)접합 , 2026-10-01 , 기타 , 철강분야 , 정성효과 ,0,0,0,0,0,0,0,0,0,0,0,0,0,0,  ,  ,"251,288,000",0,  ,  ,0,0, 과제종결(완료평가) 
861,20249784, 현업과제 , 2024P292 , 3소결공장 소결광 대차 Train 누풍 진단 및 이력관리 시스템 개발 , 2024-07-29 , 2025-08-29 , 2025-12-16 ,"380,694,800","380,694,800","449,534,489",1,1, 고문 ,  , 기술연구원 공정DX연구소 , 공정DX연구소 제어계측연구그룹 , 임충수 , (포항)제선부 , 김성연 , (공정)제선공정-생산성향상기술 , 2026-01-01 , 기타 , 철강분야 , 정성효과 ,0,0,0,0,0,0,0,0,0,0,0,0,0,0,  ,  ,"380,694,800",0,  ,  ,0,0, 과제종결(완료평가) 
862,20249788, 현업과제 , 2024P259 , 전로 열배합 정합성 향상기술 (2단계) , 2024-05-27 , 2025-06-27 , 2025-07-02 ,"490,372,966","1,109,280,066","610,413,892",2,2, 공정DX연구소 제강연구그룹 , (광양)제강부 2제강공장 , 강재연구소 제강연구그룹 , 강재연구소 제강연구그룹 , 한웅희 , (광양)제강부 , 문호정 , (공정)제강공정-생산성향상기술 , 2025-08-04 , 기술축적 , 철강분야 , 정량효과 ,0,"196,000,000",0,0,0,0,0,0,0,0,0,0,0,0, 원단위절감 ," - Dynamic 온도 적중률 향상을 통한 승열제 투입량 저감 (’23년 단가 기준) : [(개선 Ch수 x Ch별 평균 승열제 저감량 t) / 1000 ] x 승열제 단가(원/톤) x 기여율(%) . [Case1 Static구간] 225 ch x (0.434/2) t/ch x 1,938,571원/t x 50% = 47.3백만원/1Q . [Case2 Dynamic구간] 53 ch x (0.06/2) t/ch x 1,938,571 원/t x 50% = 1.6백만원/1Q → [Case1+2, 연간 환산] 48.9백만원/1Q X 4Q/1y = 196백만원/년 ","490,372,966","196,000,000",4,50,"784,000,000",1.6, 과제종결(완료평가) 
863,20249792, 기술전략_장기 , 2024P298 , 전기로 음향기반 노황 모니터링 시스템 개발 , 2024-09-23 , 2025-12-26 , 2026-03-04 ,"629,900,500","629,900,500","809,998,361",1,1, 공정DX연구소 로봇AI연구그룹 ,  , 공정DX연구소 로봇AI연구그룹 , 공정DX연구소 로봇AI연구그룹 , 강현석 , 공정DX연구소 로봇AI연구그룹 , 김기원 , (공정)제강공정-원가절감기술 , 2026-05-04 , 기술축적 , 철강분야 , 정량효과 ,0,"1,730,300,000",0,0,0,0,0,0,0,0,0,0,0,0, 원단위절감 , 전력 원단위 저감 1% 저감(가정) 전력 원단위 440kWh/톤 x 250만톤/년 x 0.06 x 157.3원/kWh(전기료) ,"629,900,500","1,730,300,000",4,75,"6,921,200,000",10.99, 과제종결(완료평가) 
864,20249802, 현업과제 , 2024W001 , 光1고로 TLC內 용선 혼합에 따른 수선완료 온도예측 모델 개발 , 2024-06-24 , 2024-09-20 , 2024-09-19 ,"89,280,000","89,280,000","92,403,305",1,1, 공정DX연구소 제선연구그룹 ,  , 저탄소제철연구소 제선연구그룹 , 저탄소제철연구소 제선연구그룹 , 김정인 , (광양)생산기술부 , 김희봉 , (공정)제선공정-원가절감기술 , 2024-10-28 , 기술축적 , 철강분야 , 정성효과 ,0,0,0,0,0,0,0,0,0,0,0,0,0,0,  ,  ,"89,280,000",0,  ,  ,0,0, 과제종결(완료평가) 
865,20249804, 현업과제 , 2024P285 , Low 델타 300계강의 선상흠 개선을 위한 슬라브 표층조직 제어기술 개발 , 2024-07-15 , 2025-08-29 , 2025-09-05 ,"880,862,500","880,862,500","1,470,187,349",1,1, (포항)차세대성장시장용STS프로젝트팀 ,  , 강재연구소 STS연구그룹 , 강재연구소 STS연구그룹 , 채동철 , (포항)품질기술부 , 안성수 , (제품)STS제품-양산제품개발기술 , 2025-09-01 , 기술축적 , 철강분야 , 정량효과 ,0,0,0,0,0,0,0,"1,004,541,963",0,0,0,0,0,0, 실수율/품질향상 ," ○ 년간 기대이익: 총 10억원/년 = ① 9.4억원/년 (냉연 폭 절사 감소) + ② 0.3억원/년 (HAP 통스크랩 저감) + ③ 0.3억원/년 (CG저감) ※ 산정기준: KSP社 판매 1,277톤(0.5t, ’24년) / ①냉연재 실수율 loss 10% 저감, ② 통스크랩 미발생 (3% 저감), ③ CG 2/2 (판매량의 67%) → 2/1 pass로 1패스 저감 ※ 상세 산출내역 ① 냉연폭 절사 감소에 의한 수익성 증대 = 판매량 x 판매단가 x 실수율 개선율 =1,277톤 x 7,413,621 원/톤 x 0.1 = 946,719,402 원 (약 9.4억원) (판매data, 24년 0.5t 실적기준, KSP 스틸向: 판매량 1,277톤, 판매단가 7,413,621원) ② HAP 통스크랩 저감에 의한 수익성 증대 = 판매량 x 통스크랩발생비율 x 통스크랩발생 저감효과= 1,277톤 x 0.03 x 683,900원/톤=26,200,209 원 (약 0.3억원) (통스크랩발생량=판매량 x 통스크랩발생비율) (통스크랩발생 저감효과=한계원가-Scrap 가격=(변동비+원료비)-Scrap 가격) - 한계원가는 통스크랩 발생한 ‘23년 3~5월 3개월 실적원가 반영. 스크랩 가격은 동일기간의 300계 Mo scrap 가격 반영 ③ CG패스수 저감에 의한 수익성 증대 = CG 패스당 가공비(원/톤) x CG 적용량= 36,942원/톤 x 856톤=31,622,352 원 (약 0.3억원) (CG적용량=CG 상/하 2/2 패스 적용 비율 x 판매량=0.67 x 1277톤=856톤) ","880,862,500","1,004,541,963",4,50,"4,018,167,852",4.56, 과제종결(완료평가) 
866,20249814, 현업과제 , 2024W003 , 전기강판 APL 용접부 품질 안정화 기술개발 , 2024-07-08 , 2024-12-27 , 2024-12-26 ,"96,888,000","96,888,000","101,746,273",1,1, 솔루션연구소 강재솔루션연구그룹 ,  , 철강솔루션연구소 접합연구그룹 , 철강솔루션연구소 접합연구그룹 , 박서정 , (광양)전기강판부 , 김기열 , (이용)접합 , 2025-01-01 , 기술축적 , 철강분야 , 정성효과 ,0,0,0,0,0,0,0,0,0,0,0,0,0,0,  ,  ,"96,888,000",0,  ,  ,0,0, 과제종결(완료평가) 
867,20249816, 미래기술과제 , 2024N002 , 열연 보열커버 성능개선을 위한 표면개질 탐색 연구 , 2024-07-01 , 2024-10-25 , 2024-12-03 ,"29,700,000","29,700,000","93,208,681",1,1, 제품연구소 표면연구그룹 ,  , 자동차소재연구소 표면연구그룹 , 자동차소재연구소 표면연구그룹 , 고경필 , 자동차소재연구소 자동차소재표면연구그룹 , 백두진 , (공정)열연공정-불량율저감기술 , 2025-06-02 , 기술축적 , 철강분야 , 정성효과 ,0,0,0,0,0,0,0,0,0,0,0,0,0,0,  ,  ,"29,700,000",0,  ,  ,0,0, 과제종결(완료평가) 
868,20249822, 현업과제 , 2024W002 ," 2, 3열연 FM Side Guide Liner 및 Idle Roller 수명향상 기술개발 적용 ", 2024-07-01 , 2025-01-17 , 2025-01-30 ,"108,734,000","108,734,000","158,334,116",1,1, 제품연구소 표면연구그룹 ,  , 자동차소재연구소 표면연구그룹 , 자동차소재연구소 표면연구그룹 , 이현범 , (광양)열연부 , 김종성 , (공정)열연공정-생산성향상기술 , 2025-02-03 , 기술축적 , 철강분야 , 정성효과 ,0,0,0,0,0,0,0,0,0,0,0,0,0,0,  ,  ,"108,734,000",0,  ,  ,0,0, 과제종결(완료평가) 
869,20249826, 현업과제 , 2024W009 , 4냉연 PCM Chopper Knife 공정 조건 및 재질 개발 , 2024-08-12 , 2024-12-27 , 2024-12-24 ,"111,550,600","111,550,600","216,669,261",1,1, 제품연구소 표면연구그룹 ,  , 자동차소재연구소 표면연구그룹 , 자동차소재연구소 표면연구그룹 , 홍석준 , (광양)냉연부 , 이훈휘 , (공정)냉연공정-불량율저감기술 , 2025-01-01 , 기타 , 철강분야 , 정량효과 ,"259,751,500",0,0,0,0,0,0,0,"327,286,890",0,0,0,0,0," 생산성향상,공정개선 "," ○ Chip 적채 감소 : 0.7hr/주(주당 평균 발생 시간)X50주X340Ton/HrX0.9(90% 감속작업)X30,559원/Ton(고정가공비) = 327,286,890원 ○ 정비시간 감소 : 25Hr(연간감소정비시간)X340Ton/HrX30,559원/Ton(고정가공비) = 259,751,500원 ","111,550,600","587,038,390",4,50,"2,348,153,560",21.05, 과제종결(완료평가) 
870,20249828, 현업과제 , 2024W004 , STS제강 2차냉각수 온도 실시간 변화를 고려한 냉각유량 보상 기술 개발 , 2024-07-22 , 2024-12-13 , 2024-12-20 ,"140,466,000","140,466,000","274,494,980",1,1, 공정DX연구소 압연엔지니어링연구그룹 ,  , 공정연구소 철강엔지니어링연구그룹 , 공정연구소 철강엔지니어링연구그룹 , 방종근 , (포항)STS제강부 , 조용석 , (공정)STS공정-불량율저감기술 , 2025-01-31 , 기술축적 , 철강분야 , 정성효과 ,0,0,0,0,0,0,0,0,0,0,0,0,0,0,  ,  ,"140,466,000",0,  ,  ,0,0, 과제종결(완료평가) 
871,20249837, 현업과제 , 2024W013 ," 전기강판 #3 ZRM, AI 형상제어 기능개선 및 조업 유지보수 기술확보 ", 2024-09-23 , 2025-02-14 , 2025-02-20 ,"11,000,000","11,000,000","24,571,356",1,1, 공정DX연구소 로봇AI연구그룹 ,  , 공정연구소 제어계측연구그룹 , 공정연구소 제어계측연구그룹 , 허윤기 , (포항)전기강판부 , 한동현 , (공정)전기강판공정-불량율저감기술 , 2025-02-22 , 기술축적 , 철강분야 , 정량효과 ,0,0,0,0,0,0,0,"96,700,000",0,0,0,0,0,0, 실수율/품질향상 , 3ZRM HyperNO 전기강판 형상품질 부적합량 저감 = HyperNO 영업이익/톤 * 형상 품질 부적햡량 (톤) = 343 (천원/톤) * 282.05 (톤) = 96.7 (백만원/년) ,"11,000,000","96,700,000",4,80,"386,800,000",35.16, 과제종결(완료평가) 
872,20249841, 현업과제 , 2024W005 , 광양 HyperNO재 센터크랙 발생 원인 분석 및 규명 , 2024-07-22 , 2024-12-13 , 2024-12-13 ,"99,860,000","99,860,000","129,146,148",1,1, 기술연구원 연구기획그룹 ,  , 강재연구소 열연선재연구그룹 , 강재연구소 열연선재연구그룹 , 박경수 , (광양)전기강판부 , 김기열 , (제품)전기강판제품-품질개선기술 , 2025-01-01 , 기술축적 , 철강분야 , 정량효과 ,0,0,0,0,0,0,0,"3,251,202,933",0,0,0,0,0,0, 실수율/품질향상 ," 22.8억원 = 7,101톤 x 12개월 x (2,749,000-500,000원) x 11.7% x 14.5% x 70% (센터크랙 발생률 저감 11.7%, 센터크랙 발생으로 인한 실수율 저감 14.5%, ’24.11월 APL 생산량 7,101톤, 광양소 ‘24년 25PNX3200J 판매가격 2,749,000원, 스크랩가 500,000원, 기여율 70%) ","99,860,000","3,251,202,933",4,70,"13,004,811,732",130.23, 과제종결(완료평가) 
873,20249843, 현업과제 , 2024W008 , 2열연 DC Side Guide Wear Plate 수명향상 기술개발 확대적용 , 2024-08-12 , 2025-03-28 , 2025-03-19 ,"132,968,000","132,968,000","221,407,940",1,1, 제품연구소 표면연구그룹 ,  , 자동차소재연구소 표면연구그룹 , 자동차소재연구소 표면연구그룹 , 이현범 , (광양)열연부 , 김종성 , (공정)열연공정-생산성향상기술 , 2025-05-01 , 기술축적 , 철강분야 , 정성효과 ,0,0,0,0,0,0,0,0,0,0,0,0,0,0,  ,  ,"132,968,000",0,  ,  ,0,0, 과제종결(완료평가) 
874,20249845, 현업과제 , 2024P300 , 대원강업향 PO 26MnB5 후열처리강 현장적용 연구 , 2024-09-23 , 2025-06-20 , 2025-07-31 ,"595,160,700","595,160,700","1,139,702,587",1,1, 제품연구소 자동차소재연구그룹 ,  , 자동차소재연구소 자동차소재연구그룹 , 자동차소재연구소 자동차소재연구그룹 , 김성우 , 자동차소재마케팅실 자동차강판판매그룹 , 송대호 , (제품)열연제품-양산제품개발기술 , 2025-07-21 , 철강신수요창출 , 철강분야 , 정량효과 ,0,0,0,0,0,0,"920,000,000",0,0,0,0,0,0,0, 신수요창출 ," 수주예상량 6.4천톤/년 x 예상 영업이익 144,144천원/톤 ","595,160,700","920,000,000",3,70,"2,760,000,000",4.64, 과제종결(완료평가) 
875,20249847, 현업과제 , 2024W007 , PO 440급 중탄강 Scale성결함 발생 메커니즘 규명 및 조업인자 도출 , 2024-08-12 , 2025-01-03 , 2024-12-30 ,"142,869,100","142,869,100","295,130,974",1,1, 제품연구소 표면연구그룹 ,  , 자동차소재연구소 표면연구그룹 , 자동차소재연구소 표면연구그룹 , 전선호 , (광양)열연부 , 최석찬 , (제품)열연제품-품질개선기술 , 2025-03-01 , 기업이미지제고 , 철강분야 , 정성효과 ,0,0,0,0,0,0,0,0,0,0,0,0,0,0,  ,  ,"142,869,100",0,  ,  ,0,0, 과제종결(완료평가) 
876,20249849, 현업과제 , 2024W006 , PO 590급 석출강화강 2열연 TS불량 원인규명 및 제조기준 정립 , 2024-08-12 , 2024-11-08 , 2024-11-07 ,"86,662,500","86,662,500","28,446,302",1,1, 포스코홀딩스 ,  , 자동차소재연구소 자동차소재연구그룹 , 자동차소재연구소 자동차소재연구그룹 , 이제웅 , (광양)품질기술부 , 이철영 , (제품)열연제품-품질개선기술 , 2024-11-11 , 기술축적 , 철강분야 , 정량효과 ,0,0,0,0,0,0,0,"782,598,000",0,0,0,0,0,0, 실수율/품질향상 ," 부적합량 * (정품가-주문외가)천원/톤 = 2438톤 * (1099-778)천원/톤 = 7.8억 - 2306-2405 1년간 2열연 TS미달 발생량 2438.06톤 - '24년 상반기 PO 590 정품가: 1099천원/톤, 주문외가: 778천원/톤 ","86,662,500","782,598,000",4,70,"3,130,392,000",36.12, 과제종결(완료평가) 
877,20249851, 현업과제 , 2024P301 , BAF Shut Down을 위한 상온 장입 CAF 소둔 열처리 기술 개발 , 2024-09-30 , 2025-03-28 , 2025-03-31 ,"393,165,800","393,165,800","819,232,568",1,1, 제품연구소 STS연구그룹 ,  , 강재연구소 STS연구그룹 , 강재연구소 STS연구그룹 , 송병준 , (포항)STS압연부 , 유병철 , (공정)STS공정-원가절감기술 , 2025-03-31 , 기술축적 , 철강분야 , 정량효과 ,0,0,0,0,0,0,0,0,"470,000,000",0,0,0,0,0, 공정개선 , - 7.5천톤 (6.5천톤/년(430강 1~2월 상온CAF 처리량 1080톤 연환산) + 1천톤/년(410UF HR BAF필수재 상온CAF 전환)) X 63천원/톤 (BAF가공비 121천원/톤 - CAF가공비 58천원) ,"393,165,800","470,000,000",4,70,"1,880,000,000",4.78, 과제종결(완료평가) 
878,20249853, 현업과제 , 2024W010 , 저원가형 YS420급 해양구조용강의 용접조건에 따른 열영향부 물성변화 분석 및 용접이용기술 확보 , 2024-08-19 , 2025-01-31 , 2025-02-12 ,"86,969,250","86,969,250","107,543,247",1,1, 솔루션연구소 자동차소재솔루션연구그룹 ,  , 철강솔루션연구소 접합연구그룹 , 철강솔루션연구소 접합연구그룹 , 홍석현 , 글로벌제품기술실 열연제품기술그룹 , 이정희 , (이용)접합 , 2025-03-03 , 기타 , 철강분야 , 정성효과 ,0,0,0,0,0,0,0,0,0,0,0,0,0,0,  ,  ,"86,969,250",0,  ,  ,0,0, 과제종결(완료평가) 
879,20249855, 현업과제 , 2024W012 , PO YS보증강 YP미달 원인규명 및 열연조업조건 정립 , 2024-08-26 , 2025-01-10 , 2025-01-20 ,"56,827,600","56,827,600","119,906,282",1,1, 육아몰입기간 ,  , 자동차소재연구소 자동차소재연구그룹 , 자동차소재연구소 자동차소재연구그룹 , 김은영 , (광양)품질기술부 , 장성호 , (제품)열연제품-품질개선기술 , 2025-01-20 , 기술축적 , 철강분야 , 정량효과 ,0,0,0,0,0,0,0,"108,976,032",0,0,0,0,0,0, 실수율/품질향상 ," 기대이익= 년 부적합량 x *실패비용/톤 x 개선비율(%) *실패비용=제조원가-평가단가, 개선비율: PO420Y-60%, PO381Y-40% 달성 '24년 1분기 PO 380Y 부적합: 중량-114톤, 실패비용-221,199원 '24년 1분기 PO 420Y 부적합: 중량-132톤, 실패비용-216,633원 ","56,827,600","108,976,032",4,40,"435,904,128",7.67, 과제종결(완료평가) 
880,20249857, 현업과제 , 2024W011 , 자동차용 AHSS의 초시험 부적합 저감 위한 재질모델 양산적용 기술 개발 , 2024-08-19 , 2024-11-15 , 2024-11-21 ,"85,207,000","85,207,000","20,374,103",1,1, 제품연구소 자동차소재연구그룹 ,  , 자동차소재연구소 자동차소재연구그룹 , 자동차소재연구소 자동차소재연구그룹 , 박준호 , (광양)품질기술부 , 이철영 , (공정)냉연공정-불량율저감기술 , 2024-11-18 , 기타 , 철강분야 , 정량효과 ,0,0,0,0,0,0,0,"153,000,000",0,0,0,0,0,0, 실수율/품질향상 ," ① '19~'21년 5/7CGL, 2/4-2CAL 연평균 클레임 5.2억 ② ‘21년 AHSS 재질요인 주문외 판매 손실 21.7억 = (개선전 - 개선후 주문외 판매비율) × 대상제품 판매량 × (개선후 정품판매가격 - 개선후 주문외 판매가격) = ‘21년 AHSS 재질요인 부적합량 (4,843톤) × (1,369,000 - 920,000원) = 21.7억 * AHSS 정품판매가('22.1~11월 누적) : 1,369,000원, AHSS 주문외 판매가 ('22.1~11월 누적) : 920,000원 [ '23년 ] : ⓐ ’21년 대비 '23년 클레임 및 주문외 판매 저감 20% = (21.7+5.2)*0.2= 5.4억 [ '24년 ] : ⓑ ’21년 대비 ‘24년 클레임 및 주문외 판매 저감 30% = (21.7+5.2)*0.3= 8.1억 [ '25년 ] : ⓒ ’21년 대비 ‘25년 클레임 및 주문외 판매 저감 50% = (21.7+5.2)*0.5= 13.5억 최종 재무효과(3개년) = ⓐ + (ⓐ + ⓑ) + (ⓐ + ⓑ + ⓒ) = 45.9 억 ","85,207,000","153,000,000",3,50,"459,000,000",5.39, 과제종결(완료평가) 
881,20249861, 현업과제 , 2024W014 ," 중동 극한환경 PosMAC Super 내식, 내습, 내마모 솔루션 개발 및 성능 평가 ", 2024-09-30 , 2025-03-28 , 2025-03-31 ,"138,970,000","138,970,000","205,718,801",1,1, 솔루션연구소 강재솔루션연구그룹 ,  , 철강솔루션연구소 성능연구그룹 , 철강솔루션연구소 성능연구그룹 , 이계만 , 강건재가전마케팅실 건설강재판매그룹 , 전평수 , (이용)강재성능 , 2025-04-01 , 철강신수요창출 , 철강분야 , 정량효과 ,0,0,0,0,0,0,"114,000,000",0,0,0,0,0,0,0, 신수요창출 ," ○ 11.4억원 = (1)104천톤/연 x (2)55천원/톤 x (3)20% (1) 예상판매량 : ACWA power사 신규 설치 발전용량 2.6GW/연 x 강재소요량 40톤/MW (2) 예상영업이익 : 55천원/톤 (판매가 1.1백만원, 영업이익률 5% 가정) (3) 시장점유율 : 20% 가정 ","138,970,000","114,000,000",4,33,"456,000,000",3.28, 과제종결(완료평가) 
882,20249867, 미래기술과제 , 2024N003 , 소결 집진 dust 자원화 공정 FEED , 2024-09-30 , 2025-02-14 , 2025-02-13 ,"29,700,000","29,700,000","34,691,893",1,1, 공정DX연구소 압연엔지니어링연구그룹 ,  , 공정연구소 철강엔지니어링연구그룹 , 공정연구소 철강엔지니어링연구그룹 , 박종인 , 공정연구소 철강엔지니어링연구그룹 , 황종연 , (엔지니어링)열유체-부산물기술 , 2026-03-02 , 기술축적 , 철강분야 , 정성효과 ,0,0,0,0,0,0,0,0,0,0,0,0,0,0,  ,  ,"29,700,000",0,  ,  ,0,0, 과제종결(완료평가) 
883,20249869, 현업과제 , 2024W016 , 재질 시험과 탈탄율 보증 체계 구축 , 2024-11-25 , 2025-03-14 , 2025-03-20 ,"85,731,000","85,731,000","375,079,392",1,1, 제품연구소 표면연구그룹 ,  , 자동차소재연구소 표면연구그룹 , 자동차소재연구소 표면연구그룹 , 김도엽 , (광양)품질기술부 , 장성호 , (공정)표면처리공정-불량율저감기술 , 2025-03-31 , 기술축적 , 철강분야 , 정성효과 ,0,0,0,0,0,0,0,0,0,0,0,0,0,0,  ,  ,"85,731,000",0,  ,  ,0,0, 과제종결(완료평가) 
884,20249871, 현업과제 , 2024W015 , GM향 Mart1500 및 Ford향 1180GEN3 점용접 특성 분석 , 2024-10-14 , 2024-12-13 , 2024-12-30 ,"7,800,000","7,800,000","38,240,471",1,1, 솔루션연구소 자동차소재솔루션연구그룹 ,  , 철강솔루션연구소 접합연구그룹 , 철강솔루션연구소 접합연구그룹 , 최두열 , 자동차소재마케팅실 자동차소재솔루션그룹 , 이윤한 , (이용)접합 , 2024-12-31 , 고객기술지원 , 철강분야 , 정량효과 ,0,0,0,0,0,0,"4,050,000,000",0,0,0,0,0,0,0, 신수요창출 ," - EG Mart1500강 영업이익(영업이익율 15% 추정) : 225,000 원/톤 - 한국 GM/성우하이텍 년간 예상사용량 : 36,000 톤/년 - Running change 예상율 : 50% --> 18,000 톤/년 - 연간기대이익 : 18,000 x 225,000 = 4,050,000 천원/년 ","7,800,000","4,050,000,000",2,30,"8,100,000,000",1038.46, 과제종결(완료평가) 
885,20249873, 미래기술과제 , 2024N004 , 스틸패널 조합형 미래 전기차 외관 디자인 Mock-up 평가 , 2024-10-21 , 2025-01-10 , 2025-02-14 ,"42,200,000","42,200,000","58,662,602",1,1, 솔루션연구소 강건재솔루션연구그룹 ,  , 철강솔루션연구소 구조연구그룹 , 철강솔루션연구소 구조연구그룹 , 전하경 , 철강솔루션연구소 구조연구그룹 , 박찬희 , (이용)강구조 , 2025-03-03 , 기술축적 , 철강분야 , 정성효과 ,0,0,0,0,0,0,0,0,0,0,0,0,0,0,  ,  ,"42,200,000",0,  ,  ,0,0, 과제종결(완료평가) 
886,20249875, 현안과제 , 2024N006 , 도금 Pot 부품용 PVD 코팅 적용 가능성 검토 , 2024-11-11 , 2025-04-11 , 2025-06-27 ,"17,442,000","17,442,000","59,179,269",1,1, 제품연구소 표면연구그룹 ,  , 자동차소재연구소 표면연구그룹 , 자동차소재연구소 표면연구그룹 , 남경훈 , 제품연구소 표면연구그룹 , 남경훈 , (공정)표면처리공정-생산성향상기술 , 2026-12-31 , 기술축적 , 철강분야 , 정성효과 ,0,0,0,0,0,0,0,0,0,0,0,0,0,0,  ,  ,"17,442,000",0,  ,  ,0,0, 과제종결(완료평가) 
887,20249877, 현안과제 , 2024N005 , 분말야금을 활용한 도금 Pot용 축수부 개발 가능성 검토 , 2024-11-11 , 2025-04-11 , 2025-04-16 ,"24,200,000","24,200,000","34,519,853",1,1, 제품연구소 표면연구그룹 ,  , 자동차소재연구소 표면연구그룹 , 자동차소재연구소 표면연구그룹 , 남경훈 , 제품연구소 표면연구그룹 , 남경훈 , (공정)표면처리공정-생산성향상기술 , 2026-12-31 , 기술축적 , 철강분야 , 정성효과 ,0,0,0,0,0,0,0,0,0,0,0,0,0,0,  ,  ,"24,200,000",0,  ,  ,0,0, 과제종결(완료평가) 
888,20249887, 기술전략_일반 , 2024P320 , 초고압 지중 송전 전자기파 차폐용 PosMAC 전기강판 개발 , 2024-12-30 , 2025-12-26 , 2025-12-03 ,"953,987,900","953,987,900","1,248,438,404",1,1, 제품연구소 냉연도금연구그룹 ,  , 강재연구소 전기전자연구그룹 , 강재연구소 전기전자연구그룹 , 한민수 , 글로벌제품기술실 냉연제품기술그룹 , 윤철수 , (제품)표면처리제품-선도제품개발기술 , 2026-01-30 , 철강신수요창출 , 철강분야 , 정량효과 ,0,0,0,0,0,0,"6,200,000,000",0,0,0,0,0,0,0, 신수요창출 ," 62억원/년 [4.6천톤(~’31, 신수요 국내限 ) × 판매가 (15,000천원/톤) × 영업이익률 (45.5%) ","1,153,987,900","6,200,000,000",4,90,"24,800,000,000",21.49, 과제종결(완료평가) 
889,20249891, 기술전략_전략 , 2024P323 , 친환경 선재 파스너 제조를 위한 냉간단조 전후 공정 부품화 솔루션 개발 , 2024-12-30 , 2025-12-26 , 2025-12-31 ,"736,592,500","736,592,500","649,520,768",1,1, 육아몰입기간 ,  , 철강솔루션연구소 성능연구그룹 , 철강솔루션연구소 성능연구그룹 , 주호선 , 열연선재마케팅실 선재판매그룹 , 박소영 , (이용)강재성능 , 2026-03-02 , 고객기술지원 , 철강분야 , 정량효과 ,0,0,0,0,0,0,"900,000,000",0,0,0,0,0,0,0, 신수요창출 ," -열처리생략강 판매량: PosNH6 1257톤, PosNH9S 2267톤, ('25년 1~8월 판매 및 신규수주) 연간(1~12월) 약 5천톤 예상 영업이익 180천원/톤 X 예상판매량 5천톤 = 9.0억원/년 (PosNH9S 최근 3년 평균 영업이익 X 25년 판매목표) ","736,592,500","900,000,000",4,50,"3,600,000,000",4.89, 과제종결(완료평가) 
890,20249893, 기술전략_전략 , 2024P317 , AlFe-HPF강 점용접 및 TWB용접기술 개발 , 2024-12-30 , 2025-12-19 , 2025-12-12 ,"874,901,600","874,901,600","853,017,328",1,1, 솔루션연구소 자동차소재솔루션연구그룹 ,  , 철강솔루션연구소 접합연구그룹 , 철강솔루션연구소 접합연구그룹 , 엄상호 , 자동차소재마케팅실 자동차소재솔루션그룹 , 이윤한 , (이용)접합 , 2027-01-04 , 기타 , 철강분야 , 정성효과 ,0,0,0,0,0,0,0,0,0,0,0,0,0,0,  ,  ,"874,901,600",0,  ,  ,0,0, 과제종결(완료평가) 
891,20249895, 기술전략_전략 , 2024P322 ," AlFe-HPF강 도장성능 확보 및 내식성, 접착성 개선 핵심인자 도출 연구 ", 2024-12-30 , 2025-12-26 , 2026-01-12 ,"818,097,400","818,097,400","662,808,906",1,1, 솔루션연구소 자동차소재솔루션연구그룹 ,  , 솔루션연구소 자동차소재솔루션연구그룹 , 솔루션연구소 자동차소재솔루션연구그룹 , 정봉훈 , 자동차소재마케팅실 자동차소재솔루션그룹 , 전형준 , (이용)강재성능 , 2026-06-30 , 기술축적 , 철강분야 , 정성효과 ,0,0,0,0,0,0,0,0,0,0,0,0,0,0,  ,  ,"818,097,400",0,  ,  ,0,0, 과제종결(완료평가) 
892,20249904, 기술전략_일반 , 2024P324 , Physics informed AI기반 포항 2후판 FM 선단부 상하향 제어 guidance 기술 개발 , 2024-12-30 , 2025-12-26 , 2026-01-06 ,"410,470,500","410,470,500","338,017,848",1,1, 공정DX연구소 압연엔지니어링연구그룹 ,  , 공정DX연구소 엔지니어링연구그룹 , 공정DX연구소 엔지니어링연구그룹 , 이도륜 , (포항)후판부 , 박충재 , (공정)후판공정-불량율저감기술 , 2026-01-12 , 기술축적 , 철강분야 , 정량효과 ,"517,000,000",0,0,0,0,0,0,0,"30,000,000",0,0,0,0,0," 생산성향상,공정개선 ", ¢ 기대효과 (다음 제어과제까지 종료시) - 생산성 향상 (30t이상) : 8487톤 x 2후판 고정가공비 61천원/톤(~＇24.10) = 5.17억원/년 - 교정률 개선 (30t이상) : 30천톤(5%) x 정정가공비 약 1천원/톤 = 0.30억원/년 ,"410,470,500","547,000,000",4,50,"2,188,000,000",5.33, 과제종결(완료평가) 
893,20249906, 기술전략_장기 , 2024P316 , 전기로 直생산 대응 자동차 샤시用 열연 고강도강 품질 무해화 기술 개발 , 2024-12-23 , 2025-12-19 , 2025-12-18 ,"700,391,400","700,391,400","1,106,334,382",1,1, (광양)전기로고급강프로젝트팀 ,  , 제품연구소 자동차소재연구그룹 , 제품연구소 자동차소재연구그룹 , 나현택 , 제품연구소 자동차소재연구그룹 , 김성일 , (제품)열연제품-선도제품개발기술 , 2027-06-01 , 기술축적 , 철강분야 , 정성효과 ,0,0,0,0,0,0,0,0,0,0,0,0,0,0,  ,  ,"700,391,400",0,  ,  ,0,0, 과제종결(완료평가) 
894,20249908, 기술전략_장기 , 2024P318 ," 전기로 直생산 대응 차강판 IF, BH강 품질무해화 기술 개발 ", 2024-12-23 , 2025-12-19 , 2025-12-31 ,"586,165,600","586,165,600","942,103,234",1,1, (광양)전기로고급강프로젝트팀 ,  , 제품연구소 자동차소재연구그룹 , 제품연구소 자동차소재연구그룹 , 이재훈 , 제품연구소 자동차소재연구그룹 , 김성일 , (제품)냉연제품-선도제품개발기술 , 2026-06-12 , 기술축적 , 철강분야 , 정성효과 ,0,0,0,0,0,0,0,0,0,0,0,0,0,0,  ,  ,"586,165,600",0,  ,  ,0,0, 과제종결(완료평가) 
895,20249912, 기술전략_장기 , 2024P319 , 전기로 直생산 대응 자동차用 AlSi도금 1500HPF강 품질 무해화 기술 개발 , 2024-12-23 , 2025-11-21 , 2025-12-06 ,"452,791,300","452,791,300","655,482,778",1,1, (광양)GigaSteel프로젝트팀 ,  , 자동차소재연구소 자동차소재연구그룹 , 자동차소재연구소 자동차소재연구그룹 , 김상헌 , 제품연구소 자동차소재연구그룹 , 김성일 , (제품)냉연제품-선도제품개발기술 , 2025-11-28 , 기술축적 , 철강분야 , 정성효과 ,0,0,0,0,0,0,0,0,0,0,0,0,0,0,  ,  ,"452,791,300",0,  ,  ,0,0, 과제종결(완료평가) 
896,20249914, 현안과제 , 2024W017 , 포)41 벌징성 탕면 변동 저감기술 개발 , 2024-11-25 , 2025-02-21 , 2025-02-26 ,"143,556,000","143,556,000","390,307,303",1,1, 공정DX연구소 압연엔지니어링연구그룹 ,  , 공정연구소 철강엔지니어링연구그룹 , 공정연구소 철강엔지니어링연구그룹 , 신민철 , (포항)제강부 , 송원용 , (공정)제강공정-생산성향상기술 , 2025-03-03 , 기술축적 , 철강분야 , 정성효과 ,0,0,0,0,0,0,0,0,0,0,0,0,0,0,  ,  ,"143,556,000",0,  ,  ,0,0, 과제종결(완료평가) 
897,20249915, 기술전략_전략 , 2024P314 , 전기로 스크랩 연속 장입 설비 trouble 저감 기술 개발 , 2024-12-16 , 2025-09-26 , 2025-09-30 ,"810,223,850","810,223,850","961,912,301",1,1, 공정DX연구소 압연엔지니어링연구그룹 ,  , 공정DX연구소 철강엔지니어링연구그룹 , 공정DX연구소 철강엔지니어링연구그룹 , 이혁준 , (광양)전기로사업추진반 , 백찬준 , (엔지니어링)기계설비-생산성향상기술 , 2026-02-02 , 기술축적 , 철강분야 , 정량효과 ,"1,537,494,163",0,0,0,0,0,0,0,0,0,0,0,0,0, 생산성향상 ," ○ 정량효과: 1,537,494,163원/년 - 산출식: 가동중단 4 hr / (51.4 min/ch) * 280 ton/ch * 고정가공비 39,200원/ton * 연환산 절손횟수 30회/년 - 연환산 절손 횟수 = 5회/월 x 50% (절손에 따른 가동 중단 비율) x 12개월/년 = 30회/년 . 월 절손 5회/월 (타사 벤치마킹사례) . 절손에 의한 가동 중단 비율 50% (가정) ","810,223,850","1,537,494,163",4,40,"6,149,976,652",7.59, 과제종결(완료평가) 
898,20259001, 기술전략_일반 , 2025P155 , 원료 야드 Pile 맵핑을 활용한 리클레이머 자동화 기술 개발 (2/2) , 2025-03-31 , 2026-06-12 , 2026-06-14 ,"1,163,212,000","2,008,738,000","1,298,114,403",2,2, 공정DX연구소 로봇AI연구그룹 ,  , 공정DX연구소 로봇AI연구그룹 , 공정DX연구소 로봇AI연구그룹 , 이종현 , (포항)제선부 , 김성연 , (엔지니어링)제어계측-생산성향상기술 , 2026-08-17 , 기술축적 , 철강분야 , 정량효과 ,0,0,0,0,0,0,0,0,0,0,0,"80,000,000",0,0, 자동화에의한인력합리 , 원료공장 3원료 통합 운영체계 구축을 통한 인원 최적화에 기여 (RC-501호 자동화에 따른 3원료 일일업무 4.8시간/일 단축으로 기여율 20% 적용) * 4/1일부 3원료 직영 4명 축소(4개조 조별 T/O 8→ 7명)에 해당 과제 기여 ○ 정량적 산출 : 인당 생산성 0.8명 (직원 연봉 1억 기준 8천만원/년 저감) ,"1,163,212,000","80,000,000",4,100,"320,000,000",0.28, 과제종결(완료평가) 
899,20259012, 현안과제 , 2025P061 , CG 고유기술 양산적용 확대위한 고객인증물성 DB 구축 , 2025-01-06 , 2025-08-29 , 2025-09-29 ,"338,875,000","338,875,000","319,222,956",1,1, 솔루션연구소 제품승인평가섹션 ,  , 철강솔루션연구소 접합연구그룹 , 철강솔루션연구소 접합연구그룹 , 우인수 , 글로벌제품기술실 자동차소재기술그룹 , 정진희 , (제품)냉연제품-품질개선기술 , 2025-10-01 , 기술축적 , 철강분야 , 정량효과 ,0,"3,064,000,000",0,0,0,0,0,0,0,0,0,0,0,0, 원단위절감 ," 내부산화 전환 적용에 따른 CG제품 제조원가 절감 199,000톤/년*15,400원/톤 = 3,064백만원 ○ 기존 A코팅 → 내부산화 ○ GA 고YS 1180CP 2.0t 현대기아 → 전사이즈/고객사 적용 - 15,400원/톤 : 내부산화 전환 적용에 따른 CG제품 제조원가 절감 (16.1천원/톤 → 700원/톤) ","338,875,000","3,064,000,000",4,30,"12,256,000,000",36.17, 과제종결(완료평가) 
900,20259017, 기술전략_전략 , 2025P185 , L-CO2 Tank 후열처리 대체 MSR 기술의 선급 규격 등재/인증을 위한 제어인자 및 제어효과 정량 평가(D) , 2025-05-05 , 2026-07-17 , 2026-06-30 ,"802,241,000","802,241,000","670,074,320",1,1, 솔루션연구소 강재솔루션연구그룹 ,  , 솔루션연구소 강재솔루션연구그룹 , 솔루션연구소 강재솔루션연구그룹 , 이재익 , 에너지조선마케팅실 솔루션개발섹션 , 김병학 , (이용)접합 , 2026-12-18 , 철강신수요창출 , 철강분야 , 정성효과 ,0,0,0,0,0,0,0,0,0,0,0,0,0,0,  ,  ,"802,241,000",0,  ,  ,0,0, 과제종결(완료평가) 
901,20259022, 기술전략_장기 , 2025P060 , 성형공정 중 파단 방지를 위한 유입제어 기술 개발 , 2025-01-06 , 2025-12-26 , 2025-12-12 ,"1,565,121,600","1,565,121,600","1,169,320,901",1,1, 솔루션연구소 자동차소재솔루션연구그룹 ,  , 철강솔루션연구소 성형연구그룹 , 철강솔루션연구소 성형연구그룹 , 김태효 , 철강솔루션연구소 성형연구그룹 , 김홍기 , (이용)가공 , 2026-06-30 , 고객기술지원 , 철강분야 , 정성효과 ,0,0,0,0,0,0,0,0,0,0,0,0,0,0,  ,  ,"1,565,121,600",0,  ,  ,0,0, 과제종결(완료평가) 
902,20259023, 기술전략_전략 , 2025P099 , 가전용 비철 소재 부품 및 Al 도금 대체용 철강재 적용 확대 솔루션 개발 , 2025-02-03 , 2026-01-23 , 2025-12-15 ,"488,546,400","488,546,400","380,442,115",1,1, 솔루션연구소 강재솔루션연구그룹 ,  , 철강솔루션연구소 성능연구그룹 , 철강솔루션연구소 성능연구그룹 , 박동휘 , 강건재가전마케팅실 강건재가전솔루션그룹 , 전형준 , (이용)강재성능 , 2026-02-02 , 철강신수요창출 , 철강분야 , 정성효과 ,0,0,0,0,0,0,0,0,0,0,0,0,0,0,  ,  ,"488,546,400",0,  ,  ,0,0, 과제종결(완료평가) 
903,20259026, 기술전략_장기 , 2025P025 , 고강도강 성형성 향상을 위한 고하중 윤활강판 개발 , 2025-01-06 , 2025-11-28 , 2025-12-01 ,"922,042,800","2,362,162,200","1,168,561,857",3,1, 자동차소재연구소 표면연구그룹 ,  , 자동차소재연구소 표면연구그룹 , 자동차소재연구소 표면연구그룹 , 조용균 , 철강솔루션연구소 성형연구그룹 , 김홍기 , (제품)표면처리제품-선도제품개발기술 , 2028-01-01 , 철강신수요창출 , 철강분야 , 정량효과 ,0,0,0,0,0,0,"11,895,870,000",0,0,0,0,0,0,0, 신수요창출 , 119억원/년 = [고강도강 윤활강판 신수요 이익]* - [일반강 미판매에 따른 손실]** * 228억원/년 = 기가스틸 71억원/년('24년 판매량 기준 10%(3만톤)x'24년 이익(18.6%)x자동차강판 평균 판매가(130만원/톤)) + AHSS 156억원/년('24년 판매량 기준 10%(7만톤)x'24년 이익(17.1%)x자동차강판 평균 판매가(130만원/톤)) **109억원/년 = 10만톤/년(미판매) x 10.9%(자동차 일반강 영업이익) x 100만원/톤(탄소강판매가) ,"922,042,800","11,895,870,000",4,60,"47,583,480,000",51.61, 과제종결(단계완료평가) 
904,20259029, 기술전략_전략 , 2025P116 , 3-1연주 In-Roll EMS 강건화 설계 , 2025-01-13 , 2026-01-09 , 2026-02-25 ,"829,032,942","829,032,942","805,036,931",1,1, 공정DX연구소 압연엔지니어링연구그룹 ,  , 공정DX연구소 엔지니어링연구그룹 , 공정DX연구소 엔지니어링연구그룹 , 방종근 , (광양)제강부 , 문호정 , (공정)제강공정-생산성향상기술 , 2026-01-30 , 기술축적 , 철강분야 , 정량효과 ,0,0,0,"2,080,000,000",0,0,0,0,0,0,0,0,0,0, 자재수명향상 ," ○ 정량효과: 20.8억원/년 - In-Roll EMS 파손 시 비계획 교체 저감 : In-Roll EMS set 단가(354,000천원) x 교체횟수(4회/연)=14.2억원/연 - EMS 가이드롤 재사용 : 가이드롤 단가(41,338천원) x 재사용수량(16개/연)=6.6억원/연 ","829,032,942","2,080,000,000",4,50,"8,320,000,000",10.04, 과제종결(완료평가) 
905,20259030, 현안과제 , 2025P133 , 스케일 흑피 밀착성 특화 열연 후물 제품 개발 , 2025-03-03 , 2026-04-24 , 2026-04-24 ,"618,989,200","618,989,200","993,110,226",1,1, 제품연구소 표면연구그룹 ,  , 제품연구소 표면연구그룹 , 제품연구소 표면연구그룹 , 손일령 , (광양)품질기술부 , 장성호 , (공정)열연공정-제품양산기술 , 2026-10-01 , 철강신수요창출 , 철강분야 , 정성효과 ,0,0,0,0,0,0,0,0,0,0,0,0,0,0,  ,  ,"618,989,200",0,  ,  ,0,0, 과제종결(완료평가) 
906,20259038, 기술전략_일반 , 2025P127 , 5고로 풍구영상 연소상태 AI Digitization 진단 및 지능형 미분탄 취입 커팅제어 기술 개발 , 2025-02-24 , 2026-05-29 , 2026-06-17 ,"849,042,400","849,042,400","965,154,170",1,1, 공정DX연구소 로봇AI연구그룹 ,  , 공정DX연구소 로봇AI연구그룹 , 공정DX연구소 로봇AI연구그룹 , 신기영 , (광양)제선부 , 손기완 , (엔지니어링)제어계측-Smart solution기술(AI/Big Data/IoT) , 2026-06-01 , 철강신수요창출 , 철강분야 , 정량효과 ,0,"815,600,000",0,0,0,0,0,0,0,0,0,0,0,0, 원단위절감 ," 노중부 연소 상태 예측 및 안정화를 통한 환원제비 절감 - 연료비 저감 이익 : [('24년CR - 적용후 예상 CR) × Coke단가+ ('24년 PCR– 적용후 예상 PCR) × PCR단가] × 용선생산량/1000 × 365일x 기여율 = [(333.8-330.8)kg/tHM × 552,776원/t-Coke + (150.8-149.8)kg/tHM × 289,207원/t-PCR] ×4,188,100ton/1000 × 10% = 815.6백만원 ","849,042,400","815,600,000",4,100,"3,262,400,000",3.84, 과제종결(완료평가) 
907,20259040, 기술전략_전략 , 2025P120 , CBAM 및 탄소 저감 제품 생산 대응 고로 Scrap 사용 조업 기술 개발 , 2025-02-17 , 2025-12-26 , 2025-12-24 ,"712,871,600","712,871,600","762,314,647",1,1, 공정DX연구소 제선연구그룹 ,  , 공정DX연구소 제선연구그룹 , 공정DX연구소 제선연구그룹 , 김주훈 , (포항)제선부 , 김성연 , (공정)제선공정-생산성향상기술 , 2026-01-01 , 기술축적 , 철강분야 , 정성효과 ,0,0,0,0,0,0,0,0,0,0,0,0,0,0,  ,  ,"712,871,600",0,  ,  ,0,0, 과제종결(완료평가) 
908,20259043, 기술전략_장기 , 2025P073 , 친환경 고스크랩 강판의 이용품질 분석 및 향상기술 개발 , 2025-01-06 , 2025-12-26 , 2025-12-13 ,"839,278,013","839,278,013","701,126,157",1,1, 솔루션연구소 제품승인평가섹션 ,  , 철강솔루션연구소 성능연구그룹 , 철강솔루션연구소 성능연구그룹 , 김동완 , 철강솔루션연구소 성능연구그룹 , 이기호 , (이용)강재성능 , 2026-01-05 , 기술축적 , 철강분야 , 정성효과 ,0,0,0,0,0,0,0,0,0,0,0,0,0,0,  ,  ,"839,278,013",0,  ,  ,0,0, 과제종결(완료평가) 
909,20259044, 기술전략_전략 , 2025P094 , POCEL 표면결함이 내식성에 미치는 영향성 규명 및 내열성 향상 솔루션 개발 , 2025-01-20 , 2025-11-28 , 2025-11-26 ,"821,865,900","821,865,900","639,830,144",1,1, 솔루션연구소 강재솔루션연구그룹 ,  , 철강솔루션연구소 성능연구그룹 , 철강솔루션연구소 성능연구그룹 , 박중철 , 마케팅전략실 솔루션기획그룹 , 이종민 , (이용)강재성능 , 2026-01-05 , 기술축적 , 철강분야 , 정량효과 ,0,0,0,0,0,0,"3,200,000,000",0,0,0,0,0,0,0, 신수요창출 ," ○ 정량효과 : 배터리셀용 소재 판매확대 32억원/년 POCEL 판매목표(판매증가) : ’25년 50/’26년 75/’27년 100/’28년 120/’29년 160천톤 (향후 4년 255천톤) 신수요창출 255천톤/4년 및 영업이익 50천원/톤 = 32억원/년, 기술지속년수 4년 및 연구기여도 10% ","821,865,900","3,200,000,000",4,8,"12,800,000,000",15.57, 과제종결(완료평가) 
910,20259046, 기술전략_장기 , 2025P013 , Scarfing free 주편 세라믹 코팅을 통한 HCR 향상 기술 개발 , 2025-01-06 , 2026-02-27 , 2026-03-22 ,"1,025,578,300","1,025,578,300","1,068,969,914",1,1, 미래철강연구소 차세대철강연구그룹 ,  , 미래철강연구소 차세대철강연구그룹 , 미래철강연구소 차세대철강연구그룹 , 변윤기 , 미래철강연구소 차세대철강연구그룹 , 김상석 , (공정)제강공정-원가절감기술 , 2026-12-31 , 기술축적 , 철강분야 , 정량효과 ,0,"2,331,550,000,000",0,0,0,0,0,0,0,0,0,0,0,0, 원단위절감 ," ▷[정효과] 전면스카핑원단가 : 14,600원/ton 부분스카핑원단가 : 1,693원/ton, Scarfing 비율 : 부분/전면=6/4, 스카핑 평균 원단위 : 6,855.8원/ton ▷[부효과] 고온 세라믹코팅 원단가 (추정) : 소재원단위 0.6kg/ton, 소재단가 3,000원/kg, 설비감가삼각 포함 세라믹코팅공정 원단위 : 2,500원/ton ▷ ’23년 포스코 조강생산량 : 35,685kton ▷ CCR → HCR 생산전환율 목표 : 15% (5,352,750ton) ▷ 정량 기대효과 산출 계산식 → 35,685,000ton/년 * 0.15(생산전환율) *4355.8원/ton = 23,315,508,450원/년 ","1,205,578,300", ############# ,4,90, ############# ,7735.87, 과제종결(완료평가) 
911,20259047, 기술전략_장기 , 2025P081 , 가전용 GI 내지문 강판 개발 , 2025-02-03 , 2025-10-31 , 2025-10-13 ,"582,015,600","582,015,600","668,031,482",1,1, 제품연구소 표면연구그룹 ,  , 자동차소재연구소 표면연구그룹 , 자동차소재연구소 표면연구그룹 , 이정환 , 제품연구소 표면연구그룹 , 남경훈 , (제품)표면처리제품-선도제품개발기술 , 2027-06-30 , 철강신수요창출 , 철강분야 , 정성효과 ,0,0,0,0,0,0,0,0,0,0,0,0,0,0,  ,  ,"582,015,600",0,  ,  ,0,0, 과제종결(완료평가) 
912,20259057, 기술전략_전략 , 2025P130 , 품질불량 저감형 BCA 보증강 제조조건 도출 , 2025-03-03 , 2026-02-20 , 2026-02-26 ,"424,916,800","424,916,800","615,587,710",1,1, 제품연구소 열연선재후판연구그룹 ,  , 제품연구소 열연선재후판연구그룹 , 제품연구소 열연선재후판연구그룹 , 이학철 , 글로벌제품기술실 열연제품기술그룹 , 윤철수 , (제품)후판제품-양산제품개발기술 , 2026-09-01 , 기타 , 철강분야 , 정량효과 ,0,0,0,0,0,0,0,"500,000,000",0,0,0,0,0,0, 실수율/품질향상 ," 실패비용 100천원/ton 개선 (‘23~24년 기준, 광양소 실패비용 197천원) x 연간 5,000톤 = 5억원/년 ","524,916,800","500,000,000",4,50,"2,000,000,000",3.81, 과제종결(완료평가) 
913,20259058, 기술전략_장기 , 2025P071 , 철강기반 충돌/화재 안전성 강화 배터리팩 경량화 솔루션 개발 , 2025-01-20 , 2026-01-16 , 2026-01-29 ,"2,035,846,260","2,035,846,260","1,565,147,129",1,1, 솔루션연구소 자동차소재솔루션연구그룹 ,  , 솔루션연구소 자동차소재솔루션연구그룹 , 솔루션연구소 자동차소재솔루션연구그룹 , 위상권 , 솔루션연구소 자동차소재솔루션연구그룹 , 김홍기 , (이용)가공 , 2026-01-19 , 철강신수요창출 , 철강분야 , 정성효과 ,0,0,0,0,0,0,0,0,0,0,0,0,0,0,  ,  ,"2,035,846,260",0,  ,  ,0,0, 과제종결(완료평가) 
914,20259059, 기술전략_장기 , 2025P012 , 고연신 기가스틸을 이용한 탄소발자국 저감 냉간성형 부품화 기술 개발 , 2025-01-06 , 2025-12-26 , 2025-12-30 ,"756,410,500","756,410,500","538,909,076",1,1, 솔루션연구소 자동차소재솔루션연구그룹 ,  , 솔루션연구소 자동차소재솔루션연구그룹 , 솔루션연구소 자동차소재솔루션연구그룹 , 김동진 , 철강솔루션연구소 성형연구그룹 , 김홍기 , (이용)가공 , 2026-01-01 , 고객기술지원 , 철강분야 , 정성효과 ,0,0,0,0,0,0,0,0,0,0,0,0,0,0,  ,  ,"756,410,500",0,  ,  ,0,0, 과제종결(완료평가) 
915,20259060, 기술전략_일반 , 2025P001 , 후물 후도금 HGI 표면품질에 미치는 공정조건의 영향 평가 및 개선안 도출 , 2025-01-06 , 2025-11-28 , 2025-12-26 ,"555,687,600","555,687,600","739,946,362",1,1, 제품연구소 표면연구그룹 ,  , 자동차소재연구소 표면연구그룹 , 자동차소재연구소 표면연구그룹 , 이석규 , (광양)도금부 , 민경오 , (공정)표면처리공정-불량율저감기술 , 2026-10-01 , 기술축적 , 철강분야 , 정량효과 ,0,0,0,0,0,0,0,"100,000,000",0,0,0,0,0,0, 실수율/품질향상 , 클레임 저감: 1억/년 ,"555,687,600","100,000,000",4,80,"400,000,000",0.72, 과제종결(완료평가) 
916,20259061, 현안과제 , 2025P092 , 2열연 FM 및 DC Side guide 부품 수명향상 기술개발 확대적용 , 2025-02-03 , 2026-01-30 , 2026-01-27 ,"922,271,200","922,271,200","1,113,672,307",1,1, 제품연구소 표면연구그룹 ,  , 제품연구소 표면연구그룹 , 제품연구소 표면연구그룹 , 이현범 , (광양)열연부 , 기호중 , (공정)열연공정-생산성향상기술 , 2026-02-02 , 기술축적 , 철강분야 , 정성효과 ,0,0,0,0,0,0,0,0,0,0,0,0,0,0,  ,  ,"922,271,200",0,  ,  ,0,0, 과제종결(완료평가) 
917,20259066, 기술전략_전략 , 2025P157 , 2-1M/C 합리화 연주기 DTTM 및 RGC 자력 제어시스템 개발 , 2025-04-07 , 2025-10-31 , 2025-10-30 ,"783,020,300","783,020,300","399,102,105",1,1, 공정DX연구소 제강연구그룹 ,  , 강재연구소 제강연구그룹 , 강재연구소 제강연구그룹 , 원영목 , (광양)제강부 , 문호정 , (공정)제강공정-제품양산기술 , 2027-03-31 , 기술축적 , 철강분야 , 정량효과 ,0,0,0,0,0,0,0,"1,317,912,833",0,0,0,0,0,0, 실수율/품질향상 ," [투엔실 투자심의 제안서 근거] o 정품증가량 x 판매 단가차 = 3,100톤/년 x 427,048원/톤 = 1,317,912,833원/년 - 정품증가량(톤/년)='26년 차외판 예상 생산량 x 부적합개선=243,000톤/년x1.27%=3,086톤/년 ㄴ 차외판 품질 부적합 개선 : 개선전 2.97% -> 개선후 1.7%, 1.27% 개선 - 판매 단가차(원/톤) = 정품-주문외 부적합 판매가=1,327,189원/톤 - 900,141원/톤=427,048원/톤 ","783,020,300","1,317,912,833",4,50,"5,271,651,332",6.73, 과제종결(완료평가) 
918,20259067, 기술전략_장기 , 2025P208 , 굽힘성 및 내충격성이 우수한 냉연 YS 800/1000MPa급 Super HSLA 컨셉 개발 , 2025-06-16 , 2026-05-15 , 2026-05-14 ,"780,249,000","780,249,000","1,167,061,249",1,1, 제품연구소 자동차소재연구그룹 ,  , 제품연구소 자동차소재연구그룹 , 제품연구소 자동차소재연구그룹 , 이일철 , 제품연구소 자동차소재연구그룹 , 김성일 , (제품)냉연제품-선도제품개발기술 , 2026-07-06 , 기술축적 , 철강분야 , 정성효과 ,0,0,0,0,0,0,0,0,0,0,0,0,0,0,  ,  ,"780,249,000",0,  ,  ,0,0, 과제종결(완료평가) 
919,20259068, 기술전략_전략 , 2025P005 ," 표면물성 차별화를 위한 Giga급 CR재 탈탄, 내부산화 공정기술 개발 ", 2025-01-06 , 2025-12-26 , 2025-12-16 ,"1,054,266,800","1,054,266,800","1,219,108,245",1,1, (광양)GigaSteel프로젝트팀 ,  , 자동차소재연구소 표면연구그룹 , 자동차소재연구소 표면연구그룹 , 이원휘 , (광양)냉연부 , 정순학 , (공정)냉연공정-생산성향상기술 , 2025-12-31 , 철강신수요창출 , 철강분야 , 정성효과 ,0,0,0,0,0,0,0,0,0,0,0,0,0,0,  ,  ,"1,054,266,800",0,  ,  ,0,0, 과제종결(완료평가) 
920,20259072, 기술전략_장기 , 2025P010 , PosMAC-X 도금욕 안정성 확보 및 성분계 최적화 기술 개발 , 2025-01-06 , 2025-12-26 , 2025-12-02 ,"1,537,631,800","1,537,631,800","1,762,570,603",1,1, 미래철강연구소 차세대철강연구그룹 ,  , 자동차소재연구소 표면연구그룹 , 자동차소재연구소 표면연구그룹 , 김영하 , 제품연구소 표면연구그룹 , 남경훈 , (제품)표면처리제품-선도제품개발기술 , 2028-01-01 , 철강신수요창출 , 철강분야 , 정성효과 ,0,0,0,0,0,0,0,0,0,0,0,0,0,0,  ,  ,"1,537,631,800",0,  ,  ,0,0, 과제종결(완료평가) 
921,20259073, 기술전략_전략 , 2025P148 , 이젝터 방식 무동력 메탈펌핑 기술 개발 , 2025-04-07 , 2026-06-26 , 2026-06-21 ,"1,158,435,200","1,158,435,200","1,126,240,344",1,1, 공정DX연구소 압연엔지니어링연구그룹 ,  , 공정DX연구소 엔지니어링연구그룹 , 공정DX연구소 엔지니어링연구그룹 , 권용훈 , (광양)압연설비2부 , 김현성 , (공정)표면처리공정-원가절감기술 , 2027-06-01 , 기술축적 , 철강분야 , 정량효과 ,"720,000,000",0,0,0,0,0,0,0,0,0,0,0,0,0, 생산성향상 ," O. 메탈펌프 및 Snorkel 교체시간 단축에 의한 생산성 향상 (단축시간 10hr) - 년간 7200톤 증산 (60톤/hr*10hr*12) - 판매가 120만원/톤, 영업이익율 10% - 산출식 : 7200(톤/년) * 120(만원/톤) * 10% ","1,158,435,200","720,000,000",4,50,"2,880,000,000",2.49, 과제종결(완료평가) 
922,20259076, 현안과제 , 2025P036 , 자동차 외판용 GI BH강 품질부적합 개선 위한 원인분석 및 AI기반 조업조건 재지시 모델개발 , 2025-01-06 , 2025-12-26 , 2025-12-29 ,"790,326,000","790,326,000","854,348,496",1,1, 제품연구소 자동차소재연구그룹 ,  , 제품연구소 자동차소재연구그룹 , 제품연구소 자동차소재연구그룹 , 하유미 , (광양)품질기술부 , 장성호 , (공정)냉연공정-불량율저감기술 , 2026-01-05 , 기술축적 , 철강분야 , 정량효과 ,0,0,0,0,0,0,0,"914,000,000",0,0,0,0,0,0, 실수율/품질향상 ," GI180/210 부적합 개선량 * 제강~도금 변동가공비 : ((5.6-3.6)*95259)*400,000 *(10*12)= 9.14억/년 ","790,326,000","914,000,000",3,50,"2,742,000,000",3.47, 과제종결(완료평가) 
923,20259077, 기술전략_장기 , 2025P084 , 해저케이블용 비자성 고Mn강 선재 양산 가능 프로세스 도출 , 2025-02-03 , 2026-01-23 , 2026-02-04 ,"905,109,454","905,109,454","994,843,734",1,1, 제품연구소 열연선재후판연구그룹 ,  , 제품연구소 열연선재후판연구그룹 , 제품연구소 열연선재후판연구그룹 , 김현진 , 제품연구소 열연선재후판연구그룹 , 고성웅 , (제품)선재제품-선도제품개발기술 , 2026-02-02 , 철강신수요창출 , 철강분야 , 정성효과 ,0,0,0,0,0,0,0,0,0,0,0,0,0,0,  ,  ,"905,109,454",0,  ,  ,0,0, 과제종결(완료평가) 
924,20259078, 현안과제 , 2025P009 , 강건재용 GA 무기계 Cr-free 코팅강판 개발 , 2025-01-06 , 2026-06-26 , 2026-06-30 ,"591,838,000","591,838,000","816,986,694",1,1, 제품연구소 표면연구그룹 ,  , 제품연구소 표면연구그룹 , 제품연구소 표면연구그룹 , 최하나 , 글로벌제품기술실 냉연제품기술그룹 , 손희만 , (제품)표면처리제품-선도제품개발기술 , 2026-12-31 , 철강신수요창출 , 철강분야 , 정량효과 ,0,0,"240,000,000",0,0,0,0,0,0,0,0,0,0,0, 제품개발/수입대체 , 연간 기대이익 2.4억원 [산출 근거] = 연간 예상 판매량 3천톤/년 * 영업이익 80천원 = 2.4억원 ,"591,838,000","240,000,000",4,50,"960,000,000",1.62, 과제종결(완료평가) 
925,20259080, 기술전략_일반 , 2025P024 , STS 3제강 Smart AOD 조업 기술 개발 , 2025-01-06 , 2025-12-26 , 2025-12-26 ,"722,320,800","722,320,800","520,141,892",1,1, 공정DX연구소 제강연구그룹 , (포항)STS제강부 기술개발섹션 , 공정DX연구소 제강연구그룹 , 공정DX연구소 제강연구그룹 , 정은주 , (포항)STS제강부 , 송원용 , (공정)STS공정-원가절감기술 , 2026-01-05 , 기술축적 , 철강분야 , 정성효과 ,0,0,0,0,0,0,0,0,0,0,0,0,0,0,  ,  ,"722,320,800",0,  ,  ,0,0, 과제종결(완료평가) 
926,20259081, 기술전략_장기 , 2025P027 , 철강 적용 각형배터리 셀케이스 설계 기술 개발 , 2025-01-06 , 2026-04-17 , 2026-04-15 ,"1,241,293,647","1,241,293,647","1,039,363,717",1,1, 솔루션연구소 강재솔루션연구그룹 ,  , 솔루션연구소 강재솔루션연구그룹 , 솔루션연구소 강재솔루션연구그룹 , 정한용 , 솔루션연구소 강재솔루션연구그룹 , 홍승갑 , (이용)가공 , 2026-05-01 , 철강신수요창출 , 철강분야 , 정성효과 ,0,0,0,0,0,0,0,0,0,0,0,0,0,0,  ,  ,"1,241,293,647",0,  ,  ,0,0, 과제종결(완료평가) 
927,20259082, 기술전략_장기 , 2025P098 , YS 180~270MPa급 저온baking형 소부경화강 미래선도기술 개발 , 2025-02-03 , 2025-12-26 , 2025-12-31 ,"805,444,000","805,444,000","996,157,586",1,1, 제품연구소 자동차소재연구그룹 ,  , 제품연구소 자동차소재연구그룹 , 제품연구소 자동차소재연구그룹 , 한성호 , 제품연구소 자동차소재연구그룹 , 김성일 , (제품)냉연제품-선도제품개발기술 , 2026-07-01 , 철강신수요창출 , 철강분야 , 정성효과 ,0,0,0,0,0,0,0,0,0,0,0,0,0,0,  ,  ,"805,444,000",0,  ,  ,0,0, 과제종결(완료평가) 
928,20259083, 기술전략_전략 , 2025P152 , GGA용 G3-PNX 고강도화 및 G4-PNX 신제품 개발 , 2025-03-31 , 2026-03-27 , 2026-04-03 ,"838,948,000","838,948,000","851,800,407",1,1, 제품연구소 냉연도금연구그룹 ,  , 제품연구소 냉연도금연구그룹 , 제품연구소 냉연도금연구그룹 , 홍재완 , 글로벌제품기술실 자동차소재기술그룹 , 김현 , (제품)전기강판제품-선도제품개발기술 , 2027-06-01 , 철강신수요창출 , 철강분야 , 정량효과 ,0,0,"1,500,000,000",0,0,0,0,0,0,0,0,0,0,0, 제품개발/수입대체 , 예상 판매량 5천톤/년 x 영업이익 30만원/톤 = 15억/년 *예상 영업이익: GGA용 PNX 25PNX3200J 평균 영업어익 ,"838,948,000","1,500,000,000",4,80,"6,000,000,000",7.15, 과제종결(완료평가) 
929,20259084, 기술전략_전략 , 2025P195 , 광석 맥석 존재상태와 석탄 Ash 융점을 고려한 HCI 용융성 향상 기술 , 2025-05-26 , 2026-04-24 , 2026-04-20 ,"632,948,500","632,948,500","759,469,449",1,1, 미래철강연구소 수소환원제철연구그룹 ,  , 미래철강연구소 수소환원제철연구그룹 , 미래철강연구소 수소환원제철연구그룹 , 박우일 , (포항)FINEX부 , 김태훈 , (공정)제선공정-생산성향상기술 , 2026-05-04 , 기술축적 , 철강분야 , 정량효과 ,0,"3,950,000,000",0,0,0,0,0,0,0,0,0,0,0,0, 원단위절감 ," 3FINEX 26년 경영생산량: 170만톤 기존탄(BG)238,367-저가탄(BTS)218,111 가격차 = 20,256 원/톤('26.2기준) 성형탄비 459kg/t-p, BG탄 대체 목표 25% =1701100 t-p/년 * 459kg/t-p * 0.25 * 20,256원/t-p = 39.5억원/년 ","632,948,500","3,950,000,000",3,40,"11,850,000,000",18.72, 과제종결(완료평가) 
930,20259087, 기술전략_전략 , 2025P042 , HyREX ESF의 분DRI 직사용 기술 개발 , 2025-01-06 , 2025-12-26 , 2026-01-02 ,"1,004,258,400","1,004,258,400","1,070,037,258",1,1, 공정DX연구소 압연엔지니어링연구그룹 ,  , 공정DX연구소 엔지니어링연구그룹 , 공정DX연구소 엔지니어링연구그룹 , 박종인 , HyREX추진반 , 윤영식 , (엔지니어링)열유체-생산성향상기술 , 2026-12-31 , 기술축적 , 철강분야 , 정성효과 ,0,0,0,0,0,0,0,0,0,0,0,0,0,0,  ,  ,"1,004,258,400",0,  ,  ,0,0, 과제종결(완료평가) 
931,20259089, 기술전략_장기 , 2025P097 , 축방향모터 코어용 연자성 선재 요소기술 개발 , 2025-02-03 , 2026-05-22 , 2026-05-22 ,"1,373,831,500","1,373,831,500","1,598,878,349",1,1, 제품연구소 열연선재후판연구그룹 ,  , 제품연구소 열연선재후판연구그룹 , 제품연구소 열연선재후판연구그룹 , 이상윤 , 제품연구소 열연선재후판연구그룹 , 고성웅 , (제품)선재제품-선도제품개발기술 , 2029-01-01 , 기술축적 , 철강분야 , 정성효과 ,0,0,0,0,0,0,0,0,0,0,0,0,0,0,  ,  ,"1,373,831,500",0,  ,  ,0,0, 과제종결(완료평가) 
932,20259091, 기술전략_전략 , 2025P107 , 2열연 Crown 개선을 위한 수식모델 Ensemble AI 형상 예측 기술 개발 , 2025-02-03 , 2026-07-31 , 2026-07-29 ,"867,892,294","867,892,294","792,930,596",1,1, 공정DX연구소 압연엔지니어링연구그룹 ,  , 공정DX연구소 압연엔지니어링연구그룹 , 공정DX연구소 압연엔지니어링연구그룹 , 조용석 , (포항)열연부 , 서민교 , (공정)열연공정-제품양산기술 , 2027-01-01 , 기술축적 , 철강분야 , 정량효과 ,0,0,0,"200,000,000",0,0,0,"210,000,000",0,0,0,0,0,"340,000,000"," 실수율/품질향상,자재수명향상,기타 "," ○ Crown 저감을 통한 열연 소재 및 최종제품 두께 균일성 확보 ○ 열연 형상 자동 설정 및 공정조건 최적화 기술로 활용 ○ 기대이익 : 7.5억원/년 - 포항 2열연 형상 Issue 해소에 따른 Hyper NO Roll 수명 연장 : 2.0 억원/년 mm당 연마비용 * Hyper NO 1회당 연마량 * 1년 Hyper NO 연마 횟수 * 2/3 *6 * 12/8 ※ 현재 44매/Roll → 66매/Roll 롤 사용량 2/3로 감소, F5~7 교체 (6개) mm당 연마비용 * 1회 약 0.6mm 연삭 * 6개 * 150회 * 2/3 * 12/8 - 포항 2열연 형상 관련 부적합 저감 : 2.1 억원/년 형상 관련 품질부적합 개선량 * 정정변동가공비 + 형상 관련 품질부적합 개선량 * 정정실수율 *(판매가 - Scrap가) = 40557ton * 10% 개선 * 1084원/ton + 40557ton * 10% 개선 * 98.51% *(955,905-556,219)원/ton - 포항 STS 고객사 Trimming량 저감을 통한 실수율 향상 : 3.4억원/년 ","867,892,294","750,000,000",4,70,"3,000,000,000",3.46, 과제종결(완료평가) 
933,20259092, 기술전략_일반 , 2025P156 , 부식환경에서 Mart강의 내수소취성에 미치는 핵심인자 도출 및 솔루션 개발 , 2025-04-07 , 2025-12-26 , 2025-12-12 ,"728,868,900","728,868,900","555,172,951",1,1, 솔루션연구소 자동차소재솔루션연구그룹 ,  , 철강솔루션연구소 성능연구그룹 , 철강솔루션연구소 성능연구그룹 , 황아인 , 자동차소재마케팅실 자동차소재솔루션그룹 , 이윤한 , (이용)강재성능 , 2026-01-01 , 고객기술지원 , 철강분야 , 정성효과 ,0,0,0,0,0,0,0,0,0,0,0,0,0,0,  ,  ,"728,868,900",0,  ,  ,0,0, 과제종결(완료평가) 
934,20259093, 기술전략_장기 , 2025P085 , Radiant Plate Scale-up 기술 개발 , 2025-01-06 , 2026-06-26 , 2026-06-30 ,"1,272,611,233","1,272,611,233","1,391,521,212",1,1, 미래철강연구소 차세대철강연구그룹 ,  , 미래철강연구소 차세대철강연구그룹 , 미래철강연구소 차세대철강연구그룹 , 이동은 , 미래철강연구소 차세대철강연구그룹 , 김상석 , (엔지니어링)열유체-원가절감기술 , 2026-12-31 , 기술축적 , 철강분야 , 정성효과 ,0,0,0,0,0,0,0,0,0,0,0,0,0,0,  ,  ,"1,272,611,233",0,  ,  ,0,0, 과제종결(완료평가) 
935,20259094, 기술전략_일반 , 2025P228 , 강종통합형 저원가 CR/GA 980DP 현장적용 연구 , 2025-07-14 , 2026-06-26 , 2026-07-24 ,"1,119,567,500","1,119,567,500","579,507,599",1,1, (광양)GigaSteel프로젝트팀 ,  , (광양)GigaSteel프로젝트팀 , (광양)GigaSteel프로젝트팀 , 안연상 , 글로벌제품기술실 자동차소재기술그룹 , 김현 , (제품)냉연제품-양산제품개발기술 , 2027-01-01 , 철강신수요창출 , 철강분야 , 정량효과 ,0,"6,232,008,078",0,0,0,0,0,0,0,0,0,0,0,0, 원단위절감 ," ■ 기대 효과: 62.3억/년 (우선전환대상 기준: 현대차기아, 포비아, 국내부품사), 119억원/년 (CR/GA 전체 고객사 대체 기준) ○62.3억원/년 (우선전환대상인 현대차기아, 포비아, 국내부품사향 73,224톤 대체 기준) - [저YS] 판매량 46,285톤 x 성분원가 저감액 105,472원/톤 + [고YS] 판매량 26,939톤 x 성분원가 저감액 50,122원/톤 = 6,232,008,078 원/톤 ○ 119.4억원/년 (’25년 CR/GA 980DP 판매량 146천톤 전량 대체 기준) - [저YS] 판매량 83,145톤 x 성분원가 저감액 105,472원/톤 + [고YS] 판매량 63,278톤 x 성분원가 저감액 50,122원/톤= 11,941,089,356 원/톤 ","1,119,567,500","6,232,008,078",4,80,"24,928,032,312",22.27, 과제종결(완료평가) 
936,20259095, 기술전략_전략 , 2025P041 , Poseidon600 법제화 및 항만 강관파일 경제성 향상 방안 연구 , 2025-01-06 , 2025-09-26 , 2025-09-26 ,"484,404,200","484,404,200","446,949,213",1,1, 솔루션연구소 강건재솔루션연구그룹 ,  , 철강솔루션연구소 구조연구그룹 , 철강솔루션연구소 구조연구그룹 , 이종구 , 강건재가전마케팅실 강건재가전솔루션그룹 , 전형준 , (이용)강구조 , 2026-03-31 , 철강신수요창출 , 철강분야 , 정량효과 ,0,0,0,0,0,0,"1,245,000,000",0,0,0,0,0,0,0, 신수요창출 , 기대이익 산출 내역 : (15천톤/년- 7.5천톤/년) x 166천원/톤(Poseidon500 영업이익) - 기존) Poseidon500 7.5천톤/년 - 변경) ’27년 이후 Poseidon500 & Poseidon600 15천톤/년 ,"484,404,200","1,245,000,000",4,25,"4,980,000,000",10.28, 과제종결(완료평가) 
937,20259096, 기술전략_장기 , 2025P023 , Radiant Plate 강성 증대를 위한 최적형상 설계 , 2025-01-06 , 2025-12-26 , 2025-12-24 ,"783,562,900","783,562,900","853,587,984",1,1, 미래철강연구소 차세대철강연구그룹 ,  , 공정DX연구소 엔지니어링연구그룹 , 공정DX연구소 엔지니어링연구그룹 , 임지우 , 공정DX연구소 엔지니어링연구그룹 , 김신일 , (엔지니어링)기계설비-원가절감기술 , 2026-06-01 , 기술축적 , 철강분야 , 정성효과 ,0,0,0,0,0,0,0,0,0,0,0,0,0,0,  ,  ,"783,562,900",0,  ,  ,0,0, 과제종결(완료평가) 
938,20259101, 기술전략_전략 , 2025P106 , 소결 미분광 Green Pellet의 융액특성 개선을 통한 소결 회수율 향상 , 2025-01-06 , 2026-02-27 , 2026-03-01 ,"895,664,998","895,664,998","887,314,661",1,1, 공정DX연구소 제선연구그룹 ,  , 공정DX연구소 제선연구그룹 , 공정DX연구소 제선연구그룹 , 김정아 , (포항)제선부 , 김성연 , (공정)제선공정-생산성향상기술 , 2026-06-01 , 기술축적 , 철강분야 , 정량효과 ,"2,200,000,000",0,0,0,0,0,0,0,0,0,0,0,0,0, 생산성향상 ," 소결 생산성 향상: 0.9 t/d/m2 4소결 화상면적: 517m2 가동율: 0.9 소결광 고정비: 13,688 원/톤 생산성향상에 따른 고정비 절감액 = 0.9 x 517 x 365 x 0.97 x 13,688 = 약 22억원 ","895,664,998","2,200,000,000",4,50,"8,800,000,000",9.83, 과제종결(완료평가) 
939,20259102, 기술전략_전략 , 2025P135 , 극후물(≤133t) 용접대단중 후판 용접부 초음파 검사 가이드 개발 , 2025-03-03 , 2026-02-27 , 2026-06-12 ,"581,764,200","581,764,200","362,725,747",1,1, (포항)에너지후판프로젝트팀 ,  , (포항)에너지후판프로젝트팀 , (포항)에너지후판프로젝트팀 , 채현병 , 후판마케팅실 솔루션개발섹션 , 김병학 , (이용)접합 , 2028-04-03 , 철강신수요창출 , 철강분야 , 정량효과 ,0,0,0,0,0,0,"1,145,000,000",0,0,0,0,0,0,0, 신수요창출 ," - 연간기대이익: 1,145백만원(229억x 0.05) - 용접대단중 용접부 품질보증을 위한 기술 연간 매출액의 5% 산정 - 용접대단중 연간기대이익(투엔실 제공) : 229억원/년 ","581,764,200","1,145,000,000",4,50,"4,580,000,000",7.87, 과제종결(완료평가) 
940,20259103, 기술전략_전략 , 2025P056 , 기가스틸 스프링백 변동 저감을 위한 부품형상 설계 기술 개발 , 2025-01-06 , 2025-11-28 , 2025-12-08 ,"1,598,552,250","1,598,552,250","1,072,756,480",1,1, 솔루션연구소 자동차소재솔루션연구그룹 ,  , 철강솔루션연구소 성형연구그룹 , 철강솔루션연구소 성형연구그룹 , 오현철 , 자동차소재마케팅실 자동차소재솔루션그룹 , 이윤한 , (이용)가공 , 2025-12-29 , 고객기술지원 , 철강분야 , 정성효과 ,0,0,0,0,0,0,0,0,0,0,0,0,0,0,  ,  ,"1,598,552,250",0,  ,  ,0,0, 과제종결(완료평가) 
941,20259107, 기술전략_장기 , 2025P115 , 건축외장용 PosMAC 패널 타공부 내식성 개선 압착기술 상용화 솔루션 개발 , 2025-02-17 , 2026-02-13 , 2025-12-13 ,"796,804,900","796,804,900","618,411,500",1,1, 육아몰입기간 ,  , 철강솔루션연구소 성능연구그룹 , 철강솔루션연구소 성능연구그룹 , 주호선 , 철강솔루션연구소 성능연구그룹 , 이기호 , (이용)강재성능 , 2026-09-30 , 기술축적 , 철강분야 , 정성효과 ,0,0,0,0,0,0,0,0,0,0,0,0,0,0,  ,  ,"796,804,900",0,  ,  ,0,0, 과제종결(완료평가) 
942,20259110, 기술전략_전략 , 2025P055 , 광양 3연주 고Mn강 W Inoculant 활용 주조 조직 미세화 기술 개발 , 2025-01-06 , 2025-12-19 , 2026-01-05 ,"725,006,100","725,006,100","746,082,681",1,1, 공정DX연구소 제강연구그룹 ,  , 강재연구소 제강연구그룹 , 강재연구소 제강연구그룹 , 박성배 , (광양)후판부 , 김광천 , (공정)제강공정-생산성향상기술 , 2026-01-01 , 기술축적 , 철강분야 , 정성효과 ,0,0,0,0,0,0,0,0,0,0,0,0,0,0,  ,  ,"725,006,100",0,  ,  ,0,0, 과제종결(완료평가) 
943,20259111, 기술전략_전략 , 2025P022 , PosMAC 표면품질 및 품질 특성 개선을 위한 공정 최적화 기술 개발 , 2025-01-06 , 2025-12-26 , 2026-01-02 ,"1,587,987,650","1,587,987,650","1,355,610,421",1,1, (포항)신재생에너지용PosMAC프로젝트팀 ,  , 제품연구소 표면연구그룹 , 제품연구소 표면연구그룹 , 권문재 , (포항)냉연부 , 오병석 , (공정)표면처리공정-불량율저감기술 , 2026-01-01 , 기타 , 철강분야 , 정량효과 ,"463,486,000",0,0,0,0,0,"411,936,000","232,491,145",0,0,0,0,0,0," 생산성향상,실수율/품질향상,신수요창출 "," ○ 정량 효과 : 총 1,107,913,145원/年 (포항所 P.Super + 광양所 P3.0 YS 보증강) • [포항所] ①Dross 부적합율 저감 232,491,145 + ②생산성 향상 463,486,000 = 695,977,145원 ☞ 산출식①: ((개선 전 부적합율-개선 후 부적합율)/100) × 25年 생산량 × ('23年 정품가-'23年 스크랩가) = ((0.97-0.35)/100) × 55,302톤 × (1,240,141-562,072)원/톤 = 232,491,145원 ☞ 산출식②: (개선 후 톤/Hr-개선 전 톤/Hr) × 25年 실수율 × 25年 순 작업시간(Hr) × 23年 고정가공비(원/톤) = (92.06-80.40)톤/Hr × 0.989 × 600Hr × 66,987원/톤 = 463,486,000원 • [광양所] PosMAC3.0 YS 보증강 미박리 통한 신수요 창출 411,936,000원 ☞ 산출식: ’25年 P3.0 340Y, 420Y 판매량 (34,328톤) × 신수요 증가량 (10%) × 평균 판매가 (1,200,000원/톤) × 영업이익율 (10%) ","1,587,987,650","1,107,913,145",4,60,"4,431,652,580",2.79, 과제종결(완료평가) 
944,20259113, 기술전략_전략 , 2025P052 , PosMAC 제품경쟁력 향상을 위한 후처리품질 개선 및 Cr-free 특화제품 개발 , 2025-01-06 , 2026-06-26 , 2026-07-22 ,"1,347,172,300","1,347,172,300","1,900,431,872",1,1, (포항)신재생에너지용PosMAC프로젝트팀 ,  , (포항)신재생에너지용PosMAC프로젝트팀 , (포항)신재생에너지용PosMAC프로젝트팀 , 조수현 , 글로벌제품기술실 냉연제품기술그룹 , 손희만 , (제품)표면처리제품-양산제품개발기술 , 2028-01-03 , 기술축적 , 철강분야 , 정성효과 ,0,0,0,0,0,0,0,0,0,0,0,0,0,0,  ,  ,"1,347,172,300",0,  ,  ,0,0, 과제종결(완료평가) 
945,20259114, 기술전략_장기 , 2025P057 , Shaft로 조업을 위한 원료특성 평가 및 공정모사 기술 개발 , 2025-01-13 , 2025-11-28 , 2025-11-28 ,"944,216,800","944,216,800","972,356,840",1,1, 미래철강연구소 수소환원제철연구그룹 ,  , 미래철강연구소 수소환원제철연구센터 , 미래철강연구소 수소환원제철연구센터 , 이준혁 , 미래철강연구소 수소환원제철연구그룹 , 박재훈 , (공정)제선공정-제품양산기술 , 2035-01-01 , 기술축적 , 철강분야 , 정성효과 ,0,0,0,0,0,0,0,0,0,0,0,0,0,0,  ,  ,"944,216,800",0,  ,  ,0,0, 과제종결(완료평가) 
946,20259115, 기술전략_전략 , 2025P021 , 1CGL F'ce 분위기 Gas 제어를 통한 PosMAC3.0 도금 젖음성 개선 기술개발 , 2025-01-06 , 2025-12-26 , 2026-02-19 ,"1,021,278,000","1,021,278,000","1,303,814,848",1,1, 제품연구소 표면연구그룹 ,  , 제품연구소 표면연구그룹 , 제품연구소 표면연구그룹 , 강기철 , (포항)냉연부 , 오병석 , (공정)표면처리공정-불량율저감기술 , 2026-01-26 , 기술축적 , 철강분야 , 정성효과 ,0,0,0,0,0,0,0,0,0,0,0,0,0,0,  ,  ,"1,021,278,000",0,  ,  ,0,0, 과제종결(완료평가) 
947,20259118, 기술전략_일반 , 2025P272 , 원료파일 밀폐화 실증 설비기술 개발 , 2025-09-29 , 2026-08-21 , 2026-08-20 ,"1,037,099,900","1,037,099,900","597,579,702",1,1, 공정DX연구소 압연엔지니어링연구그룹 ,  , 공정DX연구소 압연엔지니어링연구그룹 , 공정DX연구소 압연엔지니어링연구그룹 , 김구화 , (포항)제선부 , 김성연 , (공정)제선공정-대기기술 , 2028-01-03 , 법/제도규제대응 , 철강분야 , 정량효과 ,0,0,0,0,0,0,0,0,0,0,0,0,"800,000,000,000",0, 환경비용절감 ," - 철광석 원료야드의 밀폐화 투자비 절감 : 8000억원 (1.3→0.5조원, 25.4 사장 보고시 환경에너지기획실 추산 금액 근거) ","21,037,099,900","800,000,000,000",4,1, ############# ,152.11, 과제종결(완료평가) 
948,20259120, 기술전략_일반 , 2025P078 , STS304L 극박 파우치형 배터리셀 적용을 위한 이용기술 개발 , 2025-01-06 , 2025-09-26 , 2025-10-01 ,"991,226,800","991,226,800","767,254,626",1,1, 솔루션연구소 강재솔루션연구그룹 ,  , 철강솔루션연구소 성능연구그룹 , 철강솔루션연구소 성능연구그룹 , 김영호 , 스테인리스마케팅실 STS열연후판판매그룹 , 양광석 , (이용)강재성능 , 2025-12-26 , 철강신수요창출 , 철강분야 , 정량효과 ,0,0,0,0,0,0,"1,760,000,000",0,0,0,0,0,0,0, 신수요창출 , - 1개차종 ‘28년 양산적용 예상수요 2.2천톤/年 - 예상기대이익 : 17.6억원/년 ( (STS304L_80 ‘24년 실적 기준 영업이익 800천원/톤) ,"991,226,800","1,760,000,000",4,50,"7,040,000,000",7.1, 과제종결(완료평가) 
949,20259123, 기술전략_전략 , 2025P035 , 포스코 고유 저원가 Ni 첨가강 생산기술 개발 , 2025-01-20 , 2026-02-27 , 2026-03-24 ,"716,452,500","716,452,500","729,083,831",1,1, 공정DX연구소 제강연구그룹 ,  , 공정DX연구소 제강연구그룹 , 공정DX연구소 제강연구그룹 , 박현서 , (광양)제강부 , 문호정 , (공정)제강공정-원가절감기술 , 2026-07-01 , 기술축적 , 철강분야 , 정량효과 ,0,"3,000,000,000",0,0,0,0,0,0,0,0,0,0,0,0, 원단위절감 ," 30억원/년(1% 이하 低Ni강 대상, 0.1%Ni강 생산시 4.5천원/톤 절감 - 광양소: 1,500Ch - 포항소: 1,000Ch ※ 향후, 고Ni강 적용기술 개발시 추가 70억원 수익성 절감 가능 - 3% Ni강 적용시 0.4억원/Ch(≒ 50ch), 9% Ni강 적용시1억원/Ch(≒ 50ch) 기대 ","716,452,500","3,000,000,000",4,70,"12,000,000,000",16.75, 과제종결(완료평가) 
950,20259125, 기술전략_일반 , 2025P020 , 2냉연 CAL RCS 폭방향 자동 온도 제어기술 개발 , 2025-01-13 , 2026-02-27 , 2026-04-14 ,"445,569,000","445,569,000","494,959,484",1,1, 공정DX연구소 압연엔지니어링연구그룹 ,  , 공정DX연구소 엔지니어링연구그룹 , 공정DX연구소 엔지니어링연구그룹 , 이규택 , (광양)냉연부 , 이상신 , (공정)냉연공정-생산성향상기술 , 2026-03-02 , 기술축적 , 철강분야 , 정량효과 ,0,0,0,0,0,0,0,"440,000,000",0,0,0,0,0,0, 실수율/품질향상 , 기가급 강재 재질편차 개선 통한 판매 확대 기여 4.4억원/년 ,"445,569,000","440,000,000",4,30,"1,760,000,000",3.95, 과제종결(완료평가) 
951,20259126, 기술전략_전략 , 2025P112 , 전기강판 Dot Bonding 접착특성 연구 및 접착성 향상기술 개발 , 2025-01-06 , 2025-12-26 , 2026-01-07 ,"675,822,700","675,822,700","376,461,785",1,1, 솔루션연구소 강재솔루션연구그룹 ,  , 솔루션연구소 강재솔루션연구그룹 , 솔루션연구소 강재솔루션연구그룹 , 유현석 , 글로벌제품기술실 자동차소재기술그룹 , 김현 , (이용)강재성능 , 2026-03-02 , 기술축적 , 철강분야 , 정성효과 ,0,0,0,0,0,0,0,0,0,0,0,0,0,0,  ,  ,"675,822,700",0,  ,  ,0,0, 과제종결(완료평가) 
952,20259129, 기술전략_전략 , 2025P119 , 태양광용 PosMAC Super 매설부품 글로벌 토양 환경 보증 솔루션 기술 개발 , 2025-02-17 , 2026-04-24 , 2026-04-30 ,"911,057,600","911,057,600","841,989,036",1,1, 솔루션연구소 강재솔루션연구그룹 ,  , 솔루션연구소 강재솔루션연구그룹 , 솔루션연구소 강재솔루션연구그룹 , 박종원 , 마케팅전략실 솔루션기획그룹 , 이종민 , (이용)강재성능 , 2026-04-30 , 철강신수요창출 , 철강분야 , 정량효과 ,0,0,0,0,0,0,"935,000,000",0,0,0,0,0,0,0, 신수요창출 ," 연간이익 : 9.35억원, 총 이익(4년) : 18.7억원 (’25년 영국/튀르키에 태양광 PJT. 7천톤, 독일 PJT. 6천톤, 국내 4천톤 등 결과물 적용) * 산정근거 : 육상 태양광용 토양 지지 구조물 신수요 창출 (17천톤/년), * 연간 기대이익: 1,100천원/톤 x 30천톤/년 x 이익율 5% = 9.35 (억원/년) ","911,057,600","935,000,000",4,50,"3,740,000,000",4.11, 과제종결(완료평가) 
953,20259133, 현안과제 , 2025P004 , 도금성 우수한 HGI 980CP강 미래선도제품 개발 , 2025-01-06 , 2026-05-29 , 2026-06-01 ,"890,393,100","890,393,100","935,753,914",1,1, 제품연구소 자동차소재연구그룹 ,  , 제품연구소 자동차소재연구그룹 , 제품연구소 자동차소재연구그룹 , 송태진 , 제품연구소 자동차소재연구그룹 , 김성일 , (제품)열연제품-선도제품개발기술 , 2027-05-03 , 기술축적 , 철강분야 , 정성효과 ,0,0,0,0,0,0,0,0,0,0,0,0,0,0,  ,  ,"890,393,100",0,  ,  ,0,0, 과제종결(완료평가) 
954,20259134, 기술전략_장기 , 2025P142 , 몰드 탕면 교반력 강화를 통한 Hook 저감 및 세정효과 극대화 기술 개발 , 2025-03-03 , 2026-05-22 , 2026-05-21 ,"899,793,500","899,793,500","695,925,527",1,1, 공정DX연구소 제강연구그룹 ,  , 공정DX연구소 제강연구그룹 , 공정DX연구소 제강연구그룹 , 조현진 , 공정DX연구소 제강연구그룹 , 서성모 , (공정)제강공정-불량율저감기술 , 2027-01-01 , 기술축적 , 철강분야 , 정량효과 ,0,0,0,0,0,0,0,"1,170,224,000",0,0,0,0,0,0, 실수율/품질향상 ," ○ 광양 3-2MC 극저/저탄 생산량 1,100,331톤/년 ○ 품질 부적합 개선량 : 1,100,331톤/년 * 1.7%(기존 부적합률) * 20% = 3,741톤/년 ○ 기대이익 : 스크랩량 개선 + 주문외량 개선 = 1,122톤/년(부적합 개선 30%) * 513,000원/톤(정품-스크랩가) + 2,619톤/년(부적합 개선 70%) * 227,000원/톤(정품-주문외가) = 11.7억원/년 ","899,793,500","1,170,224,000",4,80,"4,680,896,000",5.2, 과제종결(완료평가) 
955,20259138, 기술전략_전략 , 2025P040 , 광양소 低탄소 고급강재 생산을 위한 요소기술 개발 , 2025-01-13 , 2025-12-26 , 2025-12-26 ,"643,269,700","643,269,700","669,980,794",1,1, 공정DX연구소 제강연구그룹 ,  , 공정DX연구소 제강연구그룹 , 공정DX연구소 제강연구그룹 , 박현서 , (광양)제강부 , 문호정 , (환경/에너지)환경-기타기술 , 2026-07-01 , 기술축적 , 철강분야 , 정성효과 ,0,0,0,0,0,0,0,0,0,0,0,0,0,0,  ,  ,"643,269,700",0,  ,  ,0,0, 과제종결(완료평가) 
956,20259142, 기술전략_장기 , 2025P003 , 배터리팩 열폭주 지연을 위한 방염강판 요소기술 개발 , 2025-01-06 , 2025-12-26 , 2026-01-06 ,"483,040,000","483,040,000","612,086,876",1,1, 제품연구소 표면연구그룹 ,  , 제품연구소 표면연구그룹 , 제품연구소 표면연구그룹 , 박하선 , 제품연구소 표면연구그룹 , 남경훈 , (제품)표면처리제품-선도제품개발기술 , 2026-01-05 , 철강신수요창출 , 철강분야 , 정성효과 ,0,0,0,0,0,0,0,0,0,0,0,0,0,0,  ,  ,"483,040,000",0,  ,  ,0,0, 과제종결(완료평가) 
957,20259143, 기술전략_전략 , 2025P019 , 광양 후판 해양풍력용강 저온압연시 압연하중 예측모델 개발 , 2025-01-06 , 2025-12-26 , 2025-12-31 ,"696,382,800","696,382,800","99,097,900",1,1, (포항)에너지후판프로젝트팀 ,  , (포항)에너지후판프로젝트팀 , (포항)에너지후판프로젝트팀 , 서재형 , (광양)열연부 , 기호중 , (공정)후판공정-생산성향상기술 , 2025-12-31 , 기술축적 , 철강분야 , 정량효과 ,"720,000,000",0,0,0,0,0,0,"210,000,000",0,0,0,0,0,0," 생산성향상,실수율/품질향상 "," ○ 두께편차 저감을 통한 날판 길이여유 축소로 실수율 향상, 0.39%p, 2.1억원/년 ○ 기존 대비 이른 RM 진입에 따른 FM Pitch 단축, 생산시간 60.5hr/년 확보, 7.2억원/년 ","696,382,800","930,000,000",1,50,"930,000,000",1.34, 과제종결(완료평가) 
958,20259145, 기술전략_장기 , 2025P039 , HyREX ESF 가탄제 품질 기준 정립 및 제조기술 , 2025-01-20 , 2025-12-26 , 2025-12-11 ,"643,979,000","643,979,000","706,852,621",1,1, 미래철강연구소 수소환원제철연구그룹 ,  , 미래철강연구소 수소환원제철연구센터 , 미래철강연구소 수소환원제철연구센터 , 손상한 , 미래철강연구소 수소환원제철연구그룹 , 박재훈 , (철강기타)철강기타 , 2026-04-06 , 기술축적 , 철강분야 , 정성효과 ,0,0,0,0,0,0,0,0,0,0,0,0,0,0,  ,  ,"643,979,000",0,  ,  ,0,0, 과제종결(완료평가) 
959,20259146, 기술전략_일반 , 2025P118 , 자기학습 기능 부여를 통한 스마트 고로 모델 적용성 향상 기술 , 2025-01-06 , 2026-01-02 , 2025-12-31 ,"761,346,735","761,346,735","669,300,526",1,1, 공정DX연구소 제선연구그룹 , (포항)제선부 기술개발섹션 , 공정DX연구소 제선연구그룹 , 공정DX연구소 제선연구그룹 , 정인현 , (포항)제선부 , 김성연 , (공정)제선공정-생산성향상기술 , 2026-01-05 , 기술축적 , 철강분야 , 정량효과 ,0,"370,000,000",0,0,0,0,0,0,0,0,0,0,0,0, 원단위절감 ," 고로가스 및 노열안정에 의한 환원재비 감소 효과 효과 = 환원제비 저감 효과 + CO2 발생량 저감 효과 – BFG 발생 원단위 변화 = 370,000 천원/년 { 1. 환원제비 저감 = (’23년 2고로 출선량) * 환원재 저감량 * 환원재 단가 = 1,873,520 t-p/yr * (0.4kg/t-p) * 554원/kg = 4.15 억원 2. CO2 저감 = (’23년 2고로 출선량) * 환원재 저감량 * CO2 배출계수 * CO2 단가 = 1,873,520 t-p/yr * (0.4kg/t-p) * 3.18 kg-CO2/kg * 15원/kg-CO2 = 0.36 억원 3. BFG 발생원단위 변화 = (’23년 포항 2고로 출선량) x 환원제비절감원단위 x 발생원단위변화 x BFG평가단가 = 1,873,520 t-p/yr x (- 0.4kg/t-p) * 3.15Nm3/kg * 36원/Nm3 = - 0.85 억원/년) } ","761,346,735","370,000,000",2.5,100,"925,000,000",1.21, 과제종결(완료평가) 
960,20259152, 기술전략_장기 , 2025P011 , 주거시장 수요 확대를 위한 고층 강구조 아파트 솔루션 개발 , 2025-01-06 , 2025-12-26 , 2026-01-09 ,"1,580,394,000","3,329,599,000","1,471,099,669",3,1, 솔루션연구소 강건재솔루션연구그룹 ,  , 솔루션연구소 강건재솔루션연구그룹 , 솔루션연구소 강건재솔루션연구그룹 , 이승은 , 철강솔루션연구소 구조연구그룹 , 박찬희 , (이용)강구조 , 2029-01-01 , 철강신수요창출 , 철강분야 , 정량효과 ,0,0,0,0,0,0,"3,400,000,000",0,0,0,0,0,0,0, 신수요창출 ," 2.5천동*/년 x 5%(점유율) x [(구조400톤/동 x 5만원)+(외벽128톤 x 6만원), 66천톤/년] X 50,000원/톤= 34억원 ","1,580,394,000","3,400,000,000",4,80,"13,600,000,000",8.61, 과제종결(단계완료평가) 
961,20259154, 기술전략_전략 , 2025P076 , 접착성능이 우수한 차세대 NO코팅 개발 , 2025-01-06 , 2025-12-26 , 2025-12-26 ,"1,321,476,200","1,321,476,200","1,398,424,359",1,1, (광양)HyperNO프로젝트팀 ,  , (광양)HyperNO프로젝트팀 , 제품연구소 냉연도금연구그룹 , 하봉우 , 글로벌제품기술실 자동차소재기술그룹 , 김현 , (제품)전기강판제품-선도제품개발기술 , 2027-01-04 , 철강신수요창출 , 철강분야 , 정량효과 ,0,0,0,0,0,0,"4,000,000,000",0,0,0,0,0,0,0, 신수요창출 ," 40억/년 (PNX Extra 200,000원/톤 x 예상판매량 2만톤/년) ","1,321,476,200","4,000,000,000",4,40,"16,000,000,000",12.11, 과제종결(완료평가) 
962,20259159, 기술전략_장기 , 2025P002 , CR강판 내식성 향상을 위한 코팅기술 개발 , 2025-01-06 , 2025-09-26 , 2025-10-17 ,"536,084,000","536,084,000","646,112,500",1,1, 제품연구소 표면연구그룹 ,  , 자동차소재연구소 표면연구그룹 , 자동차소재연구소 표면연구그룹 , 최창훈 , 제품연구소 표면연구그룹 , 남경훈 , (제품)냉연제품-선도제품개발기술 , 2026-10-15 , 철강신수요창출 , 철강분야 , 정성효과 ,0,0,0,0,0,0,0,0,0,0,0,0,0,0,  ,  ,"536,084,000",0,  ,  ,0,0, 과제종결(완료평가) 
963,20259162, 기술전략_전략 , 2025P121 , PosMAC 부품 가공조건별 내구수명 예측 Tool 개발 , 2025-02-17 , 2026-08-14 , 2026-08-27 ,"971,069,400","971,069,400","1,032,876,020",1,1, 솔루션연구소 강재솔루션연구그룹 ,  , 솔루션연구소 강재솔루션연구그룹 , 솔루션연구소 강재솔루션연구그룹 , 유윤하 , 미래수요개발실 , 이종민 , (이용)강재성능 , 2026-08-23 , 철강신수요창출 , 철강분야 , 정량효과 ,0,0,0,0,0,0,"3,600,000,000",0,0,0,0,0,0,0, 신수요창출 , 새만금 해상 태양광PJT 1단계 1.2GW 사업 수주로 PosMAC-Super 36천톤 판매 예상 - 예상판매량 : 태양광 규모 1.2GW x 해상 태양광 강재소요량 60톤/MW x 수주 예상량 50% = 36천톤 - 기대 이익 : 예상 판매량 (36천톤) x 영엽이익 (100천원/톤) = 36억원 ,"971,069,400","3,600,000,000",3,20,"10,800,000,000",11.12, 과제종결(완료평가) 
964,20259164, 기술전략_일반 , 2025P018 , 4냉연 2CAL MART강 RCS 전방 급속 냉각 자동제어 기술 개발 , 2025-01-06 , 2025-12-26 , 2025-12-31 ,"449,144,800","449,144,800","428,985,808",1,1, 공정DX연구소 압연엔지니어링연구그룹 ,  , 공정DX연구소 엔지니어링연구그룹 , 공정DX연구소 엔지니어링연구그룹 , 이규택 , (광양)냉연부 , 이상신 , (공정)냉연공정-생산성향상기술 , 2026-04-06 , 기술축적 , 철강분야 , 정량효과 ,0,0,0,0,0,0,0,"4,600,000,000",0,0,0,0,0,0, 실수율/품질향상 , 급속 냉각 기술 고도화에 따른 기가스틸 판매 확대 46억원/년 ,"449,144,800","4,600,000,000",4,10,"18,400,000,000",40.97, 과제종결(완료평가) 
965,20259165, 기술전략_전략 , 2025P109 , 고경도 방탄강 2종 무기체계 적용성 확보를 위한 방탄성능 확보 및 가공기술 패키지 개발 , 2025-02-03 , 2026-06-19 , 2026-06-30 ,"830,778,000","830,778,000","837,951,198",1,1, 솔루션연구소 강재솔루션연구그룹 ,  , 솔루션연구소 강재솔루션연구그룹 , 솔루션연구소 강재솔루션연구그룹 , 이진우 , 에너지조선마케팅실 솔루션개발섹션 , 김병학 , (이용)접합 , 2026-06-20 , 철강신수요창출 , 철강분야 , 정량효과 ,0,0,0,0,0,0,"6,000,000,000",0,0,0,0,0,0,0, 신수요창출 ," ○ 예상 수익: 영업이익(3,000천원/톤) x 예상 판매확대량(2천톤/년) = 60억/년 ","830,778,000","6,000,000,000",4,50,"24,000,000,000",28.89, 과제종결(완료평가) 
966,20259166, 기술전략_전략 , 2025P016 , 연연주비 향상을 위한 노즐막힘 발생기구 규명 및 고기능성 내화물 개발 , 2025-01-06 , 2025-12-26 , 2025-12-10 ,"2,720,266,706","2,720,266,706","2,548,731,316",1,1, 공정DX연구소 제강연구그룹 ,  , 강재연구소 제강연구그룹 , 강재연구소 제강연구그룹 , 차우열 , (포항)제강부 , 송원용 , (공정)제강공정-생산성향상기술 , 2026-02-02 , 기술축적 , 철강분야 , 정량효과 ,0,0,0,0,0,0,0,"2,938,464,609",0,0,0,0,0,0, 실수율/품질향상 ," 총 재무 효과 : 2,938,464,609원 ○ TiS법랑강 및 극저EG재 연연주 증대에 따른 기대 성과 : 2.2억원/년 - T/D 내화물 저감, 잔탕, Crop, (정품-스크랩 가격) Scrap저감 및 실수율증가 ○ 선재 RH경유 Al탈산 Ca처리강종(CHQ, SCM440)의 연연주 증대에 따른 기대 성과 : 21.1억원/년 - T/D 내화물 저감, 잔탕, Crop, (정품-스크랩 가격) Scrap저감 및 실수율증가 ○ 내Sour API재 내용손 내화물 적용을 통한 연연주 증대 기대 성과 : 4.6억원/년 - T/D 내화물 저감, 잔탕, Crop, (정품-스크랩 가격) Scrap저감 및 실수율증가 ※ 극저류강 LF처리시간 저감을 통한 가공비 저감 : 1.4억원/년 ","2,720,266,706","2,938,464,609",4,80,"11,753,858,436",4.32, 과제종결(완료평가) 
967,20259167, 기술전략_장기 , 2025P211 , 냉난방공조 시스템용 철강소재 적용을 위한 설계 및 솔루션 개발 , 2025-07-14 , 2026-07-03 , 2026-07-28 ,"754,958,100","754,958,100","795,838,750",1,1, 솔루션연구소 강재솔루션연구그룹 ,  , 솔루션연구소 강재솔루션연구그룹 , 솔루션연구소 강재솔루션연구그룹 , 강대규 , 솔루션연구소 강재솔루션연구그룹 , 홍승갑 , (이용)강재성능 , 2027-05-28 , 철강신수요창출 , 철강분야 , 정성효과 ,0,0,0,0,0,0,0,0,0,0,0,0,0,0,  ,  ,"754,958,100",0,  ,  ,0,0, 과제종결(완료평가) 
968,20259170, 기술전략_전략 , 2025P065 , AI기반 STS 4제강 턴디쉬온도 통합 예측모델 개발 , 2025-01-06 , 2025-10-31 , 2025-11-24 ,"556,313,000","556,313,000","575,676,463",1,1, 공정DX연구소 제강연구그룹 ,  , 강재연구소 제강연구그룹 , 강재연구소 제강연구그룹 , 김지준 , (포항)STS제강부 , 조용석 , (공정)STS공정-생산성향상기술 , 2025-12-01 , 기술축적 , 철강분야 , 정량효과 ,0,0,0,0,0,0,0,"620,000,000",0,0,0,0,0,0, 실수율/품질향상 ," 제강성(Scab,Sliver)보류율 저감1402톤/년* 개선율(40%) * (판매가-Scrap단가) 1.1백만원 = 6.2억/년 ","556,313,000","620,000,000",4,50,"2,480,000,000",4.46, 과제종결(완료평가) 
969,20259171, 현안과제 , 2025P026 , PosMAC1.5 탈지성 개선 제품 개발 , 2025-01-06 , 2025-12-26 , 2025-12-30 ,"939,075,400","1,588,519,400","1,277,928,586",2,2, 제품연구소 표면연구그룹 ,  , 제품연구소 표면연구그룹 , 제품연구소 표면연구그룹 , 이동열 , 제품연구소 표면연구그룹 , 남경훈 , (제품)표면처리제품-선도제품개발기술 , 2026-12-31 , 철강신수요창출 , 철강분야 , 정성효과 ,0,0,0,0,0,0,0,0,0,0,0,0,0,0,  ,  ,"939,075,400",0,  ,  ,0,0, 과제종결(완료평가) 
970,20259172, 기술전략_장기 , 2025P132 , 연안해역용 모듈형 부유식 및 수중 내압 구조체 모델 개발 , 2025-03-03 , 2026-04-24 , 2026-05-06 ,"694,749,100","1,381,957,800","682,609,550",2,1, 솔루션연구소 강건재솔루션연구그룹 ,  , 솔루션연구소 강건재솔루션연구그룹 , 솔루션연구소 강건재솔루션연구그룹 , 이종관 , 솔루션연구소 강건재솔루션연구그룹 , 박찬희 , (이용)강구조 , 2027-07-31 , 철강신수요창출 , 철강분야 , 정량효과 ,0,0,0,0,0,0,0,0,0,0,0,0,0,"1,027,000,000", 기타 ," - 해상 부지(10,000㎡) 조성용 부유식 구조체 PJT당 14천톤, 하이퍼스케일 수중 데이터센터 PJT당 13천톤 내해수강 소요 - 건설물량 2건/3년 예상 : 해상 부지 조성 사업 1건/3년, 수중 데이터센터 단지 1건/3년 → 9.3천톤/년 - 연간기대이익: 9.3천톤/년 x 이익 11만원/톤 = 10.27억원/년 (※ 내해수강 평균 영업이익률 10%) ","694,749,100","1,027,000,000",4,50,"4,108,000,000",5.91, 과제종결(단계완료평가) 
971,20259173, 기술전략_장기 , 2025P007 ," 고 Al, Ti 함유 신강종 조업 최적화 몰드플럭스 개발 ", 2025-01-06 , 2025-09-26 , 2025-10-01 ,"1,173,567,500","2,182,901,000","841,914,915",3,1, 공정DX연구소 제강연구그룹 ,  , 강재연구소 제강연구그룹 , 강재연구소 제강연구그룹 , 박민석 , 공정DX연구소 제강연구그룹 , 서성모 , (공정)제강공정-생산성향상기술 , 2028-02-01 , 기술축적 , 철강분야 , 정성효과 ,0,0,0,0,0,0,0,0,0,0,0,0,0,0,  ,  ,"1,173,567,500",0,  ,  ,0,0, 과제종결(단계완료평가) 
972,20259174, 기술전략_전략 , 2025P124 , 430강의 연속소둔화 기술 개발 , 2025-01-27 , 2025-11-21 , 2025-11-24 ,"621,393,100","621,393,100","763,068,779",1,1, 제품연구소 STS연구그룹 ,  , 강재연구소 STS연구그룹 , 강재연구소 STS연구그룹 , 박지언 , (포항)STS압연부 , 유병철 , (공정)STS공정-원가절감기술 , 2027-05-03 , 기술축적 , 철강분야 , 정량효과 ,0,0,0,0,0,0,0,0,"3,500,000,000",0,0,0,0,0, 공정개선 , 35 억원/년 = 430강 연속소둔 전환량(50천톤/년) x 가공비 저감(△70천원/톤) ,"621,393,100","3,500,000,000",4,50,"14,000,000,000",22.53, 과제종결(완료평가) 
973,20259175, 기술전략_일반 , 2025P147 , 원료 죽광 실시간 감지 및 Bin 수분 제어 기술 , 2025-03-10 , 2026-08-14 , 2026-08-13 ,"1,568,699,900","1,568,699,900","1,482,642,795",1,1, 공정DX연구소 제선연구그룹 ,  , 공정DX연구소 제선연구그룹 , 공정DX연구소 제선연구그룹 , 지윤경 , (광양)제선부 , 손기완 , (공정)제선공정-생산성향상기술 , 2026-08-24 , 기술축적 , 철강분야 , 정량효과 ,"268,000,000","287,000,000",0,0,0,0,0,0,0,0,0,0,0,0," 생산성향상,원단위절감 "," 1) 생산성 +0.2t/m2.d 향상에 따른 소결광 고정비 저감 효과(광 1소결, ‘24년 기준) = 고정비 8,387원/t-s x 광1 화상면적 450m2 x 가동율 97.28% x 365 일 x 0.2t/m2.d = 268백만원/년 2) 소결결합재 원단위 저감량 ; -1.0kg/t-sinter (CO2 저감량 ; 3.2kg-CO2/t-sinter 저하) = 소결광 총생산량(톤-s/년) x [결합재 저감량(2.0kg/톤-s) x 결합재비 단가(265원/kg) + CO2 저감량(6.4kg-CO2/톤-s) x CO2 단가(11원/kg-CO2) ] = 4,774,564 (톤-s/년) x [0.2kg-결/톤-s x 265원/kg-결 + 0.64kg-CO2/톤-s x 11원/kg-CO2 ] = 287백만원/년 1) + 2) = 555백만원/년 ","1,568,699,900","555,000,000",4,100,"2,220,000,000",1.42, 과제종결(완료평가) 
974,20259182, 기술전략_전략 , 2025P015 , 포항 4-1 slab 연주기 합리화를 위한 핵심설비 설계기술 개발 , 2025-01-06 , 2025-12-26 , 2025-12-15 ,"924,074,700","924,074,700","893,200,307",1,1, 공정DX연구소 압연엔지니어링연구그룹 ,  , 공정DX연구소 철강엔지니어링연구그룹 , 공정DX연구소 철강엔지니어링연구그룹 , 신민철 , (포항)제강부 , 송원용 , (공정)제강공정-생산성향상기술 , 2026-01-01 , 기타 , 철강분야 , 정량효과 ,"490,000,000",0,0,0,0,0,0,0,0,0,0,0,0,"125,000,000"," 생산성향상,기타 "," : 주기성 탕면변동 제어기 시험 비용 저감(1회성): 5억 원 (기술지속년수 고려하여, 1.25억 원으로 입력) : 주기성 탕면변동에 따른 주속 감속 예방으로 생산성 증대: 4.9억 원/년 : 150만 톤/년 (생산량) * 0.1/1.0 (감속 비율) * 0.1 (발생비율) * 32713원/톤 (고정가공비) ","924,074,700","615,000,000",4,100,"2,460,000,000",2.66, 과제종결(완료평가) 
975,20259183, 기술전략_전략 , 2025P117 , 포항 2고로 펠렛비 80% 조업 기술 개발 , 2025-01-06 , 2025-12-26 , 2025-12-24 ,"801,768,000","801,768,000","792,422,991",1,1, 공정DX연구소 제선연구그룹 ,  , 공정DX연구소 제선연구그룹 , 공정DX연구소 제선연구그룹 , 이성희 , (포항)제선부 , 김성연 , (공정)제선공정-생산성향상기술 , 2026-03-02 , 기술축적 , 철강분야 , 정량효과 ,0,"1,097,807,779",0,0,0,0,0,0,0,0,0,0,0,0, 원단위절감 ," ○ 년간기대이익 산출내역 고로가스 및 노열안정에 의한 환원재비 감소 효과 효과 = 환원제비 저감 효과 + CO2 발생량 저감 효과 – BFG 발생 원단위 변화 = 11.0억원/년 { 1. 환원제비 저감 = (’23년 2고로 출선량) * 환원재 저감량 * 환원재 단가 = 1,873,520 t-p/yr * (1.2kg/t-p) * 554원/kg = 12.5 억원 2. CO2 저감 = (’23년 2고로 출선량) * 환원재 저감량 * CO2 배출계수 * CO2 단가 = 1,873,520 t-p/yr * (1.2kg/t-p) * 3.18 kg-CO2/kg * 15원/kg-CO2 = 1.0 억원 3. BFG 발생원단위 변화 = (’23년 포항 2고로 출선량) x 환원제비절감원단위 x 발생원단위변화 x BFG평가단가 = 1,873,520 t-p/yr x (- 1.2kg/t-p) * 3.15Nm3/kg * 36원/Nm3 = - 2.5 억원/년) } * 가스이용률 1% 당 환원제비 4kg/t-p 고려 ","801,768,000","1,097,807,779",2,30,"2,195,615,558",2.74, 과제종결(완료평가) 
976,20259185, 기술전략_전략 , 2025P113 ," 열연 전장, 전폭 균일화를 위한 차세대 ROT 냉각 기술 개발 ", 2025-01-06 , 2025-12-26 , 2026-01-07 ,"830,983,400","830,983,400","748,727,827",1,1, 미래철강연구소 차세대철강연구그룹 ,  , 공정DX연구소 엔지니어링연구그룹 , 공정DX연구소 엔지니어링연구그룹 , 박민재 , (광양)열연부 , 기호중 , (공정)열연공정-생산성향상기술 , 2026-03-02 , 기술축적 , 철강분야 , 정성효과 ,0,0,0,0,0,0,0,0,0,0,0,0,0,0,  ,  ,"830,983,400",0,  ,  ,0,0, 과제종결(완료평가) 
977,20259188, 기술전략_일반 , 2025P038 , AHSS CR/CG재 재질모델 현장적용 확대를 위한 플랫폼 기술 개발 , 2025-01-13 , 2026-02-13 , 2026-02-11 ,"638,903,600","638,903,600","880,070,646",1,1, 제품연구소 자동차소재연구그룹 ,  , 제품연구소 자동차소재연구그룹 , 제품연구소 자동차소재연구그룹 , 박준호 , (광양)품질기술부 , 장성호 , (공정)냉연공정-불량율저감기술 , 2026-04-02 , 기타 , 철강분야 , 정량효과 ,0,0,0,0,0,0,0,"1,200,000,000",0,0,0,0,0,0, 실수율/품질향상 , (개선 전 – 개선 후 주문외 판매비율) × 판매량 × (개선후 정품판매가격 – 개선 후 주문외 판매가격) AHSS: 40% X 6012톤 X 50만원/톤 ,"638,903,600","1,200,000,000",4,50,"4,800,000,000",7.51, 과제종결(완료평가) 
978,20259192, 기술전략_전략 , 2025P096 ," Auto-SEM 활용, Clean Steel 예측 시스템 개발 ", 2025-01-06 , 2025-12-26 , 2025-12-26 ,"648,901,700","648,901,700","663,563,254",1,1, 연구개발AX가속화TF팀 ,  , 공정DX연구소 제강연구그룹 , 공정DX연구소 제강연구그룹 , 안종태 , (광양)제강부 , 문호정 , (공정)제강공정-불량율저감기술 , 2026-03-02 , 기술축적 , 철강분야 , 정성효과 ,0,0,0,0,0,0,0,0,0,0,0,0,0,0,  ,  ,"648,901,700",0,  ,  ,0,0, 과제종결(완료평가) 
979,20259193, 기술전략_장기 , 2025P047 , 판형 열교환기용 Cu 도금 STS 개발 , 2025-01-06 , 2025-09-26 , 2025-10-02 ,"711,735,500","711,735,500","937,477,169",1,1, 제품연구소 STS연구그룹 , 미래수요개발실 , 강재연구소 STS연구그룹 , 강재연구소 STS연구그룹 , 김광민 , 제품연구소 STS연구그룹 , 김진석 , (제품)STS제품-선도제품개발기술 , 2027-01-01 , 철강신수요창출 , 철강분야 , 정성효과 ,0,0,0,0,0,0,0,0,0,0,0,0,0,0,  ,  ,"711,735,500",0,  ,  ,0,0, 과제종결(완료평가) 
980,20259195, 기술전략_전략 , 2025P095 , 칭량 상호검증시스템 활용 제강Loss 최소화 및 주편 품질 향상기술 개발 , 2025-01-06 , 2026-04-24 , 2026-05-08 ,"1,105,994,600","1,105,994,600","1,071,793,661",1,1, 공정DX연구소 제강연구그룹 , (광양)제강부 2제강공장 , 공정DX연구소 제강연구그룹 , 공정DX연구소 제강연구그룹 , 서창우 , (광양)제강부 , 문호정 , (공정)제강공정-원가절감기술 , 2026-07-10 , 기술축적 , 철강분야 , 정성효과 ,0,0,0,0,0,0,0,0,0,0,0,0,0,0,  ,  ,"1,105,994,600",0,  ,  ,0,0, 과제종결(완료평가) 
981,20259198, 기술전략_전략 , 2025P075 , 열연 스마트 정정 평탄도 운전 자동화 기술 개발 , 2025-01-06 , 2025-12-26 , 2025-12-16 ,"368,564,000","368,564,000","352,205,044",1,1, (광양)HyperNO프로젝트팀 ,  , 공정DX연구소 압연공정연구그룹 , 공정DX연구소 압연공정연구그룹 , 최대곤 , (광양)열연부 , 김종성 , (공정)열연공정-생산성향상기술 , 2026-01-05 , 기술축적 , 철강분야 , 정량효과 ,"516,100,267",0,0,0,0,0,0,"202,948,637",0,0,0,0,0,0," 생산성향상,실수율/품질향상 "," 1. 광양 열연(K4H 2HSL, K3H 1HSL) 절판재 형상불량 Claim 개선 ○ K4H 2HSL = (개선전 - 개선후 형상불량 클레임 발생률) * 연간 4-2HSL 생산량 * 대상규격/Size 평균 Claim 처리비용 = (0.041 – 0.001) * 41,485ton * 115,086원 = 190,973,708[원/년] ○ K3H 1HSL = (개선전 - 개선후 형상불량 클레임 발생률) * 연간 3-1HSL 생산량 * 대상규격/Size 평균 Claim 처리비용 = (0.039 - 0.0) * 2,668ton * 115,086원 = 11,974,928[원/년] ∴ 기대효과 = 190,973,708 + 11,974,928 = 202,948,637[원/년] - 대상규격 : GS270M, JS-SM400A, JS-SPHC, JS-SS400 - 조건 : FHD/FHF & Z% & 2.2t이하 & (분기실적 55E or 34K 포함) / *기간 : ~3Q*1.33(4Q를 고려하여 환산) * `24년 생산량: 41,485톤(K4H 2HSL), 2,668톤(K3H 1HSL) · 평균 Claim 처리비용 : 115,086[원/톤] * `24년 Claim 발생량 : 1,684톤(4열연), 104톤(3열연) * `24년 Claim 발생율 : 4.1%(4열연), 3.9%(3열연) 2. 광양4열연 정정 2HSL 톤파워 향상에 따른 생산량 증가 ○ 개선 가능 증산량: 연간 단축 시간*톤 파워 증가량 = 작업시간[hr/년] * 실수율[%] * 작업률[%] * 톤파워[톤/hr] = 6780.16[hr/년] *(96.76/100) * (81.6/100) * (95-86.6) = 44968.22[톤/년] · 톤 파워: 86.6 [톤/hr] (`24년 3Q), 95.0 [톤/hr] (목표) * 작업시간: 6780.16 [hr/년] (`24년 3Q 누적*1.33) · 실수율: 96.76[%] (`24년 3Q), · 작업률: 81.6[%] (`24년 3Q) ○ 정정 고정가공비: 11,477 [원/톤] * 24년 3Q기준 ∴ 기대효과: ①개선 가능 증산량 x ②정정 고정비 = 516,100,267 [원/년] ※ Total = 202,948,637 + 516,100,267 = 719,048,904원/년 = 7.19억원/년 ","368,564,000","719,048,904",4,80,"2,876,195,616",7.8, 과제종결(완료평가) 
982,20259199, 기술전략_전략 , 2025P077 , 차공정 및 고질 결함 free 주편 생산을 위한 결함 탐상/예측 요소 기술 개발 , 2025-01-06 , 2025-12-26 , 2025-12-23 ,"2,829,641,926","2,829,641,926","2,795,354,664",1,1, 공정DX연구소 제강연구그룹 ,  , 공정DX연구소 제강연구그룹 , 공정DX연구소 제강연구그룹 , 조경철 , (광양)제강부 , 문호정 , (공정)제강공정-생산성향상기술 , 2026-01-05 , 기술축적 , 철강분야 , 정량효과 ,0,0,0,0,0,0,0,"5,231,507,836",0,0,0,0,0,0, 실수율/품질향상 ," 실수율향상 = 항목1+항목2+항목3-항목4= ₩5,231,507,836 =₩2,056,258,870+₩2,384,922,986+₩828,124,856-₩37,798,876 항목1=Non S/F 처리를 통한 용삭량 저감으로 실수율 Loss 저감 : 용삭량비 (4/250)*S/F 평균면적률(102%)*S/F 저감량*('24년 FOB판매단가-톤당 추가 판매비용-scrap단가) =(4/250)*1.02* 267,458톤*(1095000-2953-620959원/톤)=₩2,056,258,870 항목2=Non S/F 처리에 따른 변동 재료비 저감 :톤당 변동재료비용 (스카핑 실비비용) *S/F저감량 (톤)=8917원/톤*267,458톤=₩2,384,922,986 항목3=HCR에 따른 가열로 원단위 저감 : (HCR 열연장입 온도- CCR 장입온도)*비열*COG단가* S/F 저감량 = (484-30도)*0.11Mcal/톤*62원/Mcal*267458톤=₩828,124,856 항목4=스카핑 해제로 부적합 증가 :부적합률증가율/100 *스카핑저감량 *('24년 FOB판매단가-주문외 판매비용-scrap단가) = 0.03/100*267458톤*(1095000-2953-620959원/톤)=₩37,798,876 ","2,829,641,926","5,231,507,836",3,40,"15,694,523,508",5.55, 과제종결(완료평가) 
983,20259200, 기술전략_장기 , 2025P102 , 구동모터용 코아 생산성 향상을 위한 고속 타발공정 구현 및 In-Die 적층 가압가열 기술 개발 , 2025-01-06 , 2026-05-15 , 2026-05-17 ,"2,155,115,172","2,155,115,172","1,471,399,036",1,1, 솔루션연구소 자동차소재솔루션연구그룹 ,  , 솔루션연구소 자동차소재솔루션연구그룹 , 솔루션연구소 자동차소재솔루션연구그룹 , 박종연 , 솔루션연구소 자동차소재솔루션연구그룹 , 김홍기 , (이용)가공 , 2026-10-01 , 고객기술지원 , 철강분야 , 정성효과 ,0,0,0,0,0,0,0,0,0,0,0,0,0,0,  ,  ,"2,155,115,172",0,  ,  ,0,0, 과제종결(완료평가) 
984,20259201, 현안과제 , 2025P111 , 440급 열연강판 스케일 결함의 공정 상관성 규명 및 개선안 도출 , 2025-02-03 , 2025-12-26 , 2025-12-31 ,"692,238,400","692,238,400","961,100,448",1,1, 제품연구소 표면연구그룹 ,  , 제품연구소 표면연구그룹 , 제품연구소 표면연구그룹 , 전선호 , (광양)열연부 , 기호중 , (제품)열연제품-품질개선기술 , 2026-04-01 , 기업이미지제고 , 철강분야 , 정성효과 ,0,0,0,0,0,0,0,0,0,0,0,0,0,0,  ,  ,"692,238,400",0,  ,  ,0,0, 과제종결(완료평가) 
985,20259203, 기술전략_일반 , 2025P080 , 2열연 자동차용 PO/HR 고강도강 머신러닝 기반 재질예측 모니터링 시스템 개발 , 2025-01-20 , 2025-12-26 , 2026-01-27 ,"709,090,400","709,090,400","896,807,520",1,1, 연구개발AX가속화TF팀 ,  , 제품연구소 자동차소재연구그룹 , 제품연구소 자동차소재연구그룹 , 한태교 , (광양)품질기술부 , 장성호 , (공정)열연공정-생산성향상기술 , 2026-02-02 , 기술축적 , 철강분야 , 정량효과 ,0,0,0,0,0,0,0,"913,440,000",0,0,0,0,0,0, 실수율/품질향상 ," -'24년 발생 불량: JS-SAPH440 3147톤, EN-S420MC 161톤 -계산식: 3,300톤(24년) x 346000 (정품가1,027,000-스크랩가 681,000) x 80%(기대 개선) = 913,440,000원/년 ","709,090,400","913,440,000",4,70,"3,653,760,000",5.15, 과제종결(완료평가) 
986,20259208, 기술전략_전략 , 2025P203 , 노체 축열량 예측모델 기반 온도 효율화 및 이상감지 시스템 개발 , 2025-06-02 , 2026-05-29 , 2026-06-06 ,"682,987,579","682,987,579","768,686,886",1,1, 공정DX연구소 제강연구그룹 ,  , 공정DX연구소 제강연구그룹 , 공정DX연구소 제강연구그룹 , 조승현 , (광양)제강부 , 문호정 , (공정)제강공정-생산성향상기술 , 2026-12-31 , 기술축적 , 철강분야 , 정량효과 ,0,0,0,0,0,0,0,0,0,"692,000,000",0,0,0,0, 에너지절감 ," 산출식 : COG 사용량 * 발열량 * (1/기력발전 원단위) * 전력구입단가 - COG 사용량 : 20,490,704.25 N㎥/year (1-3제강공장 기준, 래들예열용) - COG 발열량 : 4,400kcal/Nm3 - 기력발전 원단위 : 2,231.546 Kcal/kWh - 전력구입단가 ('24.10.24 기준, 한전 공시 ) : 168.5 원/kWh ","682,987,579","692,000,000",4,30,"2,768,000,000",4.05, 과제종결(완료평가) 
987,20259209, 기술전략_일반 , 2025P168 , 시즈히터 전열선 보호관용 STS334(Alloy 840) 시장선도 개발 , 2025-04-14 , 2026-06-26 , 2026-07-07 ,"723,255,450","723,255,450","1,033,824,139",1,1, 제품연구소 STS연구그룹 ,  , 제품연구소 STS연구그룹 , 제품연구소 STS연구그룹 , 송병준 , 글로벌제품기술실 냉연제품기술그룹 , 손희만 , (제품)STS제품-선도제품개발기술 , 2027-06-01 , 철강신수요창출 , 철강분야 , 정량효과 ,0,0,"950,000,000",0,0,0,0,0,0,0,0,0,0,0, 제품개발/수입대체 ," 9.5억원/년=[500톤(풍산특수금속 수입량)x 10,000,000원/톤(수입가) x 예상영업이익율 19%] ","723,255,450","950,000,000",4,90,"3,800,000,000",5.25, 과제종결(완료평가) 
988,20259210, 기술전략_전략 , 2025P122 , 고로 수소가스 취입 열물질 수지 해석 Simulator 개발 , 2025-02-17 , 2025-12-26 , 2025-12-31 ,"550,201,200","550,201,200","588,294,908",1,1, 공정DX연구소 제선연구그룹 ,  , 공정DX연구소 제선연구그룹 , 공정DX연구소 제선연구그룹 , 권기웅 , (포항)제선부 , 김성연 , (공정)제선공정-에너지기술 , 2027-01-01 , 기술축적 , 철강분야 , 정성효과 ,0,0,0,0,0,0,0,0,0,0,0,0,0,0,  ,  ,"550,201,200",0,  ,  ,0,0, 과제종결(완료평가) 
989,20259211, 기술전략_전략 , 2025P054 , 후판재 유동 정량화 System 구축 및 주편 두께 중심부 품질 Jump-up 기술 개발 , 2025-01-06 , 2026-02-27 , 2026-03-10 ,"581,393,700","581,393,700","171,428,372",1,1, 공정DX연구소 제강연구그룹 ,  , 공정DX연구소 제강연구그룹 , 공정DX연구소 제강연구그룹 , 남철희 , (광양)제강부 , 문호정 , (공정)제강공정-불량율저감기술 , 2026-03-04 , 기술축적 , 철강분야 , 정량효과 ,0,0,0,0,0,0,0,"2,720,000,000",0,0,0,0,0,0, 실수율/품질향상 ," [내Sour API재 HIC 부적합률 개선] ’25년 내Sour API 생산량 x (기존 HIC 부적합률-개선 HIC 부적합률) X (API 정상재 톤당 판매단가-일반재 톤당 판매단가) = 82,000톤 × (9.43%-3.3%) × (1,221천원-680천원) = 27.2억 ","581,393,700","2,720,000,000",4,50,"10,880,000,000",18.71, 과제종결(완료평가) 
990,20259212, 기술전략_전략 , 2025P129 , 연연주비 제약 해소 및 품질 향상을 위한 Slag 최적화 기술 , 2025-03-03 , 2026-02-27 , 2026-03-24 ,"576,089,600","576,089,600","615,503,309",1,1, 공정DX연구소 제강연구그룹 ,  , 공정DX연구소 제강연구그룹 , 공정DX연구소 제강연구그룹 , 송민호 , (광양)제강부 , 문호정 , (공정)제강공정-원가절감기술 , 2026-03-01 ,  , 철강분야 , 정량효과 ,0,"2,030,000,000",0,0,0,0,0,0,0,0,0,0,0,0, 원단위절감 ," 1. 전로 출강 중 B-Flux 투입량 저감 관련 재무효과(8.40억/년)=(①-②)x③x(④/1000) ① 26년 B-Flux 제원치 : 0.14kg/ton.steel ② 26년 B-Flux 저감 목표 제원치 : 0.08kg/ton.steel ③ 26년 1,2제강 주편량 : 16,076,626ton ④ 26년 B-Flux 단가 : 870,680원/ton 2. 저원가 Tundish flux 적용 관련 재무효과(11.9억/년)=(①-②)x③x④ ① 26년 B-Flux 단가 : 87만원/ton ② 저원가 Tundish flux 단가 : 40만원/ton ③ 광양 1/2제강 Tundish flux 투입량: 380kg/cast ④ 광양 1/2제강 연간 생산 Cast: 6679cast (24년) ","576,209,600","2,030,000,000",4,50,"8,120,000,000",14.09, 과제종결(완료평가) 
991,20259217, 기술전략_전략 , 2025P037 , HyREX 환원율 유지 조업 설계를 위한 공정계산 GUI 개발 , 2025-01-06 , 2025-09-26 , 2025-09-26 ,"856,913,100","856,913,100","942,465,550",1,1, 미래철강연구소 수소환원제철연구그룹 , HyREX추진반 , 미래철강연구소 수소환원제철연구센터 , 미래철강연구소 수소환원제철연구센터 , 김선영 , HyREX추진반 , 윤영식 , (공정)제선공정-생산성향상기술 , 2026-03-31 , 기술축적 , 철강분야 , 정성효과 ,0,0,0,0,0,0,0,0,0,0,0,0,0,0,  ,  ,"856,913,100",0,  ,  ,0,0, 과제종결(완료평가) 
992,20259218, 기술전략_일반 , 2025P110 , 대형 경관시설물 고내식 강재 적용 대안설계 및 성능검증 , 2025-02-10 , 2026-01-09 , 2026-01-12 ,"1,147,373,000","1,147,373,000","1,123,901,912",1,1, 솔루션연구소 강건재솔루션연구그룹 , 미래수요개발실 , 솔루션연구소 강건재솔루션연구그룹 , 솔루션연구소 강건재솔루션연구그룹 , 김우석 , 후판마케팅실 건설소재판매그룹 , 이선후 , (이용)강구조 , 2026-02-27 , 철강신수요창출 , 철강분야 , 정성효과 ,0,0,0,0,0,0,0,0,0,0,0,0,0,0,  ,  ,"1,147,373,000",0,  ,  ,0,0, 과제종결(완료평가) 
993,20259221, 기술전략_전략 , 2025P216 ," 저온인성 보증 AR400, 450, 500 내마모강 용접부 물성확보 기술 개발 ", 2025-07-07 , 2026-07-03 , 2026-06-30 ,"597,689,000","597,689,000","690,821,722",1,1, 솔루션연구소 강재솔루션연구그룹 ,  , 솔루션연구소 강재솔루션연구그룹 , 솔루션연구소 강재솔루션연구그룹 , 김흥주 , 에너지조선마케팅실 솔루션개발섹션 , 김병학 , (이용)접합 , 2026-07-06 , 철강신수요창출 , 철강분야 , 정량효과 ,0,0,0,0,0,0,"200,000,000",0,0,0,0,0,0,0, 신수요창출 , 영업이익(200천원/톤) x 예상 판매확대량(1천톤/년) = 2억/년 ,"597,689,000","200,000,000",4,50,"800,000,000",1.34, 과제종결(완료평가) 
994,20259224, 기술전략_전략 , 2025P202 , API 재질 예측 및 제조 기준 도출 플랫폼 개발 (2/2) , 2025-06-02 , 2026-04-10 , 2026-05-26 ,"2,217,341,000","4,980,525,000","1,627,837,458",2,2, (포항)에너지후판프로젝트팀 , (광양)품질기술부 열연후판품질관리섹션 , (포항)에너지후판프로젝트팀 , (포항)에너지후판프로젝트팀 , 배진호 , 마케팅전략실 솔루션기획그룹 , 이종민 , (이용)강재성능 , 2026-05-29 , 기타 , 철강분야 , 정량효과 ,0,"1,000,000,000","3,000,000,000",0,0,0,0,0,0,0,0,0,0,0," 원단위절감,제품개발/수입대체 ", - 합금원가 및 시험생산 저감 20천원/톤*50천톤/년 = 10억/년 - API 저온인성 보증 및 T/L 방향 강도 보증 PJT 대응 50천원/톤*60천톤/년 = 30억원/년 ,"2,217,341,000","4,000,000,000",4,70,"16,000,000,000",7.22, 과제종결(완료평가) 
995,20259225, 기술전략_전략 , 2025P059 , 액화수소 저장탱크용 고강도 고Mn강 모재 및 용접재료 시장선도 제품개발 , 2025-01-06 , 2026-04-24 , 2026-07-02 ,"598,733,600","598,733,600","732,550,198",1,1, 미래철강연구소 차세대철강연구그룹 ,  , 미래철강연구소 차세대철강연구그룹 , 미래철강연구소 차세대철강연구그룹 , 이순기 , 글로벌제품기술실 열연제품기술그룹 , 윤철수 , (제품)후판제품-선도제품개발기술 , 2027-01-01 , 철강신수요창출 , 철강분야 , 정성효과 ,0,0,0,0,0,0,0,0,0,0,0,0,0,0,  ,  ,"598,733,600",0,  ,  ,0,0, 과제종결(단계완료평가) 
996,20259226, 기술전략_전략 , 2025P222 , RH Single Snorkel 정련능 향상 기술 개발 , 2025-03-31 , 2026-03-27 , 2026-04-16 ,"1,763,699,800","1,763,699,800","1,229,996,768",1,1, 공정DX연구소 제강연구그룹 , (광양)전기로사업추진반 기술개발섹션 , 공정DX연구소 제강연구그룹 , 공정DX연구소 제강연구그룹 , 박정호 , (광양)제강부 , 문호정 , (공정)제강공정-제품양산기술 , 2026-06-01 , 기술축적 , 철강분야 , 정성효과 ,0,0,0,0,0,0,0,0,0,0,0,0,0,0,  ,  ,"1,763,699,800",0,  ,  ,0,0, 과제종결(완료평가) 
997,20259227, 기술전략_전략 , 2025P192 , HyREX 조업 변동 대응을 위한 유량 제어 모델 개발 , 2025-05-12 , 2026-06-26 , 2026-07-01 ,"826,169,460","826,169,460","1,008,327,726",1,1, 미래철강연구소 수소환원제철연구그룹 ,  , 미래철강연구소 수소환원제철연구그룹 , 미래철강연구소 수소환원제철연구그룹 , 이원희 , HyREX추진반 , 윤영식 , (공정)제선공정-원가절감기술 , 2026-07-01 , 기술축적 , 철강분야 , 정성효과 ,0,0,0,0,0,0,0,0,0,0,0,0,0,0,  ,  ,"826,169,460",0,  ,  ,0,0, 과제종결(완료평가) 
998,20259232, 기술전략_전략 , 2025P053 , 전기로 대응 대량 스크랩 스마트 품질 관리 시스템 선행 개발 , 2025-01-13 , 2026-03-20 , 2026-04-16 ,"408,432,604","408,432,604","491,731,937",1,1, 공정DX연구소 로봇AI연구그룹 ,  , 공정DX연구소 로봇AI연구그룹 , 공정DX연구소 로봇AI연구그룹 , 이세호 , (광양)제강부 , 문호정 , (철강기타)철강기타 , 2026-04-13 , 기술축적 , 철강분야 , 정량효과 ,0,0,0,0,0,0,0,0,0,0,0,"230,000,000",0,0, 자동화에의한인력합리 ," 영상 검수자 3인 업무 AI로 대체 (3인/일 * 360일 = 2.3억) * 1 (기여율 100%) = 230,000,000 ","408,432,604","230,000,000",4,100,"920,000,000",2.25, 과제종결(완료평가) 
999,20259234, 현안과제 , 2025P128 , 급속가열/급속냉각 Compact CAL 설비 및 특화강종 컨셉 연구 , 2025-01-06 , 2025-12-26 , 2026-01-09 ,"626,851,900","626,851,900","736,242,811",1,1, 제품연구소 자동차소재연구그룹 ,  , 제품연구소 자동차소재연구그룹 , 제품연구소 자동차소재연구그룹 , 조항식 , 제품연구소 자동차소재연구그룹 , 김성일 , (제품)냉연제품-선도제품개발기술 , 2026-02-02 , 철강신수요창출 , 철강분야 , 정성효과 ,0,0,0,0,0,0,0,0,0,0,0,0,0,0,  ,  ,"626,851,900",0,  ,  ,0,0, 과제종결(완료평가) 
1000,20259235, 기술전략_전략 , 2025P068 , 부품일체화 성형을 위한 초고연신 GI/GA 780GEN3 현장적용 연구 (1/1) , 2025-01-06 , 2025-12-26 , 2025-12-30 ,"593,769,000","593,769,000","767,160,799",1,1, 제품연구소 자동차소재연구그룹 ,  , 제품연구소 자동차소재연구그룹 , 제품연구소 자동차소재연구그룹 , 김상현 , 글로벌제품기술실 자동차소재기술그룹 , 김현 , (제품)냉연제품-양산제품개발기술 , 2027-01-01 , 철강신수요창출 , 철강분야 , 정량효과 ,0,0,"1,260,000,000",0,0,0,0,0,0,0,0,0,0,0, 제품개발/수입대체 ," ’30년 이후 예상 기대이익 – 12.6억/년 (’30년 예상 판매량 5,000톤 x 판매 extra 25만원) (산출근거: ’24년 780TRIP 판매량 4,461톤 참고, 現 780TRIP 판매 extra(내수/수출 평균) 252,310원 본 과제 후 양산제품개발, OEM社 study/인증/프로모션/SOP 등 고려하여 ‘30년 이후 판매 예상) ","593,769,000","1,260,000,000",4,80,"5,040,000,000",8.49, 과제종결(완료평가) 
1001,20259236, 기술전략_일반 , 2025P072 , Ni 저감형 304L 현대중공업 LNGC 멤브레인 화물창 적용 솔루션 개발 , 2025-01-06 , 2025-12-26 , 2026-01-28 ,"757,257,800","757,257,800","614,099,115",1,1, (광양)고Mn강프로젝트팀 ,  , 솔루션연구소 강재솔루션연구그룹 , 솔루션연구소 강재솔루션연구그룹 , 이봉근 , 스테인리스마케팅실 STS열연후판판매그룹 , 김현수 , (이용)접합 , 2026-06-01 , 기타 , 철강분야 , 정량효과 ,0,0,0,0,0,0,0,"478,000,000",0,0,0,0,0,0, 실수율/품질향상 ," 1. NKIT 불량율 저감에 따른 기대이익: 1.64억 - 산출식: 9Ni 성분계 전환시 불량율 저감량(195톤/년, 22~24년 실적기반)x (판매단가-부적합단가)=1.64억/년 2. 냉연보유율 저감을 통한 불량율 저감에 따른 기대이익: 3.14억/년 - 산출식: 9Ni 성분계 전환시 냉연보유율 저감을 통한 불량율 저감량(1,237톤/년, 22~24년 실적기반)x (판매단가-부적합단가)=3.14억/년 3. 총 기대이익: 1+2 = 4.78억/년 ","757,257,800","478,000,000",4,80,"1,912,000,000",2.52, 과제종결(완료평가) 
1002,20259237, 기술전략_전략 , 2025P046 , 프로젝트 수주 대응력 강화를 위한 품질 엄격 보증 고급 API강재 제조기술 개발 , 2025-01-06 , 2025-12-19 , 2026-01-29 ,"980,985,498","2,273,911,935","828,726,810",2,1, (포항)에너지후판프로젝트팀 ,  , (포항)에너지후판프로젝트팀 , (포항)에너지후판프로젝트팀 , 정환교 , 글로벌제품기술실 열연제품기술그룹 , 윤철수 , (제품)후판제품-선도제품개발기술 , 2027-01-01 , 철강신수요창출 , 철강분야 , 정량효과 ,0,0,"1,900,000,000",0,0,0,0,0,0,0,0,0,0,0, 제품개발/수입대체 , ACCS PJT 예상 판매량 및 영업이익: 27.8천톤 X 예상영업이익 70천원 = 19억원 ,"980,985,498","1,900,000,000",4,40,"7,600,000,000",7.75, 과제종결(단계완료평가) 
1003,20259238, 기술전략_전략 , 2025P197 , PosMAC 레이저 용접제품 품질확보 기술 개발 , 2025-06-30 , 2026-06-26 , 2026-06-23 ,"631,240,900","631,240,900","694,527,432",1,1, 솔루션연구소 강재솔루션연구그룹 ,  , 솔루션연구소 강재솔루션연구그룹 , 솔루션연구소 강재솔루션연구그룹 , 김영훈 , 마케팅전략실 솔루션기획그룹 , 이종민 , (이용)접합 , 2026-07-31 , 고객기술지원 , 철강분야 , 정량효과 ,0,0,0,0,0,0,"390,000,000",0,0,0,0,0,0,0, 신수요창출 ," 3.9억원(연간이익) = 3.0천톤/년 * 1,300천원/톤 * 영업이익률 10% - 태양광 및 건자재용 부품 PosMAC 판매확대(헬리컬파일, 덕트, 앵글 등) 적용 ","631,240,900","390,000,000",4,30,"1,560,000,000",2.47, 과제종결(완료평가) 
1004,20259241, 현안과제 , 2025P067 , 전로 TR부 MgO-C 내화물 고내식성 재질 개발 , 2025-01-20 , 2026-03-20 , 2026-04-12 ,"546,466,200","546,466,200","555,696,477",1,1, 공정DX연구소 제강연구그룹 ,  , 공정DX연구소 제강연구그룹 , 공정DX연구소 제강연구그룹 , 권오성 , (포항)노재그룹 , 서명아 , (공정)제강공정-원가절감기술 , 2027-09-30 , 기술축적 , 철강분야 , 정량효과 ,0,"417,000,000",0,0,0,0,0,0,0,0,0,0,0,0, 원단위절감 ," 4.17억/년 (TR부 보수재 사용량 절감) = 13.9억/년(보수재 사용 금액, '24.1~9월 사용 기준) x 30% (보수재 절감율) ","546,466,200","417,000,000",4,50,"1,668,000,000",3.05, 과제종결(완료평가) 
1005,20259242, 기술전략_장기 , 2025P087 , Slurry 코팅 활용 표면 확산형 고합금 NO 제조 및 공정기술 개발 , 2025-01-20 , 2026-04-24 , 2026-04-24 ,"1,868,123,300","1,868,123,300","1,721,180,182",1,1, 미래철강연구소 차세대철강연구그룹 ,  , 미래철강연구소 차세대철강연구그룹 , 미래철강연구소 차세대철강연구그룹 , 권민석 , 미래철강연구소 차세대철강연구그룹 , 김상석 , (제품)전기강판제품-선도제품개발기술 , 2026-10-30 , 철강신수요창출 , 철강분야 , 정성효과 ,0,0,0,0,0,0,0,0,0,0,0,0,0,0,  ,  ,"1,868,123,300",0,  ,  ,0,0, 과제종결(완료평가) 
1006,20259245, 기술전략_장기 , 2025P194 , 기가스틸의 점용접 고속파단에 대한 해석물성 평가법 개발 , 2025-05-26 , 2026-05-22 , 2026-05-15 ,"1,201,932,300","1,201,932,300","1,006,557,784",1,1, 솔루션연구소 자동차소재솔루션연구그룹 ,  , 솔루션연구소 자동차소재솔루션연구그룹 , 솔루션연구소 자동차소재솔루션연구그룹 , 최지식 , 솔루션연구소 자동차소재솔루션연구그룹 , 김홍기 , (이용)가공 , 2027-05-26 , 고객기술지원 , 철강분야 , 정성효과 ,0,0,0,0,0,0,0,0,0,0,0,0,0,0,  ,  ,"1,201,932,300",0,  ,  ,0,0, 과제종결(완료평가) 
1007,20259246, 기술전략_일반 , 2025P140 , 메가 복합시설 PJT. 대응 건축용 고성능강 SN420/460 내진구조시스템 개발 (1/2) , 2025-03-03 , 2026-04-24 , 2026-05-13 ,"1,200,608,600","2,125,593,600","1,100,968,005",2,1, RIST ,  , 솔루션연구소 강건재솔루션연구그룹 , 솔루션연구소 강건재솔루션연구그룹 , 김진원 , 후판마케팅실 건설소재판매그룹 , 이선후 , (이용)강구조 , 2027-04-23 , 철강신수요창출 , 철강분야 , 정량효과 ,0,0,0,0,0,0,"800,000,000",0,0,0,0,0,0,0, 신수요창출 ," ○ 정량적 이익 (기대이익 혹은 실현이익) - SN420/460 외 10천톤 x 80,000원/톤 = 8억원 ","1,200,608,600","800,000,000",4,80,"3,200,000,000",2.67, 과제종결(단계완료평가) 
1008,20259247, 기술전략_전략 , 2025P033 , 대형 액화이산화탄소 탱크용 용접 후열처리 대체 고인성 용접재료 개발 , 2025-01-06 , 2026-06-26 , 2026-06-30 ,"753,357,900","753,357,900","657,905,012",1,1, 솔루션연구소 강재솔루션연구그룹 ,  , 솔루션연구소 강재솔루션연구그룹 , 솔루션연구소 강재솔루션연구그룹 , 한규태 , 에너지조선마케팅실 솔루션개발섹션 , 김병학 , (이용)접합 , 2027-01-01 , 철강신수요창출 , 철강분야 , 정량효과 ,0,0,0,0,0,0,"267,000,000",0,0,0,0,0,0,0, 신수요창출 ," 26년 이후 3년간 4척 건조예상, 척당 2천톤x4=8천톤 기대이익 8000톤 x 10만원/톤 =8억원/3년 ","753,357,900","267,000,000",4,70,"1,068,000,000",1.42, 과제종결(완료평가) 
1009,20259251, 기술전략_전략 , 2025P029 , PV모듈용 PosMAC C형 프레임 대안설계 및 모듈단위 성능평가 , 2025-01-06 , 2025-12-26 , 2025-12-10 ,"751,896,900","751,896,900","635,310,398",1,1, 솔루션연구소 강건재솔루션연구그룹 ,  , 철강솔루션연구소 구조연구그룹 , 철강솔루션연구소 구조연구그룹 , 하태휴 , 강건재가전마케팅실 강건재가전솔루션그룹 , 전형준 , (이용)강구조 , 2026-03-02 , 철강신수요창출 , 철강분야 , 정량효과 ,0,0,0,0,0,0,"450,000,000",0,0,0,0,0,0,0, 신수요창출 , 정량효과 (신수요창출): 3천톤/년 x 150만원/톤 x 영업이익율 10% = 450백만원/년 ,"751,896,900","450,000,000",4,60,"1,800,000,000",2.39, 과제종결(완료평가) 
1010,20259255, 기술전략_장기 , 2025P008 , 일본향 내수소취성 고굽힘 GA 1470MART 제조기술 개발 , 2025-01-06 , 2025-10-31 , 2025-11-10 ,"605,596,000","605,596,000","754,380,398",1,1, (광양)GigaSteel프로젝트팀 ,  , 자동차소재연구소 자동차소재연구그룹 , 자동차소재연구소 자동차소재연구그룹 , 류주현 , 제품연구소 자동차소재연구그룹 , 김성일 , (제품)냉연제품-선도제품개발기술 , 2026-01-01 , 철강신수요창출 , 철강분야 , 정성효과 ,0,0,0,0,0,0,0,0,0,0,0,0,0,0,  ,  ,"605,596,000",0,  ,  ,0,0, 과제종결(완료평가) 
1011,20259256, 기술전략_일반 , 2025P091 , 윤활압연 효과 연계 압연속도 제어기술 개발 , 2025-01-06 , 2026-01-30 , 2026-02-06 ,"664,868,500","664,868,500","564,625,087",1,1, 기술전략실 열연설비경쟁력강화TF팀 ,  , 공정DX연구소 엔지니어링연구그룹 , 공정DX연구소 엔지니어링연구그룹 , 홍완기 , (광양)열연부 , 기호중 , (공정)열연공정-원가절감기술 , 2026-03-02 , 기술축적 , 철강분야 , 정량효과 ,0,"612,799,120",0,0,0,0,0,0,0,0,0,0,0,0, 원단위절감 ," (1) 4열연 FM 전력량 감소: 3.44억원/년 - 4열연공장 년간생산량 410만톤/년 - 전력원단위 120kWh/ton, 전력단가 140원/kWh - 전력 개선율= 0.5% * 120*140*4,100,000*0.5/100 = 3.444억원/년 (2) 롤 마모감소에 의한 롤 원단위 절감: 2.68억원/년 - 4열연공장 년간생산량 410만톤/년 - 롤 원단위 0.0473kg/ton, 롤 사용단가 34,600원/kg - 롤 원단위 개선율= 4% * 0.0473*34,600*4,100,000*4/100 = 2.684억원/년 ","664,868,500","612,799,120",4,80,"2,451,196,480",3.69, 과제종결(완료평가) 
1012,20259260, 기술전략_장기 , 2025P014 , 열간압연중 롤표면 실시간 진단기술 개발 , 2025-01-06 , 2025-09-26 , 2025-10-16 ,"536,166,500","536,166,500","545,325,777",1,1, 공정DX연구소 압연엔지니어링연구그룹 , (광양)열연부 열연AHSS기술개발섹션 , 공정DX연구소 압연공정연구그룹 , 공정DX연구소 압연공정연구그룹 , 윤기호 , 공정DX연구소 엔지니어링연구그룹 , 김신일 , (공정)열연공정-원가절감기술 , 2025-10-01 , 기술축적 , 철강분야 , 정성효과 ,0,0,0,0,0,0,0,0,0,0,0,0,0,0,  ,  ,"536,166,500",0,  ,  ,0,0, 과제종결(완료평가) 
1013,20259261, 기술전략_전략 , 2025P164 , HyREX 고환원 H2-DRI 발화 억제 기술 개발 , 2025-04-07 , 2026-03-27 , 2026-03-27 ,"794,067,750","794,067,750","969,934,930",1,1, 포스코홀딩스 ,  , 미래철강연구소 수소환원제철연구그룹 , 미래철강연구소 수소환원제철연구그룹 , 박지욱 , HyREX추진반 , 윤영식 , (공정)제선공정-생산성향상기술 , 2028-01-03 , 기술축적 , 철강분야 , 정성효과 ,0,0,0,0,0,0,0,0,0,0,0,0,0,0,  ,  ,"794,067,750",0,  ,  ,0,0, 과제종결(완료평가) 
1014,20259265, 현안과제 , 2025P131 , 자동차 650CP 경량 샤시부품 개발 , 2025-03-03 , 2026-02-27 , 2026-02-27 ,"1,235,455,800","1,235,455,800","1,021,881,893",1,1, 솔루션연구소 자동차소재솔루션연구그룹 ,  , 솔루션연구소 자동차소재솔루션연구그룹 , 솔루션연구소 자동차소재솔루션연구그룹 , 권혁선 , 솔루션연구소 자동차소재솔루션연구그룹 , 김홍기 , (이용)가공 , 2026-10-30 , 철강신수요창출 , 철강분야 , 정량효과 ,0,0,0,0,0,0,"1,000,000,000",0,0,0,0,0,0,0, 신수요창출 ," * 1만톤판매/년*톤당1백만원*영업이익율10%= 10억 . 오스템 기아향 PV7차종 590C 휠 수주 완료 (4천톤/년), 현대기아, GMK 경량화 요청으로 650CP 설계 진행中 .일본 Topy 590C, 650CP 공동개발 진행중, 유럽 마그네토 폴란드 공장 테스트 진행中 . 맥시온 상용휠 RFQ, 인도 wheels india 등 글로벌 부품 고객사 기술 제안 확대 1만톤/년 판매 ","1,235,455,800","1,000,000,000",4,100,"4,000,000,000",3.24, 과제종결(완료평가) 
1015,20259267, 기술전략_장기 , 2025P051 , 기가캐스팅 대응 통합 모듈 부품화 기술 개발 , 2025-01-06 , 2025-12-26 , 2025-12-31 ,"1,028,126,200","3,210,736,400","774,236,943",3,1, 솔루션연구소 자동차소재솔루션연구그룹 ,  , 솔루션연구소 자동차소재솔루션연구그룹 , 솔루션연구소 자동차소재솔루션연구그룹 , 서민홍 , 철강솔루션연구소 성형연구그룹 , 김홍기 , (이용)가공 , 2028-01-01 , 고객기술지원 , 철강분야 , 정성효과 ,0,0,0,0,0,0,0,0,0,0,0,0,0,0,  ,  ,"1,028,126,200",0,  ,  ,0,0, 과제종결(단계완료평가) 
1016,20259269, 기술전략_장기 , 2025P125 , 철강공정 부품의 내구성 향상을 위한 표면개질 기술개발 , 2025-03-03 , 2026-02-27 , 2026-03-04 ,"984,986,400","984,986,400","1,386,233,414",1,1, 제품연구소 표면연구그룹 ,  , 제품연구소 표면연구그룹 , 제품연구소 표면연구그룹 , 고경필 , 제품연구소 표면연구그룹 , 남경훈 , (공정)표면처리공정-생산성향상기술 , 2027-03-01 , 기타 , 철강분야 , 정량효과 ,0,0,0,0,0,0,0,"400,000,000","550,000,000",0,0,0,0,0," 실수율/품질향상,공정개선 "," ○ [선재] 절사량 저감 : 1.04억원/년 (선재 절사량 37.7톤/월 x 230천원/톤(영업 이익) x 12개월) ○ [열연] 2.2억원/년(정비비 감소) ○ [도금] - CGL 라인별 Scraper 사용생략에 따른 공정비용 저감 : 3.3억/년 (Blade/Arm세트 정비비 41,900천원/년x8line) - Dross유발 표면결함(Dross 찍힘/이물, Groove Mark) 클래임* 비용 저감 *’24년.1~10월 기준 약 3억 ","984,986,400","950,000,000",4,50,"3,800,000,000",3.86, 과제종결(완료평가) 
1017,20259270, 기술전략_전략 , 2025P045 , 450/500HB급 내마모강 저온인성 보증 제품 개발 , 2025-01-06 , 2025-11-21 , 2025-11-28 ,"928,250,800","928,250,800","1,164,756,934",1,1, 제품연구소 열연선재후판연구그룹 ,  , 강재연구소 에너지조선연구그룹 , 강재연구소 에너지조선연구그룹 , 장우길 , 글로벌제품기술실 열연제품기술그룹 , 이정희 , (제품)후판제품-선도제품개발기술 , 2026-01-01 , 철강신수요창출 , 철강분야 , 정량효과 ,0,0,"170,000,000",0,0,0,0,0,0,0,0,0,0,0, 제품개발/수입대체 ," 저온인성보증 내마모강 26년 연간 예상 판매량 : 5,000톤x24년 내마모강 평균 영업이익 340천원/톤) ","953,250,800","170,000,000",3,50,"510,000,000",0.54, 과제종결(완료평가) 
1018,20259272, 현안과제 , 2025P090 , 현대차기아향 저온가열형 AlSi도금 2.0G급 HPF 미래선도제품 개발 , 2025-01-06 , 2026-05-01 , 2026-05-15 ,"520,576,800","520,576,800","658,769,237",1,1, 제품연구소 자동차소재연구그룹 ,  , 제품연구소 자동차소재연구그룹 , 제품연구소 자동차소재연구그룹 , 김성우 , 제품연구소 자동차소재연구그룹 , 김성일 , (제품)냉연제품-선도제품개발기술 , 2026-05-11 , 철강신수요창출 , 철강분야 , 정성효과 ,0,0,0,0,0,0,0,0,0,0,0,0,0,0,  ,  ,"520,576,800",0,  ,  ,0,0, 과제종결(완료평가) 
1019,20259274, 기술전략_장기 , 2025P066 , Pilot ESF 활용 HyREX 원료 용융 특성 연구 , 2025-01-06 , 2026-01-30 , 2026-01-29 ,"1,653,340,800","1,653,340,800","1,674,546,926",1,1, 미래철강연구소 수소환원제철연구그룹 ,  , 미래철강연구소 수소환원제철연구그룹 , 미래철강연구소 수소환원제철연구그룹 , 이상범 , 미래철강연구소 수소환원제철연구그룹 , 박재훈 , (철강기타)철강기타 , 2028-08-01 , 기술축적 , 철강분야 , 정성효과 ,0,0,0,0,0,0,0,0,0,0,0,0,0,0,  ,  ,"1,653,340,800",0,  ,  ,0,0, 과제종결(완료평가) 
1020,20259277, 기술전략_일반 , 2025P123 , 방향성전기강판 철손 개선위한 자구미세화 고도화 기술 개발 , 2025-02-10 , 2025-11-28 , 2025-12-08 ,"874,928,670","874,928,670","959,721,262",1,1, (포항)전력용전기강판프로젝트팀 ,  , 강재연구소 전기전자연구그룹 , 강재연구소 전기전자연구그룹 , 권오열 , (포항)전기강판부 , 한동현 , (제품)전기강판제품-품질개선기술 , 2026-06-30 , 기술축적 , 철강분야 , 정량효과 ,0,0,"3,000,000,000",0,0,0,0,0,0,0,0,0,0,0, 제품개발/수입대체 ," 30억원/년(0.23mmt 최고급 및 0.20mmt 이하 판매량, 3.0만톤/년 x 영업이익 10만원/톤 = 30억원/년) ","2,784,928,670","3,000,000,000",4,80,"12,000,000,000",4.31, 과제종결(완료평가) 
1021,20259283, 기술전략_장기 , 2025P141 , 고속 SRA를 통한 가공응력 제거기술 개발 , 2025-03-03 , 2025-09-26 , 2025-09-30 ,"459,368,790","459,368,790","337,363,979",1,1, 솔루션연구소 자동차소재솔루션연구그룹 ,  , 철강솔루션연구소 성능연구그룹 , 철강솔루션연구소 성능연구그룹 , 이세일 , 철강솔루션연구소 성능연구그룹 , 이기호 , (이용)강재성능 , 2026-01-01 , 고객기술지원 , 철강분야 , 정량효과 ,0,0,0,0,0,0,"2,250,000,000",0,0,0,0,0,0,"300,000,000"," 신수요창출,기타 "," 1. 솔루션 라이센스 판매 (기여율 100%): 1Pjt. 당 스테이터 1기 500원 x 15만개/년 = 7500만원/년 확보 목표 1개 = 3억원 2. 전기강판 당사재 채용: 모터코어 1기당 전기강판 사용량 40kg, kg당 2500원, 100,000원 영업이익률 15% : 15000원 1Pjt.당 모터코어 수 15만개/년 = 22억5천만원 ","459,368,790","2,550,000,000",4,40,"10,200,000,000",22.2, 과제종결(완료평가) 
1022,20259284, 기술전략_장기 , 2025P050 ," 압출,주조등 비철경량소재 전환 중소형 부품의 철강기반 다종소재 대체 부품화 기술 개발 ", 2025-01-06 , 2025-12-26 , 2025-12-30 ,"1,010,919,468","1,010,919,468","783,160,838",1,1, 솔루션연구소 자동차소재솔루션연구그룹 ,  , 솔루션연구소 자동차소재솔루션연구그룹 , 솔루션연구소 자동차소재솔루션연구그룹 , 정창균 , 철강솔루션연구소 성형연구그룹 , 김홍기 , (이용)가공 , 2026-01-05 , 철강신수요창출 , 철강분야 , 정성효과 ,0,0,0,0,0,0,0,0,0,0,0,0,0,0,  ,  ,"1,010,919,468",0,  ,  ,0,0, 과제종결(완료평가) 
1023,20259285, 기술전략_전략 , 2025P108 , 원통형 배터리 케이스 성형 및 내압성능 평가기술 개발 , 2025-01-06 , 2025-11-28 , 2025-11-26 ,"841,809,509","1,683,405,259","546,382,285",2,1, 솔루션연구소 강재솔루션연구그룹 ,  , 철강솔루션연구소 성형연구그룹 , 철강솔루션연구소 성형연구그룹 , 안강환 , 마케팅전략실 솔루션기획그룹 , 이종민 , (이용)가공 , 2027-03-01 , 기술축적 , 철강분야 , 정량효과 ,0,0,0,0,0,0,0,0,0,0,0,0,0,"15,250,000,000", 기타 ," > 과제 종료 후 4년간 POCEL재 예상 판매량 증가 ('26년 대비): +61만톤 ('27년: +4만톤, '28년: +10만톤, '29년: +20만톤, '30년: +27만톤), POCEL재 영업이익 10만원/톤 가정 > 총 기대이익: 610억원 (61만톤(4년) x 10만원/톤), 연간기대이익: 152.5억원 ","841,809,509","15,250,000,000",2,10,"30,500,000,000",36.23, 과제종결(단계완료평가) 
1024,20259286, 기술전략_전략 , 2025P104 ," 초대형 해상풍력 및 해양구조용 극후물 노멀라이징 EN-S420NL, EN-S355NLO 개발 ", 2025-02-03 , 2026-05-29 , 2026-06-26 ,"592,806,700","592,806,700","898,800,135",1,1, 제품연구소 열연선재후판연구그룹 ,  , 제품연구소 열연선재후판연구그룹 , 제품연구소 열연선재후판연구그룹 , 김우겸 , 글로벌제품기술실 열연제품기술그룹 , 윤철수 , (제품)후판제품-선도제품개발기술 , 2026-06-30 , 철강신수요창출 , 철강분야 , 정량효과 ,0,0,0,0,0,0,"600,000,000",0,0,0,0,0,0,0, 신수요창출 ," 예상판매량 6,000톤/년 x 예상영업이익 100천원 = 6억원 ","892,806,700","600,000,000",4,100,"2,400,000,000",2.69, 과제종결(완료평가) 
1025,20259287, 기술전략_장기 , 2025P190 , AI 기반 능동형 몰드 유동 제어 및 품질 안정화 기술 (1/3) , 2025-03-03 , 2026-02-27 , 2026-03-24 ,"680,276,202","680,276,202","376,499,162",1,1, 공정DX연구소 제강연구그룹 ,  , 공정DX연구소 제강연구그룹 , 공정DX연구소 제강연구그룹 , 박인범 , (광양)제강부 , 문호정 , (공정)제강공정-불량율저감기술 , 2028-07-28 , 기타 , 철강분야 , 정량효과 ,0,0,0,0,0,0,0,"6,900,000,000",0,0,0,0,0,0, 실수율/품질향상 ," ○ 69억/년 (총 제강성 기회 손실 비용 2292억 中 부적합 개선 3%) ○ 총 제강성 기회 손실 비용 (연간, 1,2 제강 기준) = 2292억 1. 주문외 손실비용 = 제강성 주문외량 x (정품가 - 주문외가) 2. 스크랩 손실비용 = 스크랩량 X (정품가 - 스크랩가) (스크랩가 (`24) : 506 천원) - 품종별 손실 비용 (24년 상반기) : HR(140억), PO(346억),FH(25억),CR(229억),EG(29억), GI(184억), GA(195억) - `24년 상반기 총 제강성 손실 비용 (24년 상반기) = 1146억 ","680,276,202","6,900,000,000",4,100,"27,600,000,000",40.57, 과제종결(단계완료평가) 
1026,20259288, 기술전략_일반 , 2025P049 ," 4선재 CHQ 강종통합기술 기반, 10T 비조질강 양산화 기술개발 ", 2025-01-20 , 2026-01-23 , 2026-02-11 ,"638,746,200","638,746,200","801,619,579",1,1, 제품연구소 열연선재후판연구그룹 ,  , 제품연구소 열연선재후판연구그룹 , 제품연구소 열연선재후판연구그룹 , 문동준 , 열연선재마케팅실 선재판매그룹 , 박소영 , (공정)선재공정-제품양산기술 , 2027-07-01 , 철강신수요창출 , 철강분야 , 정량효과 ,0,0,"830,000,000",0,0,0,0,0,0,0,0,0,0,0, 제품개발/수입대체 , • 정량효과: 8.3억 - 합금원가 저감: 8.3억 = 7.4천톤/년('24년 Y7* 용도 SCM435 10%) X 112천원(POSNH9S 대체 통한 합금원가 저감) ,"638,746,200","830,000,000",4,80,"3,320,000,000",5.2, 과제종결(완료평가) 
1027,20259289, 기술전략_장기 , 2025P189 , 대면적 샌드위치 강판 활용한 고강성 자동차 부품 개발 및 성능 검증 연구 , 2025-05-05 , 2026-03-27 , 2026-03-26 ,"829,024,325","829,024,325","635,562,726",1,1, 솔루션연구소 자동차소재솔루션연구그룹 ,  , 솔루션연구소 자동차소재솔루션연구그룹 , 솔루션연구소 자동차소재솔루션연구그룹 , 정경환 , 솔루션연구소 자동차소재솔루션연구그룹 , 김홍기 , (이용)가공 , 2026-03-30 , 철강신수요창출 , 철강분야 , 정성효과 ,0,0,0,0,0,0,0,0,0,0,0,0,0,0,  ,  ,"829,024,325",0,  ,  ,0,0, 과제종결(완료평가) 
1028,20259292, 기술전략_전략 , 2025P058 , 고객 공정 고려 Al-HPF강 적용성 평가 기술 개발 , 2025-01-06 , 2025-12-26 , 2025-12-24 ,"1,757,192,300","2,717,875,250","1,319,987,628",3,1, 솔루션연구소 자동차소재솔루션연구그룹 ,  , 철강솔루션연구소 성형연구그룹 , 철강솔루션연구소 성형연구그룹 , 오경석 , 자동차소재마케팅실 친환경차그룹 , 탁상현 , (이용)가공 , 2028-07-01 , 고객기술지원 , 철강분야 , 정성효과 ,0,0,0,0,0,0,0,0,0,0,0,0,0,0,  ,  ,"1,757,192,300",0,  ,  ,0,0, 과제종결(단계완료평가) 
1029,20259296, 기술전략_장기 , 2025P093 , 롤포밍 변형거동 연구 및 변형제어 요소기술 개발 , 2025-01-27 , 2026-04-24 , 2026-06-17 ,"641,299,200","641,299,200","532,157,894",1,1, 솔루션연구소 자동차소재솔루션연구그룹 ,  , 솔루션연구소 자동차소재솔루션연구그룹 , 솔루션연구소 자동차소재솔루션연구그룹 , 차명환 , 솔루션연구소 자동차소재솔루션연구그룹 , 김홍기 , (이용)가공 , 2026-07-01 , 고객기술지원 , 철강분야 , 정성효과 ,0,0,0,0,0,0,0,0,0,0,0,0,0,0,  ,  ,"641,299,200",0,  ,  ,0,0, 과제종결(완료평가) 
1030,20259298, 기술전략_장기 , 2025P074 , 냉연 기가스틸 용접/접합특성 신뢰도 향상 솔루션 개발 , 2025-01-06 , 2025-12-19 , 2025-12-31 ,"863,545,000","2,151,878,800","773,237,555",2,1, 솔루션연구소 자동차소재솔루션연구그룹 ,  , 철강솔루션연구소 접합연구그룹 , 철강솔루션연구소 접합연구그룹 , 최두열 , 솔루션연구소 자동차소재솔루션연구그룹 , 김홍기 , (이용)접합 , 2027-01-01 , 고객기술지원 , 철강분야 , 정성효과 ,0,0,0,0,0,0,0,0,0,0,0,0,0,0,  ,  ,"863,545,000",0,  ,  ,0,0, 과제종결(단계완료평가) 
1031,20259300, 기술전략_장기 , 2025P079 , SOFC BOP用 고Al 첨가 400계 STS 기술개발 , 2025-02-03 , 2025-10-31 , 2025-11-06 ,"713,985,400","713,985,400","918,148,378",1,1, 제품연구소 STS연구그룹 ,  , 강재연구소 STS연구그룹 , 강재연구소 STS연구그룹 , 김종희 , 제품연구소 STS연구그룹 , 김진석 , (제품)STS제품-선도제품개발기술 , 2026-10-01 , 철강신수요창출 , 철강분야 , 정량효과 ,0,0,0,0,0,0,"1,410,000,000",0,0,0,0,0,0,0, 신수요창출 ," ○ 년간기대이익 산출내역 (단위:천원) : 14.1억원/年 = 1천톤/년 x 영업이익 1,410천원 (460FC 유사 판매량 및 수익성 기준) ","1,013,985,400","1,410,000,000",4,50,"5,640,000,000",5.56, 과제종결(완료평가) 
1032,20259301, 기술전략_전략 , 2025P082 , (광양) 건축구조용 고온(600℃) 항복강도 보증 KS-FR355B 선도제품 개발 , 2025-01-13 , 2025-12-26 , 2025-12-08 ,"319,881,500","319,881,500","441,234,532",1,1, 제품연구소 열연선재후판연구그룹 ,  , 강재연구소 열연선재연구그룹 , 강재연구소 열연선재연구그룹 , 양홍석 , 글로벌제품기술실 열연제품기술그룹 , 이정희 , (제품)열연제품-양산제품개발기술 , 2026-01-01 , 철강신수요창출 , 철강분야 , 정량효과 ,0,0,"500,000,000",0,0,0,0,0,0,0,0,0,0,0, 제품개발/수입대체 , 신수요 5천톤/년 * 영업이익 100천원/톤 ,"469,881,500","500,000,000",4,50,"2,000,000,000",4.26, 과제종결(완료평가) 
1033,20259304, 기술전략_장기 , 2025P017 , 방향성 전기강판 연속소둔에 의한 Goss 집합조직 형성 요소기술 개발 , 2025-01-13 , 2025-12-26 , 2025-12-16 ,"610,408,040","610,408,040","647,182,137",1,1, (포항)전력용전기강판프로젝트팀 ,  , 강재연구소 전기전자연구그룹 , 강재연구소 전기전자연구그룹 , 고경준 , 제품연구소 냉연도금연구그룹 , 주형돈 , (공정)전기강판공정-원가절감기술 , 2028-01-03 ,  , 철강분야 , 정성효과 ,0,0,0,0,0,0,0,0,0,0,0,0,0,0,  ,  ,"610,408,040",0,  ,  ,0,0, 과제종결(단계완료평가) 
1034,20259305, 기술전략_장기 , 2025P064 , 전기로 용강 직사용 전기강판 자성열화 극복기술 개발 , 2025-01-06 , 2025-12-26 , 2025-12-12 ,"627,519,000","627,519,000","670,624,474",1,1, (광양)HyperNO프로젝트팀 ,  , 강재연구소 전기전자연구그룹 , 강재연구소 전기전자연구그룹 , 송대현 , 제품연구소 냉연도금연구그룹 , 주형돈 , (제품)전기강판제품-선도제품개발기술 , 2026-12-31 , 기술축적 , 철강분야 , 정성효과 ,0,0,0,0,0,0,0,0,0,0,0,0,0,0,  ,  ,"627,519,000",0,  ,  ,0,0, 과제종결(완료평가) 
1035,20259306, 기술전략_전략 , 2025P006 ," 조선용 Cable Tray, PosMAC 적용 위한 제품화 솔루션 개발 ", 2025-01-06 , 2025-09-26 , 2025-09-25 ,"769,583,250","769,583,250","638,046,633",1,1, 솔루션연구소 강재솔루션연구그룹 ,  , 철강솔루션연구소 접합연구그룹 , 철강솔루션연구소 접합연구그룹 , 박형진 , 강건재가전마케팅실 강건재가전솔루션그룹 , 전형준 , (이용)접합 , 2025-10-01 , 철강신수요창출 , 철강분야 , 정량효과 ,0,0,0,0,0,0,"260,000,000",0,0,0,0,0,0,0, 신수요창출 ," 2.0천톤/년 x 1,300천원/톤 x 영업이익율 10% ","769,583,250","260,000,000",4,80,"1,040,000,000",1.35, 과제종결(완료평가) 
1036,20259307, 현안과제 , 2025P031 , 3후판 가열로 자동연소제어기술 개발 , 2025-01-06 , 2026-06-26 , 2026-06-24 ,"521,112,000","521,112,000","468,227,357",1,1, (포항)에너지후판프로젝트팀 ,  , (포항)에너지후판프로젝트팀 , (포항)에너지후판프로젝트팀 , 김효신 , (포항)후판부 , 박충재 , (공정)후판공정-원가절감기술 , 2026-06-29 , 기술축적 , 철강분야 , 정량효과 ,"160,000,000","276,000,000",0,0,0,0,0,0,0,0,0,0,0,0," 생산성향상,원단위절감 "," 연료 원단위 개선: 개선원단위 5.5 Mcal/톤 X '25년 경영계획 Slab처리량 846,757톤 X '25년 경영계획 연료단가 59.2 원/Mcal = 2.76억원/년 생산성 향상: 1.1 hr/월 x '25년 경영계획 생산성 112.3 T/H x '25년 경영계획 정정실수율 89.7% x '24년 9월 누계 고정가공비 118,179 원/톤 = 1.60억원/년 ","676,112,000","436,000,000",4,80,"1,744,000,000",2.58, 과제종결(완료평가) 
1037,20259308, 기술전략_전략 , 2025P103 ," 친환경차 구동모터용 G5 PNX (0.2t, 0.25t) 품질 및 조업성 확보 기술개발 ", 2025-01-06 , 2025-12-26 , 2025-12-26 ,"840,640,000","840,640,000","795,949,171",1,1, (광양)HyperNO프로젝트팀 ,  , (광양)HyperNO프로젝트팀 , 제품연구소 냉연도금연구그룹 , 박준수 , 글로벌제품기술실 자동차소재기술그룹 , 김현 , (제품)전기강판제품-선도제품개발기술 , 2027-01-01 , 철강신수요창출 , 철강분야 , 정량효과 ,0,0,"4,000,000,000",0,0,0,0,0,0,0,0,0,0,0, 제품개발/수입대체 , 40억원/년 *연간 판매량 (2만톤/년) * 제품개발영업이익 (20만원/톤) 가정 ** 0.20t 예상 전기강판 소요량 : ‘28년 0.1만톤 → ‘29년 1.5만톤 → ‘30년 2.4만톤 ,"1,140,640,000","4,000,000,000",4,80,"16,000,000,000",14.03, 과제종결(완료평가) 
1038,20259312, 기술전략_장기 , 2025P137 , 고자속밀도 20PNR1200 제조기준 정립 , 2025-03-10 , 2026-07-10 , 2026-07-22 ,"1,085,322,300","1,085,322,300","1,295,924,660",1,1, 제품연구소 냉연도금연구그룹 ,  , 제품연구소 냉연도금연구그룹 , 제품연구소 냉연도금연구그룹 , 고현석 , 제품연구소 냉연도금연구그룹 , 주형돈 , (제품)전기강판제품-선도제품개발기술 , 2027-03-01 , 철강신수요창출 , 철강분야 , 정성효과 ,0,0,0,0,0,0,0,0,0,0,0,0,0,0,  ,  ,"1,085,322,300",0,  ,  ,0,0, 과제종결(완료평가) 
1039,20259313, 기술전략_전략 , 2025P030 , CFD를 활용한 HyREX 유동로 설비 성능 검증 , 2025-01-06 , 2025-09-26 , 2025-09-26 ,"552,486,400","552,486,400","712,452,563",1,1, 미래철강연구소 수소환원제철연구그룹 ,  , 미래철강연구소 수소환원제철연구센터 , 미래철강연구소 수소환원제철연구센터 , 김진영 , HyREX추진반 , 윤영식 , (공정)제선공정-생산성향상기술 , 2026-01-01 , 기술축적 , 철강분야 , 정성효과 ,0,0,0,0,0,0,0,0,0,0,0,0,0,0,  ,  ,"552,486,400",0,  ,  ,0,0, 과제종결(완료평가) 
1040,20259315, 기술전략_장기 , 2025P114 , Pilot ESF 활용 수소환원 DRI 용해용 전기용융로 내화물 장수명화 연구 , 2025-02-17 , 2026-03-27 , 2026-04-03 ,"1,385,873,440","1,385,873,440","1,322,263,367",1,1, 미래철강연구소 수소환원제철연구그룹 , HyREX추진반 , 미래철강연구소 수소환원제철연구그룹 , 미래철강연구소 수소환원제철연구그룹 , 최진석 , 미래철강연구소 수소환원제철연구그룹 , 박재훈 , (철강기타)철강기타 , 2026-04-10 , 기술축적 , 철강분야 , 정성효과 ,0,0,0,0,0,0,0,0,0,0,0,0,0,0,  ,  ,"1,385,873,440",0,  ,  ,0,0, 과제종결(완료평가) 
1041,20259317, 기술전략_장기 , 2025P089 , 부품사 승온시간 단축 가능한 AlFe-1500IB/2000HPF 제품 개발 , 2025-01-06 , 2025-11-28 , 2025-12-10 ,"523,954,000","523,954,000","644,649,419",1,1, (광양)GigaSteel프로젝트팀 ,  , 자동차소재연구소 자동차소재연구그룹 , 자동차소재연구소 자동차소재연구그룹 , 김상헌 , 제품연구소 자동차소재연구그룹 , 김성일 , (제품)냉연제품-선도제품개발기술 , 2025-12-31 , 철강신수요창출 , 철강분야 , 정성효과 ,0,0,0,0,0,0,0,0,0,0,0,0,0,0,  ,  ,"523,954,000",0,  ,  ,0,0, 과제종결(완료평가) 
1042,20259325, 기술전략_전략 , 2025P028 , 냉연 및 열연 기가스틸용 고성능·저원가 용접부품화 통합솔루션 개발 , 2025-01-06 , 2025-12-26 , 2025-12-13 ,"1,577,906,500","1,577,906,500","1,334,026,694",1,1, 솔루션연구소 자동차소재솔루션연구그룹 ,  , 철강솔루션연구소 접합연구그룹 , 철강솔루션연구소 접합연구그룹 , 배규열 , 철강솔루션연구소 접합연구그룹 , 홍승갑 , (이용)접합 , 2026-01-05 , 철강신수요창출 , 철강분야 , 정량효과 ,0,0,0,0,0,0,"5,550,000,000",0,0,0,0,0,0,0, 신수요창출 , ○ 년간기대이익 산출내역 (단위:천원) - 기가스틸 판매 목표 37천톤/년(‘30년 목표의 5%) - 영업이익 150천원/톤(’24년 평균 영업이익) ,"1,577,906,500","5,550,000,000",4,30,"22,200,000,000",14.07, 과제종결(완료평가) 
1043,20259328, 기술전략_일반 , 2025P044 , BET슬러지 및 성형탄 內 혼합비 조절을 통한 PODACS 성형율 향상 , 2025-01-06 , 2025-12-26 , 2025-12-26 ,"464,960,195","464,960,195","495,611,650",1,1, 공정DX연구소 제선연구그룹 ,  , 공정DX연구소 제선연구그룹 , 공정DX연구소 제선연구그룹 , 정하명 , (광양)화성부 , 김현수 , (공정)제선공정-생산성향상기술 , 2026-01-01 , 조업/기술경영자료 , 철강분야 , 정량효과 ,0,"350,000,000",0,0,0,0,0,0,0,0,0,0,0,0, 원단위절감 , '24년 Reformer 사용비 50% 절감 ,"464,960,195","350,000,000",4,70,"1,400,000,000",3.01, 과제종결(완료평가) 
1044,20259330, 기술전략_장기 , 2025P154 , 전동TLC 공장내 정위치제어 기술개발 , 2025-03-31 , 2026-04-24 , 2026-04-27 ,"774,904,800","774,904,800","766,882,725",1,1, 공정DX연구소 로봇AI연구그룹 , 환경에너지기획실 기후에너지그룹 , 공정DX연구소 로봇AI연구그룹 , 공정DX연구소 로봇AI연구그룹 , 정원철 , 공정DX연구소 로봇AI연구그룹 , 김기원 , (엔지니어링)제어계측-Smart solution기술(AI/Big Data/IoT) , 2026-06-01 , 기술축적 , 철강분야 , 정성효과 ,0,0,0,0,0,0,0,0,0,0,0,0,0,0,  ,  ,"774,904,800",0,  ,  ,0,0, 과제종결(완료평가) 
1045,20259331, 기술전략_장기 , 2025P191 , 자율주행 운송수단 대상 용선 물류 배차 가이던스 기술 개발 , 2025-05-12 , 2026-06-12 , 2026-06-08 ,"660,716,000","660,716,000","641,359,978",1,1, 공정DX연구소 로봇AI연구그룹 ,  , 공정DX연구소 로봇AI연구그룹 , 공정DX연구소 로봇AI연구그룹 , 이진휘 , 공정DX연구소 로봇AI연구그룹 , 김기원 , (엔지니어링)제어계측-Smart solution기술(AI/Big Data/IoT) , 2026-10-30 , 기술축적 , 철강분야 , 정성효과 ,0,0,0,0,0,0,0,0,0,0,0,0,0,0,  ,  ,"660,716,000",0,  ,  ,0,0, 과제종결(완료평가) 
1046,20259333, 기술전략_전략 , 2025P043 , 탄종별 건류열량 및 Oven 연소효율 반영한 최적 건류열량 관리 기술 , 2025-01-13 , 2025-12-26 , 2025-12-26 ,"917,944,600","917,944,600","987,360,332",1,1, 포스코홀딩스 ,  , 공정DX연구소 제선연구그룹 , 공정DX연구소 제선연구그룹 , 서승국 , (광양)화성부 , 김현수 , (공정)제선공정-에너지기술 , 2026-02-02 , 조업/기술경영자료 , 철강분야 , 정량효과 ,0,0,0,0,0,0,0,0,0,"1,855,000,000",0,0,0,0, 에너지절감 ," ○ 탄종별 건류열량 및 Oven 연소효율을 반영한 적정 열량 공급으로 건류열량 10Mcal/t-C 저감 : 3,500,000 t-C/yr * 10Mcal/t-C * 53원/Mcal = 18.6억원/yr ","917,944,600","1,855,000,000",2,50,"3,710,000,000",4.04, 과제종결(완료평가) 
1047,20259344, 기술전략_전략 , 2025P199 , 스카퍼 자동화를 위한 슬라브 용융감지 및 Bending 형상 계측 기술 개발 , 2025-05-26 , 2026-07-03 , 2026-08-13 ,"486,809,900","486,809,900","538,552,499",1,1, 공정DX연구소 로봇AI연구그룹 ,  , 공정DX연구소 로봇AI연구그룹 , 공정DX연구소 로봇AI연구그룹 , 허형준 , (광양)제강부 , 문호정 , (엔지니어링)제어계측-Smart solution기술(AI/Big Data/IoT) , 2027-06-01 , 기술축적 , 철강분야 , 정성효과 ,0,0,0,0,0,0,0,0,0,0,0,0,0,0,  ,  ,"486,809,900",0,  ,  ,0,0, 과제종결(완료평가) 
1048,20259348, 기술전략_일반 , 2025P204 , TLC 단열커버 자동개폐기술 개발 , 2025-01-06 , 2026-05-29 , 2026-06-22 ,"1,092,384,000","1,092,384,000","888,935,252",1,1, 공정DX연구소 압연엔지니어링연구그룹 ,  , 공정DX연구소 엔지니어링연구그룹 , 공정DX연구소 엔지니어링연구그룹 , 이형정 , 공정DX연구소 엔지니어링연구그룹 , 김신일 , (엔지니어링)열유체-원가절감기술 , 2026-06-01 , 기술축적 , 철강분야 , 정량효과 ,0,0,0,0,0,0,0,0,0,"124,000,000",0,0,0,0, 에너지절감 ," ○ 승열재 절감 (or 대체 철원 증사용) 으로 대당 1.24억 효과 ○ 승열재 절감 (or 대체 철원 증사용) 으로 대당 1.24억 효과 승열재 절감 (or 대체철원 증사용)으로 대당 1.24억 효과 1. 300ton, 1℃ 상승에 승열재 14kg 소모 & 승열재 비용 1941원/kg → 1ton, 10℃ 상승에 906원 2. 포항소 생산량 1080만톤 (HMR 83%적용) & TLC 70대 사용 → 1대 당 15.4만톤/년 처리 3. [역효과] 장치 도입비 1억/감가상각 7년(보수적) & 커버 교체비 100만원/년 → 1대 당 -1530만원/년 → (승열재 절감) 906원 x (TLC 1대 용선 처리량) 15.4만톤 - (장치비용) 1530만원 = 1.24억/년 ","1,392,384,000","124,000,000",4,100,"496,000,000",0.36, 과제종결(완료평가) 
1049,20259370, 기술전략_전략 , 2025P150 , 저선량 예측 연계 적기 출선 폐쇄/개공 시점 제어 기술 개발 , 2025-04-07 , 2026-06-26 , 2026-06-23 ,"1,065,069,000","1,065,069,000","1,188,383,086",1,1, 공정DX연구소 제선연구그룹 ,  , 공정DX연구소 제선연구그룹 , 공정DX연구소 제선연구그룹 , 이승문 , (광양)제선부 , 손기완 , (공정)제선공정-원가절감기술 , 2026-07-01 , 기술축적 , 철강분야 , 정량효과 ,0,"10,200,948,912",0,0,0,0,0,0,0,0,0,0,0,0, 원단위절감 , = [용선온도 저감효과] x [1Charge당 용선온도 1℃ 향상을 위한 승열제 사용량] x [승열제 사용단가] x [용선 공급 활동기간 Charge수] ,"2,031,938,000","10,200,948,912",4,40,"40,803,795,648",20.08, 과제종결(완료평가) 
1050,20259372, 기술전략_전략 , 2025P151 , 고로 출선 후 용선온도 Digital Twin 모델 개발 , 2025-04-07 , 2026-06-26 , 2026-06-23 ,"829,512,400","829,512,400","946,451,024",1,1, 공정DX연구소 제선연구그룹 ,  , 공정DX연구소 제선연구그룹 , 공정DX연구소 제선연구그룹 , 김정인 , (광양)제선부 , 손기완 , (공정)제선공정-원가절감기술 , 2026-07-06 , 기술축적 , 철강분야 , 정량효과 ,0,"4,452,327,138",0,0,0,0,0,0,0,0,0,0,0,0, 원단위절감 ," 연간 기대 이익 = [제강도착 온도향상] x [1Ch'당 용선온도 1℃ 향상을 위한 승열제 사용량] x [승열제 사용단가] x [용선 공급 활동기간 Ch' 수] = [4.8℃] x [14kg/Ch'/℃] x [1,558.35 원/kg] x [42,516 Ch/년] = 4,452,327,138 원/년 * 승열제 사용 단가는 '26년 1월~5월 평균 * 용선 공급 활동기간 Ch'수는 '26년 1월~5월 평균 값 기준 연환산 Ch'수 ","829,512,400","4,452,327,138",4,40,"17,809,308,552",21.47, 과제종결(완료평가) 
1051,20259373, 기술전략_전략 , 2025P100 , 블룸 선재 고합금강 비금속개재물 및 편석 제어 기술 개발 , 2025-02-03 , 2026-01-30 , 2026-02-09 ,"806,027,900","806,027,900","739,776,186",1,1, 공정DX연구소 제강연구그룹 ,  , 공정DX연구소 제강연구그룹 , 공정DX연구소 제강연구그룹 , 현성희 , (포항)제강부 , 윤정균 , (공정)제강공정-생산성향상기술 , 2026-03-02 , 기업이미지제고 , 철강분야 , 정량효과 ,0,0,0,0,0,0,0,"4,046,867,935",0,0,0,0,0,0, 실수율/품질향상 ," ○ 년간기대이익 산출내역 (4,046,867,935원) - 엔진밸브스프링강 HV 고객사 합격률 62%→80% 향상에 따른 판매량 증대:29.72억원/년 (연간 판매량:'23.11~'24.10 총 65Ch., 합격률62%, 최근5년 판매량 219Ch., 합격률 80%) . (개선 후 – 개선 전 판매량) x 개선 후 톤당 영업이익= (11,960톤-9,269톤)x1,104,691원/톤=2,972,724,192원 - 엔진밸브스프링강 전로 1기 전환에 따른 제조원가 절감 및 생산성 향상:7.19억원/년 (연간Ch수: '24.1~10월 V 90Ch, HV 61Ch → 연간환산시 181.2Ch) . 공정생략 처리량 x 개선 후 해당 공정 변동가공비= 181.2Ch. X 3,967,199원/Ch.=718,856,413원 - 베어링강: '23.2~'24.2 고객사 편석 요인 Claim 보상에 따른 손실비용 저감:0.40억원/년 . (개선전-개선후 톤당 클레임 발생비용) x 개선 후 판매량= 330원/톤x판매량 121,751톤=40,177,830원 - 현가용스프링: '23년도 편석기인 RA미달 Claim 보상액 6.3억원 * 개선율 50% = 3.15억원/년 . (개선전-개선후 톤당 클레임 발생비용) x 개선 후 판매량= 4,980원/톤x판매량 63,275톤=315,109,500 ","806,027,900","4,046,867,935",3,60,"12,140,603,805",15.06, 과제종결(완료평가) 
1052,20259375, 기술전략_전략 , 2025P069 , RM Bar Camber 발생 저감을 위한 Side Guide 성능 개선 , 2025-01-06 , 2025-12-26 , 2026-01-02 ,"732,889,600","732,889,600","707,364,116",1,1, 공정DX연구소 압연엔지니어링연구그룹 ,  , 공정DX연구소 엔지니어링연구그룹 , 공정DX연구소 엔지니어링연구그룹 , 홍성철 , (포항)열연부 , 서민교 , (공정)열연공정-불량율저감기술 , 2026-04-06 , 기술축적 , 철강분야 , 정성효과 ,0,0,0,0,0,0,0,0,0,0,0,0,0,0,  ,  ,"732,889,600",0,  ,  ,0,0, 과제종결(완료평가) 
1053,20259377, 기술전략_전략 , 2025P187 , 열연 조압연 AI 기반 RM Camber 측정 및 제어 기술 개발 , 2025-04-14 , 2026-07-17 , 2026-07-31 ,"612,292,000","612,292,000","658,101,201",1,1, 공정DX연구소 로봇AI연구그룹 ,  , 공정DX연구소 로봇AI연구그룹 , 공정DX연구소 로봇AI연구그룹 , 반성준 , (포항)열연부 , 서민교 , (엔지니어링)제어계측-생산성향상기술 , 2026-08-03 , 기술축적 , 철강분야 , 정량효과 ,"527,481,741",0,0,0,0,0,0,0,0,0,0,0,0,0, 생산성향상 ," ○ 정량적 효과 : 5.2억원/년 - (포항) 판쏠림 및 Camber 요인 Miss Roll 개선 (4.1억원/년) 1. Miss Roll 요인 Line 정지 시간 저감 = ‘24.1~5월 Miss Roll 요인 Line 정지시간(Hr) * T/H * 압연실수율 * 작업률 * 고정가공비 * 개선율 / 5 * 12 (5개월 → 1년환산) = 9.38 * 659 * 0.98 * 0.87 * 26297*0.5*2.4 = 234,187,483 원 2. Miss Roll 및 Scrap 처리량 개선 = ‘24.1~5월 Miss Roll 및 Scrap 처리량 * (판매가-Scrap가) * 개선율 * /8 * 12 (5개월 → 1년 환산) = 404.78 * (876060 - 514157) * 0.5 *2.4 = 175,789,315 원 - (광양) 판쏠림 및 Camber 요인 Miss Roll 개선 ( 1.17억원/년) 1. Miss Roll 요인 Line 정지 시간 저감 (1~7월) = ‘24.1~7월 Miss Roll 요인 Line 정지시간(Hr) * T/H * 압연실수율 * 작업률 * 고정가공비 * 개선율 / 7 * 12 (7개월 → 1년환산) = 6.8 * 686.1 * 0.98 * 0.86 * 37517 * 0.5 * 1.7 = 63,467,731원 2. Miss Roll 및 Scrap 처리량 개선 (1월~7월) = ’24.1~7월 Miss Roll 및 Scrap 처리량 * (판매가-Scrap가) * 개선율 * /7 * 12 (7개월 → 1년 환산) = 200.62 * (861404-521085) * 0.5 *1.7 = 29,260,628 원 3. 캠버 부적합 (1~10월) = ’24.1~7월 Miss Roll 및 Scrap 처리량 * (판매가-Scrap가) * 개선율 * /10 * 12 (10개월 → 1년 환산) = 121.34 * (861404-521085) * 0.5 *1.7 = 24,776,584 원 ","612,292,000","527,481,741",4,100,"2,109,926,964",3.45, 과제종결(완료평가) 
1054,20259378, 기술전략_전략 , 2025P105 , 열연 바 상향계측기 기반 이주속 보상제어를 이용한 바 상하향 저감 자동화 기술 개발 , 2025-01-27 , 2026-02-27 , 2026-03-24 ,"697,120,000","697,120,000","675,097,307",1,1, 공정DX연구소 압연엔지니어링연구그룹 ,  , 공정DX연구소 엔지니어링연구그룹 , 공정DX연구소 엔지니어링연구그룹 , 권혁철 , (광양)열연부 , 기호중 , (공정)열연공정-생산성향상기술 , 2026-04-30 , 기술축적 , 철강분야 , 정량효과 ,"160,000,000","84,000,000",0,0,0,0,0,0,0,0,0,0,0,0," 생산성향상,원단위절감 ", 생산성 향상: 1.6억 (8시간 X 0.2억/시간) - 과도 상향 발생시 후속 압연기의 디스케일러 헤더 충돌에 따른 조업 장애 예방 효과 - 과도 상향시 E-HOLD 기능 적용으로 사고 예방 효과 발생한 것으로 추정함 - 이주속 보상제어 로직에 과도상향시 자동으로 하향 유도하는 기능 구현됨 원단위 절감: 0.84억 (3.5 X 0.24) - 테이블롤 커플링 교체 및 베이스프레임 수리를 위한 정비비 손실 저감 - 24년도 손실액 (3.5억/년) - 25년 개선안 적용시 하향발생율 24%저감 ,"697,120,000","244,000,000",4,50,"976,000,000",1.4, 과제종결(완료평가) 
1055,20259380, 기술전략_전략 , 2025P145 , 저가탄 사용 증대를 통한 Coke 제조원가 저감기술 , 2025-03-10 , 2026-02-13 , 2026-03-16 ,"1,365,394,000","1,365,394,000","1,496,328,705",1,1, 공정DX연구소 제선연구그룹 ,  , 공정DX연구소 제선연구그룹 , 공정DX연구소 제선연구그룹 , 이승재 , (포항)화성부 , 박진국 , (공정)제선공정-원가절감기술 , 2026-04-01 , 기술축적 , 철강분야 , 정량효과 ,0,"1,120,000,000",0,0,0,0,0,0,0,0,0,0,0,0, 원단위절감 ," 저가탄 SCC 사용 : 단가차 (MDM 293 천원/톤 - SCC 237 천원/톤) * 10,000 톤 * 2회/년 = 11.2 억원/년 ","1,365,394,000","1,120,000,000",4,50,"4,480,000,000",3.28, 과제종결(완료평가) 
1056,20259398, 기술전략_일반 , 2025P063 , 공정비용 절감을 위한 전도성 EG 내지문(후처리코드 AC) 용액의 저장 안정성 개선 , 2025-01-06 , 2026-06-26 , 2026-07-31 ,"175,131,800","175,131,800","195,426,421",1,1, (포항)신재생에너지용PosMAC프로젝트팀 ,  , (포항)신재생에너지용PosMAC프로젝트팀 , (포항)신재생에너지용PosMAC프로젝트팀 , 백제훈 , (포항)냉연부 , 오병석 , (공정)표면처리공정-원가절감기술 , 2028-01-01 , 기타 , 철강분야 , 정량효과 ,"150,000,000",0,0,0,0,0,0,0,0,"50,000,000",0,0,0,0," 생산성향상,에너지절감 "," ○ 생산성 향상 용액 사용기한 3일→15일로 증가, Lot 당 생산량 1000→1500톤으로 연속 생산성 향상 Mode Change 낭비 절감액: 79,000원/ton(고정가공비) * 47.4 ton/hr.(평균 ton/hr.) * 2hr./회 * 20회/년 = 1.5억원/년 ○ 에너지 절감 30,560KWh(경화온도 10℃하향 시 전력사용 저감량) * 1,634hr./년 (AC 순작업시간) = 0.5억원/년 ","675,131,800","200,000,000",4,80,"800,000,000",1.18, 과제종결(완료평가) 
1057,20259410, 현안과제 , 2025W003 , 광양 1CGL 도금량AI 자동제어 알고리즘 개선을 통한 아연원단위절감 , 2025-02-17 , 2025-07-04 , 2025-08-26 ,"53,364,000","53,364,000","79,600,703",1,1, 포스코홀딩스 ,  , 공정DX연구소 제어계측연구그룹 , 공정DX연구소 제어계측연구그룹 , 노일환 , (광양)도금부 , 민경오 , (공정)표면처리공정-원가절감기술 , 2025-08-31 , 기술축적 , 철강분야 , 정량효과 ,0,"228,000,000",0,0,0,0,0,0,0,0,0,0,0,0, 원단위절감 ," - 산출식 : (개선전 아연원단위－개선후 아연원단위) x 해당기간 생산량 x `24년 아연평균사용단가 - 내용 : 총 2.28 [억원/년] . ① GI 1CGL K100 목표 도금량 하향 및 편차 저감으로 원단위 개선 : (18.3-18.1) [㎏/톤] × 142,225 [톤/년] × 3,862 [원/kg] ＝ 1.10 [억원/년] . ② GI 1CGL K120 목표 도금량 하향 및 편차 저감으로 원단위 개선 : (21.9-21.7) [㎏/톤] × 152,263 [톤/년] × 3,862 [원/kg] ＝ 1.18 [억원/년] ","53,364,000","228,000,000",4,50,"912,000,000",17.09, 과제종결(완료평가) 
1058,20259414, 현안과제 , 2025W001 , 1.5G급 강재용 1EGL Side Trimmer 개발 , 2025-02-10 , 2025-10-24 , 2025-09-01 ,"47,076,800","47,076,800","52,154,090",1,1, 제품연구소 표면연구그룹 ,  , 자동차소재연구소 표면연구그룹 , 자동차소재연구소 표면연구그룹 , 홍석준 , (광양)도금부 , 민경오 , (공정)냉연공정-원가절감기술 , 2025-11-01 , 기술축적 , 철강분야 , 정량효과 ,0,"147,840,000",0,0,0,0,0,0,0,0,0,0,0,0, 원단위절감 ," 22Ton/본(모코일 평균중량) * 16본/월(월간 Final 생산 증량분) * 35,000원/Ton(RCL 공정비용) * 12월/년 = 148백만원/년 ","47,076,800","147,840,000",4,50,"591,360,000",12.56, 과제종결(완료평가) 
1059,20259416, 기술전략_장기 , 2025P176 , 재결정 구동력제어 기술 기반 저철손 고자속 PNX 제조 요소기술 개발 , 2025-04-14 , 2026-04-03 , 2026-04-17 ,"373,822,300","373,822,300","340,343,195",1,1, 기술연구원 제품연구소 ,  , 기술연구원 제품연구소 , 제품연구소 냉연도금연구그룹 , 김정우 , 제품연구소 냉연도금연구그룹 , 주형돈 , (제품)전기강판제품-선도제품개발기술 , 2027-04-05 , 철강신수요창출 , 철강분야 , 정성효과 ,0,0,0,0,0,0,0,0,0,0,0,0,0,0,  ,  ,"373,822,300",0,  ,  ,0,0, 과제종결(완료평가) 
1060,20259418, 현안과제 , 2025P139 , Intelligent Factory 구축을 위한 2-1 RH One-Touch 기술 개발 , 2025-02-24 , 2025-12-26 , 2025-12-31 ,"1,154,558,500","1,154,558,500","981,809,144",1,1, 임원 , 기술연구원 제품연구소 , 임원 , 공정DX연구소 제강연구그룹 , 강수창 , (광양)제강부 , 문호정 , (공정)제강공정-생산성향상기술 , 2026-07-01 , 기술축적 , 철강분야 , 정성효과 ,0,0,0,0,0,0,0,0,0,0,0,0,0,0,  ,  ,"1,154,558,500",0,  ,  ,0,0, 과제종결(완료평가) 
1061,20259420, 기술전략_전략 , 2025P182 , PCM 연속압연 35PN230 제조기술 개발 , 2025-04-14 , 2025-11-28 , 2025-12-05 ,"400,887,600","400,887,600","393,682,712",1,1, (포항)전력용전기강판프로젝트팀 ,  , 강재연구소 전기전자연구그룹 , 강재연구소 전기전자연구그룹 , 한규석 , (광양)품질기술부 , 장성호 , (공정)전기강판공정-생산성향상기술 , 2026-02-02 , 기술축적 , 철강분야 , 정량효과 ,"803,655,397",0,0,0,0,0,0,0,0,0,0,0,0,0, 생산성향상 ," 포항소 ‘24년 35PN230 생산량 x (포항 CRM+ZRM 가공비- PCM 가공비) 13,823 톤 x (148,610 – 90,471원/톤) = 803 백만원/yr 산정근거 : 포항소 ‘24.01.01~’24.13.31 CRM/ZRM 압연실적근거 가공비 산출 (포 전강부) 광양 3PCM 35PN230 생산성 104톤/hr시 가공비 : 90,471원/톤 ","450,887,600","803,655,397",4,50,"3,214,621,588",7.13, 과제종결(완료평가) 
1062,20259425, 현안과제 , 2025W002 , 포) 6기 습식코크스 수분함량 개선 , 2025-02-10 , 2025-04-25 , 2025-04-09 ,"31,202,200","31,202,200","36,246,708",1,1, 공정DX연구소 압연엔지니어링연구그룹 ,  , 공정연구소 철강엔지니어링연구그룹 , 공정연구소 철강엔지니어링연구그룹 , 이주동 , (포항)화성부 , 이상동 , (엔지니어링)기계설비-원가절감기술 , 2025-05-01 , 기술축적 , 철강분야 , 정량효과 ,"259,000,000","3,170,000,000",0,0,0,0,0,0,0,0,0,0,0,0," 생산성향상,원단위절감 "," ■ 총실현이익 환원제비 절감 31.7억원 + 고정비 절감(2.59억원) = 34.29억원 1. 환원제비 절감(31.7억원) 1.1 2고로 : 환원제비 톤당 493,412원 ① 2.1~2.16일 : △9.61kg/t-p, 출선량 평균 5,631톤/일 9.61kg/t-p * 493,412원/톤(톤당 환원제비) /1000 * 5,631톤/일(출선량) * 16일 = 4.27억원 ② 2.27~3.13일 : △0.4kg/t-p, 출선량 평균 5,548톤/일 0.4kg * 493,412원/톤 /1000(톤당 환원제비) * 5,548톤/일(출선량) * 15일 = 0.16억원 1.2 3고로 : 환원제비 톤당 489,280톤/일 ① 2.1~2.16일 : △17.84kg/t-p, 출선량 평균 12,439톤/일 17.84kg/t-p * 489,280원/톤 /1000 * 12,439톤/일 * 12일 = 13억원 ② 2.27~3.13일 : △17.84kg/t-p, 출선량 평균 12,574톤/일 17.84kg * 489,280원/톤 /1000 * 12,574톤/일 * 13일 = 14.3억원 2. 생산성 향상에 의한 고정비 절감(2.59억원) 2.1 2고로 ① 2.1~2.16일 : 출선량 +112톤, 2고로 고정비 33,092원/톤 112톤/일 * 33,092원/톤 * 16일 = 0.59억원 ② 2.27~3.13일 : 출선량 +28톤, 2고로 고정비 33,092원/톤 28톤/일 * 33,092원/톤 * 15일 = 0.14억원 2.2 3고로 ① 2.1~2.16일 : 출선량 +296톤, 3고로 고정비 20,312원/톤 296톤/일 * 20,312원/톤 * 12일 = 0.72억원 ② 2.27~3.13일 : 출선량 +430톤, 3고로 고정비 20,312원/톤 430톤/일 * 20,312원/톤 * 13일 = 1.14억원 ","31,202,200","3,429,000,000",4,100,"13,716,000,000",439.58, 과제종결(완료평가) 
1063,20259434, 기술전략_전략 , 2025P206 , 2연주 3호 연주기 품질제어 플랫폼 개발 , 2025-05-12 , 2026-06-05 , 2026-07-08 ,"1,399,195,998","1,399,195,998","1,208,600,856",1,1, 공정DX연구소 제강연구그룹 ,  , 공정DX연구소 제강연구그룹 , 공정DX연구소 제강연구그룹 , 박인범 , (광양)제강부 , 문호정 , (공정)제강공정-생산성향상기술 , 2026-07-01 , 기타 , 철강분야 , 정량효과 ,0,0,0,0,0,0,0,0,"1,540,000,000",0,0,0,0,0, 공정개선 ," 1. 품질 안정화에 따른 수익 개선 : 11.2억 원/년 개선항목: AI 비전 기반 6대 핵심 공정 자율 제어 및 유동/버블지수(FI/ABI) 적용으로 슬라브 표면/내부 결함 감소 및 정품률 향상 산출근거: 연간 결함 저감에 따른 정품 전환 물량(ton) × (정품 판매단가 - 격외품/스크랩 처리단가) 산출금액: 1,120,000,000원 2. 잔탕량 개선에 따른 실수율 향상 : 2.9억 원/년 개선항목: 영상 AI 기반 턴디시 정위치 및 노즐 체결, 용강 채움 정밀 제어를 통한 래들/턴디시 잔탕(Loss) 최소화 및 추가 생산 달성 산출근거: 연간 잔탕 절감 물량(ton/년) × 슬라브 톤당 한계이익(원/ton) 산출금액: 290,000,000원 3. 단락(Overflow 등) 저감에 따른 손실비용 방어 : 1.1억 원/년 개선항목: 고위험 구역 무인화 및 이상 징후(Overflow 등) 사전 감지/능동 제어를 통한 조업 장애(단락) 건수 제로화(0건) 달성 산출근거: 연간 조업 장애 저감 예상 건수(건) × 건당 기회손실 비용(설비 복구비 + 조업 지연에 따른 생산 차질 비용) 산출금액: 110,000,000원 ※ 종합 산출식: ∑ (품질 안정화 11.2억 + 잔탕량 개선 2.9억 + 단락 저감 1.1억) = 1,540,000,000원/년 ","1,399,195,998","1,540,000,000",4,80,"6,160,000,000",4.4, 과제종결(완료평가) 
1064,20259435, 현안과제 , 2025P177 , 방향성전기강판 23PH085/27PHD085/30PH100 적중률 개선을 통한 수익성 향상 기술개발 , 2025-04-14 , 2026-01-16 , 2026-01-16 ,"656,163,550","656,163,550","756,305,061",1,1, 제품연구소 냉연도금연구그룹 ,  , 제품연구소 냉연도금연구그룹 , 제품연구소 냉연도금연구그룹 , 박종호 , (포항)전기강판부 , 한동현 , (공정)전기강판공정-불량율저감기술 , 2026-03-16 , 기술축적 , 철강분야 , 정량효과 ,0,0,0,0,0,0,0,"1,698,877,320",0,0,0,0,0,0, 실수율/품질향상 ," 적중률개선 로직: 0.23t 일반재 생산량 35,528톤/년(‘25) x 11.6%(59.6%-48%(‘25)) 개선율) + (0.27t 자구재 생산량 19,264톤/년(‘25) x 17.3%(70.3%-53%(‘25) 개선율) + (0.30t 일반재 생산량 30,827톤/년(‘25) x 15.9(85.9%-70%(‘25) 개선율) ] x 170천원/톤(Grade상향시) ]} x 기여율 60% = 1,453백만원/년 부적합개선로직: [GO재 생산량 194,990톤/년(’25) x 부적합품 할인가격 (350,000원/톤) x 부적합 개선률 0.052%(0.052 – 0.046)] x 기여율 60% = 246백만원/년 ","706,163,550","1,698,877,320",3,60,"5,096,631,960",7.22, 과제종결(완료평가) 
1065,20259437, 현안과제 , 2025W004 , Tesla Cybercab 철강 Side Sill 공동 개발 , 2025-03-17 , 2025-06-13 , 2025-06-12 ,"213,196,400","213,196,400","154,427,936",1,1, 솔루션연구소 자동차소재솔루션연구그룹 ,  , 철강솔루션연구소 성형연구그룹 , 철강솔루션연구소 성형연구그룹 , 이규민 , 자동차소재마케팅실 자동차소재솔루션그룹 , 이윤한 , (이용)강재성능 , 2027-01-04 , 철강신수요창출 , 철강분야 , 정량효과 ,0,0,0,0,0,0,"450,000,000",0,0,0,0,0,0,0, 신수요창출 ," ○ 연간 기대이익 산출내역 ① 연간 신차(Cybercab) 예상 생산대수 : 글로벌 50만대/년 x 미국/중국 생산량 90%로 가정 = 45만대/년 ② 대당 부품 원단위 : 45kg/대 A : 연간 예상 판매량 : 20,250톤/년( = ①×②) x 당사 마켓쉐어 10% 로 가정 = 2,025톤/년 ≒ 2천톤/년 B : 연간 기대이익 : 2천톤/년*150만원*15%(영업익)= 4.5억원/년 ○ 기술지속년수: 4년 (최대 4년) ○ 총기대이익 : 4.5억원/년 x 4년 = 18억원 (연간기대이익x기술지속년수) ","213,196,400","450,000,000",4,50,"1,800,000,000",8.44, 과제종결(완료평가) 
1066,20259439, 현안과제 , 2025P181 , 소형모듈원자로(SMR) 압력용기用 STS 304/316 grade 및 Ni합금 특성연구 , 2025-05-05 , 2026-04-24 , 2026-04-22 ,"415,828,700","415,828,700","605,569,368",1,1, 제품연구소 STS연구그룹 ,  , 제품연구소 STS연구그룹 , 제품연구소 STS연구그룹 , 송석원 , 제품연구소 STS연구그룹 , 김진석 , (제품)STS제품-선도제품개발기술 , 2027-12-01 , 철강신수요창출 , 철강분야 , 정량효과 ,0,0,0,0,0,0,"355,000,000",0,0,0,0,0,0,0, 신수요창출 ," 당사 접근가능한 SMR 수요 35.5천톤/년 中 10% 점유 가정: 3,550톤/년 × 예상 영업이익 1,000천원 ","415,828,700","355,000,000",4,10,"1,420,000,000",3.41, 과제종결(완료평가) 
1067,20259441, 현안과제 , 2025P163 , 부생가스내 CO2 활용 중조 자체 생산 기술 개발 , 2025-04-07 , 2026-01-30 , 2026-02-03 ,"728,669,600","728,669,600","745,823,201",1,1, 미래철강연구소 차세대철강연구그룹 ,  , 미래철강연구소 차세대철강연구그룹 , 미래철강연구소 차세대철강연구그룹 , 박경태 , (포항)제선부 , 김성연 , (환경/에너지)환경-기타기술 , 2026-11-01 , 기술축적 , 철강분야 , 정성효과 ,0,0,0,0,0,0,0,0,0,0,0,0,0,0,  ,  ,"728,669,600",0,  ,  ,0,0, 과제종결(완료평가) 
1068,20259443, 현안과제 , 2025P170 , 절곡 및 롤포밍 기반 재활용성 향상 미래모빌리티 제작 , 2025-04-14 , 2026-03-27 , 2026-03-30 ,"840,694,900","840,694,900","854,422,210",1,1, 솔루션연구소 자동차소재솔루션연구그룹 ,  , 솔루션연구소 자동차소재솔루션연구그룹 , 솔루션연구소 자동차소재솔루션연구그룹 , 이홍우 , 솔루션연구소 자동차소재솔루션연구그룹 , 김홍기 , (이용)가공 , 2026-04-01 , 철강신수요창출 , 철강분야 , 정성효과 ,0,0,0,0,0,0,0,0,0,0,0,0,0,0,  ,  ,"840,694,900",0,  ,  ,0,0, 과제종결(완료평가) 
1069,20259444, 현안과제 , 2025N001 , 외판용 BH강 열연재 탄소 함량 온라인 정밀 측정 방안 연구 , 2025-03-17 , 2025-08-01 , 2025-12-10 ,"30,000,000","30,000,000","57,157,179",1,1, 고문 ,  , 기술연구원 공정DX연구소 , 공정DX연구소 제어계측연구그룹 , 임충수 , 제품연구소 자동차소재연구그룹 , 김성일 , (공정)열연공정-불량율저감기술 , 2026-01-01 , 기타 , 철강분야 , 정성효과 ,0,0,0,0,0,0,0,0,0,0,0,0,0,0,  ,  ,"30,000,000",0,  ,  ,0,0, 과제종결(완료평가) 
1070,20259446, 기술전략_장기 , 2025P167 , 원가절감 및 친환경성 향상을 위한 냉연방청유의 품질 및 조업 영향인자 도출 , 2025-04-14 , 2026-03-27 , 2026-03-23 ,"291,772,400","291,772,400","302,553,212",1,1, 솔루션연구소 강재솔루션연구그룹 ,  , 솔루션연구소 강재솔루션연구그룹 , 솔루션연구소 강재솔루션연구그룹 , 박교선 , 솔루션연구소 강재솔루션연구그룹 , 홍승갑 , (이용)강재성능 , 2026-04-01 , 기타 , 철강분야 , 정량효과 ,0,"750,000,000",0,0,0,0,0,0,0,0,0,0,0,0, 원단위절감 ," BW-70PS의 사용량은 100만리터/년, 30억/년 (24년 불출실적) 대체품 확보로 인한 경쟁체제로 약20% 원가절감이 된다면 6억원 절감 N/R-550HN(744,930원)은 사용량이 가장 많은 BW-70PS(2,930)보다 27.13% 단가 높기에 대체품 개발로 인하여 경쟁체제로 27%정도 원가절감이 된다면 1.5억원 절감 ","291,772,400","750,000,000",4,50,"3,000,000,000",10.28, 과제종결(완료평가) 
1071,20259452, 기술전략_전략 , 2025P198 , 광)전로 조업 고도화를 위한 통합제어모델 개발 , 2025-05-26 , 2026-05-22 , 2026-05-29 ,"582,560,290","582,560,290","573,058,686",1,1, 공정DX연구소 제강연구그룹 , (광양)제강부 2제강공장 , 공정DX연구소 제강연구그룹 , 공정DX연구소 제강연구그룹 , 한웅희 , (광양)제강부 , 문호정 , (공정)제강공정-원가절감기술 , 2026-07-06 , 기술축적 , 철강분야 , 정량효과 ,0,"263,000,000",0,0,0,0,0,"567,000,000",0,0,0,0,0,0," 실수율/품질향상,원단위절감 "," ○ 전로 모델 기술개발을 통해 조업에서 발생하는 성분 격외 Ch Zero화(격외 성분 [P],[N]) ※ 성분격외 발생 빈도 : ’24년 2.2Ch/월 → 연구과제 목표 0Ch/월 ☞ [‘24년 격외 총 27Ch 저감시 기대효과] 27Ch/년 x 21,001,417원/Ch(COPQ) = 5.67억원/년 ○ 전로 조업 고도화를 통한 종점목표온도 적중률 향상 ※ 종점목표온도 적중률(%) : ’24년 85.59% → 연구과제 목표 87.15% ☞ [2제강 종점목표온도比 상한 초과한 Ch에서 과잉으로 투입된 승열제 155.4톤/년 저감시 기대효과] ® 155.4톤/년 x 1,694,472원/톤 = 2.63억원/년 ","582,560,290","830,000,000",4,50,"3,320,000,000",5.7, 과제종결(완료평가) 
1072,20259453, 현안과제 , 2025P220 , ZnMgAl 고내식 강판 도금층內 미량첨가 원소의 역할 규명 , 2025-08-18 , 2026-08-14 , 2026-08-27 ,"379,382,000","379,382,000","607,378,143",1,1, 제품연구소 표면연구그룹 ,  , 제품연구소 표면연구그룹 , 제품연구소 표면연구그룹 , 김태철 , 제품연구소 표면연구그룹 , 남경훈 , (제품)표면처리제품-선도제품개발기술 , 2027-01-04 , 기술축적 , 철강분야 , 정성효과 ,0,0,0,0,0,0,0,0,0,0,0,0,0,0,  ,  ,"379,382,000",0,  ,  ,0,0, 과제종결(완료평가) 
1073,20259455, 현안과제 , 2025P193 , 유럽 VW향 연신율이 우수한 SIBORA HPF강 도금재 미래선도제품 개발 , 2025-05-19 , 2025-12-26 , 2025-12-30 ,"5,191,100","5,191,100","28,430,026",1,1, 제품연구소 자동차소재연구그룹 ,  , 제품연구소 자동차소재연구그룹 , 제품연구소 자동차소재연구그룹 , 김성우 , 제품연구소 자동차소재연구그룹 , 김성일 , (제품)냉연제품-선도제품개발기술 , 2026-03-02 , 철강신수요창출 , 철강분야 , 정량효과 ,0,0,"915,200,000",0,0,0,0,0,0,0,0,0,0,0, 제품개발/수입대체 ," 판매예상량 : 5200톤/년 예상영업이익 : 176,000원/톤 기대이익 = 5200톤/년 x 176,000원/톤 = 915,200,000원/년 ","5,191,100","915,200,000",4,70,"3,660,800,000",705.21, 과제종결(완료평가) 
1074,20259459, 기술전략_전략 , 2025P162 , GI 980XF 1회소둔재 후물 size 확대 및 양산 안정화 기술개발 , 2025-04-07 , 2025-12-26 , 2026-06-24 ,"202,325,200","202,325,200","378,242,439",1,1, 제품연구소 자동차소재연구그룹 , 기술연구원 연구기획그룹 , 제품연구소 자동차소재연구그룹 , 제품연구소 자동차소재연구그룹 , 조원태 , (광양)품질기술부 , 장성호 , (공정)냉연공정-원가절감기술 , 2027-01-01 , 기술축적 , 철강분야 , 정성효과 ,0,0,0,0,0,0,0,0,0,0,0,0,0,0,  ,  ,"202,325,200",0,  ,  ,0,0, 과제종결(완료평가) 
1075,20259462, 기술전략_장기 , 2025P174 , 배터리셀용 소재의 강도 및 성형성 향상 위한 요소기술 개발 , 2025-04-14 , 2025-11-28 , 2025-12-05 ,"577,260,400","577,260,400","621,699,530",1,1, 제품연구소 냉연도금연구그룹 ,  , 강재연구소 전기전자연구그룹 , 강재연구소 전기전자연구그룹 , 이병호 , 제품연구소 냉연도금연구그룹 , 주형돈 , (제품)냉연제품-선도제품개발기술 , 2026-10-30 , 고객기술지원 , 철강분야 , 정성효과 ,0,0,0,0,0,0,0,0,0,0,0,0,0,0,  ,  ,"577,260,400",0,  ,  ,0,0, 과제종결(완료평가) 
1076,20259463, 현안과제 , 2025P175 , 건축용 비정형 외장구조 및 인테리어 모듈용 스틸-종이 복합패널 성능 확보 , 2025-04-14 , 2026-05-08 , 2026-05-13 ,"558,473,000","558,473,000","564,824,439",1,1, 솔루션연구소 강건재솔루션연구그룹 , 미래수요개발실 , 솔루션연구소 강건재솔루션연구그룹 , 솔루션연구소 강건재솔루션연구그룹 , 김우석 , 후판마케팅실 건설소재판매그룹 , 이선후 , (이용)강구조 , 2026-07-01 , 철강신수요창출 , 철강분야 , 정성효과 ,0,0,0,0,0,0,0,0,0,0,0,0,0,0,  ,  ,"558,473,000",0,  ,  ,0,0, 과제종결(완료평가) 
1077,20259465, 현안과제 , 2025W010 , CR 980XF 1회소둔재 형상개선 및 재질균질화를 통한 양산안정화 , 2025-04-07 , 2025-06-27 , 2025-07-02 ,"62,941,500","62,941,500","65,457,000",1,1, 제품연구소 자동차소재연구그룹 , 기술연구원 연구기획그룹 , 자동차소재연구소 자동차소재연구그룹 , 자동차소재연구소 자동차소재연구그룹 , 조원태 , (광양)품질기술부 , 장성호 , (공정)냉연공정-원가절감기술 , 2025-10-01 , 기술축적 , 철강분야 , 정량효과 ,0,"389,620,000",0,0,0,0,0,0,0,0,0,0,0,0, 원단위절감 ," -CR 980XF 5566톤(23년 판매량) x 4-2CAL 가공비 (7만원/톤, 공정생략) = 38,962‬만원 ","62,941,500","389,620,000",4,80,"1,558,480,000",24.76, 과제종결(완료평가) 
1078,20259467, 현안과제 , 2025P165 ," 티타늄(Ti-6Al-4V) 합금 열연, 냉연 제조기술 개발 ", 2025-04-14 , 2025-10-31 , 2025-11-06 ,"306,269,000","306,269,000","376,492,814",1,1, 제품연구소 STS연구그룹 ,  , 강재연구소 STS연구그룹 , 강재연구소 STS연구그룹 , 장제욱 , 제품연구소 STS연구그룹 , 김진석 , (제품)STS제품-선도제품개발기술 , 2026-01-01 , 기술축적 , 철강분야 , 정량효과 ,0,0,0,0,0,0,"6,000,000,000",0,0,0,0,0,0,0, 신수요창출 ," 국내수요(KAI) 100톤/년 x 평균영업이익 60,000천원/톤 = 60억원/년 (판매가 2억원/톤, 영업이익율 30%) ","306,269,000","6,000,000,000",1.5,30,"9,000,000,000",29.39, 과제종결(완료평가) 
1079,20259472, 기술전략_일반 , 2025P183 , STS4제강 구속성 주조속도 변동 저감기술개발 , 2025-04-07 , 2026-05-29 , 2026-05-29 ,"807,139,000","807,139,000","875,133,656",1,1, 공정DX연구소 제강연구그룹 , (포항)STS제강부 기술개발섹션 , 공정DX연구소 제강연구그룹 , 공정DX연구소 제강연구그룹 , 김종철 , (포항)STS제강부 , 송원용 , (공정)STS공정-불량율저감기술 , 2026-07-01 , 기술축적 , 철강분야 , 정량효과 ,0,0,0,0,0,0,0,"670,000,000",0,0,0,0,0,0, 실수율/품질향상 ," 주속변동요인 HAP보류량*(21.1천톤/년) x 개선율(10%) x 400계 판매단가(2,109천원/톤) x 결함재 판매감가율(15%) = 6.7억/년 ","807,139,000","670,000,000",4,80,"2,680,000,000",3.32, 과제종결(완료평가) 
1080,20259475, 현안과제 , 2025P166 , 전기차 차체용 고강도 STS 시장선도 제품 개발 , 2025-04-07 , 2026-06-26 , 2026-07-07 ,"668,680,000","668,680,000","886,238,786",1,1, 제품연구소 STS연구그룹 ,  , 제품연구소 STS연구그룹 , 제품연구소 STS연구그룹 , 노한섭 , 글로벌제품기술실 냉연제품기술그룹 , 손희만 , (제품)STS제품-선도제품개발기술 , 2026-12-31 , 철강신수요창출 , 철강분야 , 정량효과 ,0,0,"5,000,000,000",0,0,0,0,0,0,0,0,0,0,0, 제품개발/수입대체 ," 기대이익 50억/년 (5천톤/년 (‘25년 소요 10%) x 1,000천원/톤) ","668,680,000","5,000,000,000",1,50,"5,000,000,000",7.48, 과제종결(완료평가) 
1081,20259484, 기술전략_장기 , 2025P173 , W Inoculant 활용 STS 품질 영향도 평가 , 2025-04-21 , 2026-03-27 , 2026-03-23 ,"442,606,000","442,606,000","612,543,866",1,1, 제품연구소 InoCast특화제품개발TF팀 ,  , 제품연구소 STS연구그룹 , 제품연구소 STS연구그룹 , 최가영 , 제품연구소 STS연구그룹 , 김진석 , (제품)STS제품-품질개선기술 , 2027-01-01 , 기술축적 , 철강분야 , 정성효과 ,0,0,0,0,0,0,0,0,0,0,0,0,0,0,  ,  ,"442,606,000",0,  ,  ,0,0, 과제종결(완료평가) 
1082,20259495, 기술전략_장기 , 2025P161 , 침탄봉 및 침탄블록활용 무탄소용융철 침탄기술 기초연구 , 2025-04-07 , 2026-06-26 , 2026-07-13 ,"1,421,787,000","1,421,787,000","1,480,840,086",1,1, 미래철강연구소 수소환원제철연구그룹 ,  , 미래철강연구소 수소환원제철연구그룹 , 미래철강연구소 수소환원제철연구그룹 , 강동수 , 미래철강연구소 수소환원제철연구그룹 , 박재훈 , (철강기타)철강기타 , 2027-12-31 , 기술축적 , 철강분야 , 정성효과 ,0,0,0,0,0,0,0,0,0,0,0,0,0,0,  ,  ,"1,421,787,000",0,  ,  ,0,0, 과제종결(완료평가) 
1083,20259497, 기술전략_장기 , 2025P224 , 수전해 분리판용 소재의 고온 산화거동 및 Cr 휘발특성 연구 , 2025-08-04 , 2026-07-31 , 2026-07-30 ,"100,000,000","100,000,000","121,906,243",1,1, 제품연구소 STS연구그룹 ,  , 제품연구소 STS연구그룹 , 제품연구소 STS연구그룹 , 공정현 , 제품연구소 STS연구그룹 , 김진석 , (제품)STS제품-선도제품개발기술 , 2027-01-01 , 기술축적 , 철강분야 , 정성효과 ,0,0,0,0,0,0,0,0,0,0,0,0,0,0,  ,  ,"100,000,000",0,  ,  ,0,0, 과제종결(완료평가) 
1084,20259522, 현안과제 , 2025W006 , GO재 2차 재결정 Grain Size 신속 분석장치 정상화 , 2025-04-14 , 2025-07-11 , 2025-10-22 ,"49,800,000","49,800,000","84,581,344",1,1, 고문 ,  , 기술연구원 공정DX연구소 , 임원 , 임충수 , (포항)전기강판부 , 한동현 , (공정)전기강판공정-제품양산기술 , 2025-11-01 , 기타 , 철강분야 , 정성효과 ,0,0,0,0,0,0,0,0,0,0,0,0,0,0,  ,  ,"49,800,000",0,  ,  ,0,0, 과제종결(완료평가) 
1085,20259524, 현안과제 , 2025W011 , STS 강재 [P]상한 상향을 통한 저가원료 사용 증대 기술개발 , 2025-06-30 , 2026-07-03 , 2026-07-16 ,"136,044,000","136,044,000","126,287,306",1,1, 솔루션연구소 강재솔루션연구그룹 ,  , 솔루션연구소 강재솔루션연구그룹 , 솔루션연구소 강재솔루션연구그룹 , 정성훈 , 글로벌제품기술실 냉연제품기술그룹 , 손희만 , (이용)접합 , 2026-07-06 , 기술축적 , 철강분야 , 정성효과 ,0,0,0,0,0,0,0,0,0,0,0,0,0,0,  ,  ,"136,044,000",0,  ,  ,0,0, 과제종결(완료평가) 
1086,20259525, 현안과제 , 2025W005 , HGI 780CP L-BH2 극초기 파단현상의 원인 규명 및 개선방안 개발 , 2025-04-07 , 2025-08-22 , 2025-08-26 ,"109,457,000","109,457,000","92,861,480",1,1, 솔루션연구소 자동차소재솔루션연구그룹 ,  , 철강솔루션연구소 성형연구그룹 , 철강솔루션연구소 성형연구그룹 , 임지호 , 글로벌제품기술실 자동차소재기술그룹 , 정진희 , (이용)가공 , 2025-09-01 , 기술축적 , 철강분야 , 정성효과 ,0,0,0,0,0,0,0,0,0,0,0,0,0,0,  ,  ,"109,457,000",0,  ,  ,0,0, 과제종결(완료평가) 
1087,20259527, 현안과제 , 2025W007 , EH40BCA 100t 강재 용접부 물성 향상 연구 , 2025-03-31 , 2025-08-22 , 2025-10-02 ,"131,950,900","131,950,900","123,795,750",1,1, RIST ,  , 철강솔루션연구소 접합연구그룹 , 철강솔루션연구소 접합연구그룹 , 박영환 , 글로벌제품기술실 열연제품기술그룹 , 이정희 , (이용)접합 , 2025-10-31 ,  , 철강분야 , 정성효과 ,0,0,0,0,0,0,0,0,0,0,0,0,0,0,  ,  ,"131,950,900",0,  ,  ,0,0, 과제종결(완료평가) 
1088,20259532, 현안과제 , 2025W008 , 도금부착량 정밀제어를 위한 저단가 고강도 신형 에어나이프 노즐 립 개발 , 2025-04-21 , 2025-11-07 , 2025-11-05 ,"60,313,200","60,313,200","64,763,708",1,1, 공정DX연구소 압연엔지니어링연구그룹 ,  , 공정DX연구소 압연공정연구그룹 , 공정DX연구소 압연공정연구그룹 , 권용훈 , (광양)압연설비2부 , 김현성 , (공정)표면처리공정-원가절감기술 , 2026-02-02 , 기술축적 , 철강분야 , 정량효과 ,0,"320,000,000",0,0,0,0,0,0,0,0,0,0,0,0, 원단위절감 , O. CGL 1기당 에어나이프 립 교체 비용 (2Set 기준) : 0.8억원 * 분리형 에어나이프 립 교체시 비용 : 0.4억원 --> 50% 절감 O. (광) 8개 CGL 대상 원가 절감액 : 0.4(억원/년)*8개 CGL = 3.2억원 ,"60,313,200","320,000,000",4,50,"1,280,000,000",21.22, 과제종결(완료평가) 
1089,20259534, 현안과제 , 2025N002 , 이종산업 기술협력을 통한 저탄소분야 핵심기술 아이디어 도출 , 2025-04-28 , 2025-09-19 , 2025-10-31 ,"30,000,000","30,000,000","26,398,898",1,1, 미래철강연구소 차세대철강연구그룹 ,  , 공정DX연구소 철강엔지니어링연구그룹 , 공정DX연구소 철강엔지니어링연구그룹 , 정은호 , 공정DX연구소 엔지니어링연구그룹 , 김신일 , (엔지니어링)열유체-대기기술 , 2027-01-01 , 법/제도규제대응 , 철강분야 , 정성효과 ,0,0,0,0,0,0,0,0,0,0,0,0,0,0,  ,  ,"30,000,000",0,  ,  ,0,0, 과제종결(완료평가) 
1090,20259536, 현안과제 , 2025W018 , 후열처리강 ERW PIPE적용 및 단조공정 기반 Drive-Shaft 설계 , 2025-05-26 , 2025-09-26 , 2025-09-30 ,"105,684,000","105,684,000","92,235,563",1,1, 솔루션연구소 자동차소재솔루션연구그룹 ,  , 철강솔루션연구소 성형연구그룹 , 철강솔루션연구소 성형연구그룹 , 이민성 , 자동차소재마케팅실 자동차소재솔루션그룹 , 이윤한 , (이용)가공 , 2026-12-01 , 고객기술지원 , 철강분야 , 정성효과 ,0,0,0,0,0,0,0,0,0,0,0,0,0,0,  ,  ,"105,684,000",0,  ,  ,0,0, 과제종결(완료평가) 
1091,20259545, 현안과제 , 2025N003 , Fe 비정질계 합금을 활용한 철강부품 내구성 향상 기술개발 , 2025-05-19 , 2025-10-17 , 2025-09-16 ,"29,660,000","29,660,000","28,776,049",1,1, 제품연구소 표면연구그룹 ,  , 자동차소재연구소 표면연구그룹 , 자동차소재연구소 표면연구그룹 , 고경필 , 제품연구소 표면연구그룹 , 남경훈 , (공정)표면처리공정-생산성향상기술 , 2026-03-02 , 기술축적 , 철강분야 , 정성효과 ,0,0,0,0,0,0,0,0,0,0,0,0,0,0,  ,  ,"29,660,000",0,  ,  ,0,0, 과제종결(완료평가) 
1092,20259547, 현안과제 , 2025N006 , 광)7CGL 도금 Pot 축수부 Sleeve 수명향상 기술개발 , 2025-06-02 , 2025-10-24 , 2026-01-20 ,"24,200,000","24,200,000","99,609,862",1,1, 제품연구소 표면연구그룹 ,  , 제품연구소 표면연구그룹 , 제품연구소 표면연구그룹 , 이현범 , 제품연구소 표면연구그룹 , 남경훈 , (공정)표면처리공정-생산성향상기술 , 2026-12-01 , 기술축적 , 철강분야 , 정성효과 ,0,0,0,0,0,0,0,0,0,0,0,0,0,0,  ,  ,"24,200,000",0,  ,  ,0,0, 과제종결(완료평가) 
1093,20259549, 현안과제 , 2025W016 , STS ZRM 형상제어 자동화를 위한 PLC 개조 가능성 검토 , 2025-05-05 , 2025-08-01 , 2025-10-31 ,"94,966,000","94,966,000","97,951,742",1,1, 공정DX연구소 로봇AI연구그룹 , (광양)냉연부 기술개발섹션 , 공정DX연구소 제어계측연구그룹 , 공정DX연구소 제어계측연구그룹 , 박정훈 , (포항)STS압연부 , 유병철 , (공정)STS공정-제품양산기술 , 2026-04-01 , 기술축적 , 철강분야 , 정성효과 ,0,0,0,0,0,0,0,0,0,0,0,0,0,0,  ,  ,"94,966,000",0,  ,  ,0,0, 과제종결(완료평가) 
1094,20259551, 현안과제 , 2025N007 , 기존강종 활용 고객요구규격 충족가능한 통합 성분계 도출 연구 , 2025-07-07 , 2025-09-26 , 2025-10-29 ,"200,000","200,000","30,207,598",1,1, 미래철강연구소 차세대철강연구그룹 ,  , 자동차소재연구소 자동차소재연구그룹 , 자동차소재연구소 자동차소재연구그룹 , 최용훈 , 제품연구소 자동차소재연구그룹 , 김성일 , (제품)냉연제품-선도제품개발기술 , 2026-12-31 , 철강신수요창출 , 철강분야 , 정성효과 ,0,0,0,0,0,0,0,0,0,0,0,0,0,0,  ,  ,"200,000",0,  ,  ,0,0, 과제종결(완료평가) 
1095,20259557, 현안과제 , 2025W013 , 플랜트용 Seamless 강관 대체를 위한 ERW 강관 용접부 물성 확보 , 2025-04-28 , 2025-09-19 , 2025-10-13 ,"164,186,100","164,186,100","144,796,696",1,1, 솔루션연구소 강재솔루션연구그룹 , 기술연구원 연구기획그룹 , 철강솔루션연구소 접합연구그룹 , 철강솔루션연구소 접합연구그룹 , 류강묵 , 열연선재마케팅실 API강판판매그룹 , 김장철 , (이용)접합 , 2025-09-22 , 철강신수요창출 , 철강분야 , 정성효과 ,0,0,0,0,0,0,0,0,0,0,0,0,0,0,  ,  ,"164,186,100",0,  ,  ,0,0, 과제종결(완료평가) 
1096,20259561, 현안과제 , 2025W014 , 4CGL SPM 후단 표면품질 확보를 위한 Roll 표면 이물 제거장치 개선 , 2025-05-12 , 2025-07-11 , 2025-11-15 ,"50,000,000","50,000,000","90,530,220",1,1, 고문 ,  , 기술연구원 공정DX연구소 , 임원 , 임충수 , (광양)도금부 , 민경오 , (공정)표면처리공정-대기기술 , 2026-01-01 , 기타 , 철강분야 , 정성효과 ,0,0,0,0,0,0,0,0,0,0,0,0,0,0,  ,  ,"50,000,000",0,  ,  ,0,0, 과제종결(완료평가) 
1097,20259567, 현안과제 , 2025N004 , 열연 권취기 핀치롤 이상예지 기반기술 개발 , 2025-05-12 , 2025-08-08 , 2025-09-10 ,"30,000,000","30,000,000","44,693,693",1,1, 공정DX연구소 로봇AI연구그룹 , 환경에너지기획실 기후에너지그룹 , 공정DX연구소 제어계측연구그룹 , 공정DX연구소 제어계측연구그룹 , 정원철 , 공정연구소 제어계측연구그룹 , 김기원 , (엔지니어링)제어계측-Smart solution기술(AI/Big Data/IoT) , 2025-10-31 , 기술축적 , 철강분야 , 정성효과 ,0,0,0,0,0,0,0,0,0,0,0,0,0,0,  ,  ,"30,000,000",0,  ,  ,0,0, 과제종결(완료평가) 
1098,20259569, 현안과제 , 2025W015 , 전강 APL용 Side Trimmer Knife 수명 향상 기술개발 , 2025-05-19 , 2026-05-08 , 2026-04-27 ,"39,164,000","39,164,000","41,218,797",1,1, 제품연구소 표면연구그룹 ,  , 제품연구소 표면연구그룹 , 제품연구소 표면연구그룹 , 홍석준 , (광양)전기강판부 , 이정문 , (공정)전기강판공정-원가절감기술 , 2026-06-01 , 기타 , 철강분야 , 정량효과 ,0,"84,000,000",0,0,0,0,0,0,0,0,0,0,0,0, 원단위절감 ," Side Trimmer Knife 연마비 절감 : 8,400만원/년 *105,000원/매(1매당 연마비) X 800매/년(Side Trimmer 감소매수) = 84,000,000원/년 ","39,164,000","84,000,000",4,50,"336,000,000",8.58, 과제종결(완료평가) 
1099,20259571, 현안과제 , 2025N008 , 원료 컨베이어벨트 Chute 내구성 향상을 위한 탐색연구 , 2025-08-11 , 2026-01-09 , 2026-01-19 ,"29,800,000","29,800,000","47,891,516",1,1, 제품연구소 표면연구그룹 ,  , 제품연구소 표면연구그룹 , 제품연구소 표면연구그룹 , 고경필 , 제품연구소 표면연구그룹 , 남경훈 , (공정)제선공정-원가절감기술 , 2027-02-26 , 기술축적 , 철강분야 , 정량효과 ,0,0,0,0,0,0,0,0,"135,000,000",0,0,0,0,0, 공정개선 , → 라이너 수명 2배 향상시 1.35억/년 저감 가능 (정비비 제외) *라이너 교체비용 ('24년 기준) = 2.7억/년 (①Hi-Cr강: 0.86억/년 + ②Hi-Cr 하드페이싱: 1.84억/년) ,"29,800,000","135,000,000",4,50,"540,000,000",18.12, 과제종결(완료평가) 
1100,20259580, 현안과제 , 2025W020 , HGI 흐름무늬 개선 위한 도금 직후 급냉 기술 개발 , 2025-06-02 , 2025-10-24 , 2026-03-26 ,"164,924,300","164,924,300","228,745,163",1,1, 공정DX연구소 압연엔지니어링연구그룹 ,  , 공정DX연구소 엔지니어링연구그룹 , 공정DX연구소 엔지니어링연구그룹 , 정해권 , (포항)냉연부 , 오병석 , (엔지니어링)열유체-제품양산기술 , 2026-05-01 , 기술축적 , 철강분야 , 정성효과 ,0,0,0,0,0,0,0,0,0,0,0,0,0,0,  ,  ,"164,924,300",0,  ,  ,0,0, 과제종결(완료평가) 
1101,20259591, 기술전략_일반 , 2025P213 , 고알루미나 분광 소결 사용비 증대기술 개발 , 2025-07-07 , 2026-09-04 , 2026-08-13 ,"712,842,900","712,842,900","926,013,421",1,1, 공정DX연구소 제선연구그룹 ,  , 공정DX연구소 제선연구그룹 , 공정DX연구소 제선연구그룹 , 박준우 , (광양)제선부 , 손기완 , (공정)제선공정-생산성향상기술 , 2026-09-30 , 기술축적 , 철강분야 , 정량효과 ,"858,008,478",0,0,0,0,0,0,0,0,0,0,0,0,0, 생산성향상 ," 경제적 효과 (광 1소결, 화상면적 470.25m2 기준) 1) 전제조건 - 광 1소결 가동율 : 94.7% (‘25년 실적) - 소결광 고정비 ; 13,713 원/톤 (‘25년 평균) - 석회석 구매 단가: 20,571(’26년 구매기준) 2) 소결 생산성 +0.9t/m2.d 증가에 따른 소결광 고정비 저감 효과 - 생산성 +0.9t/m2/d 향상에 따른 소결광 고정비 저감 효과(광 1소결, ’25년 기준) - 기대이익 = 생산성 증가(t/d/㎡) x 화상면적(㎡) x 역일수(d) x 가동율(%) x 고정비(원/t-s) = 0.9 t/d.㎡ X 470.25m2 X 365일 X 94.7% X 13,713원/t-s = 2,006 백만원/년 3) 석회석 구매 단가 상승 - (10% 상승 시) △11.5, (15% 상승 시) △17.2 4) 총 기대이익 = 284 ~ 858 백만원/년 ","712,842,900","858,008,478",3,50,"2,574,025,434",3.61, 과제종결(완료평가) 
1102,20259597, 기술전략_장기 , 2025P225 , 1.5GPa급 냉간 소재를 활용한 차체 일체화 Ring Structure Module 개발 , 2025-09-01 , 2026-08-28 , 2026-08-26 ,"1,350,252,600","1,350,252,600","1,288,734,178",1,1, 솔루션연구소 자동차소재솔루션연구그룹 ,  , 솔루션연구소 자동차소재솔루션연구그룹 , 솔루션연구소 자동차소재솔루션연구그룹 , 박종연 , 솔루션연구소 자동차소재솔루션연구그룹 , 김홍기 , (이용)가공 , 2026-09-07 , 고객기술지원 , 철강분야 , 정성효과 ,0,0,0,0,0,0,0,0,0,0,0,0,0,0,  ,  ,"1,350,252,600",0,  ,  ,0,0, 과제종결(완료평가) 
1103,20259600, 현안과제 , 2025N005 , 300계 스테인리스 선상흠 저감을 위한 웹기반 슬라브 페라이트 맵핑 DB 시스템 구축 , 2025-06-02 , 2025-10-31 , 2025-11-01 ,"10,700,000","10,700,000","12,110,714",1,1, 연구개발AX가속화TF팀 ,  , 강재연구소 STS연구그룹 , 강재연구소 STS연구그룹 , 김경훈 , 제품연구소 STS연구그룹 , 김진석 , (제품)STS제품-품질개선기술 , 2025-11-03 , 기술축적 , 철강분야 , 정성효과 ,0,0,0,0,0,0,0,0,0,0,0,0,0,0,  ,  ,"10,700,000",0,  ,  ,0,0, 과제종결(완료평가) 
1104,20259603, 현안과제 , 2025W024 , 4고로 풍구 연소상태 AI Digitization 기술 활용성 안정 고도화 및 미분탄 Auto Purge 연계 확인 , 2025-08-04 , 2025-12-26 , 2025-12-18 ,"146,754,300","146,754,300","155,013,547",1,1, 공정DX연구소 로봇AI연구그룹 ,  , 공정DX연구소 로봇AI연구그룹 , 공정DX연구소 로봇AI연구그룹 , 신기영 , (포항)제선부 , 김성연 , (엔지니어링)제어계측-Smart solution기술(AI/Big Data/IoT) , 2026-01-01 , 기술축적 , 철강분야 , 정량효과 ,"195,000,000","890,000,000",0,0,0,0,0,0,0,0,0,0,0,0," 생산성향상,원단위절감 ", ○정량적 이익: 노중부 연소 상태 예측 및 안정화를 통한 출선량 증대 및 환원제비 절감 - 용선 증상량 효과 = 스마트 고로 ‘17년 대비 ‘19년 = 380톤/일 X 20187톤 * 365 * 기여율 (7%) = 1.95 억원 - 환원제비 효과 8.9억원 = ((19년 CR-17년 CR)*CR단가 + (20년 PCR-19년 PCR)*PCR 단가) * 20년 용선생산량 / 1000 * 365 (CR차 14.1 * 315072 – PCR차 9.1 * 178735) * 12375톤/일/1000 * 365 * 기여율 (7%) ,"146,754,300","1,085,000,000",2,100,"2,170,000,000",14.79, 과제종결(완료평가) 
1105,20259607, 현안과제 , 2025W019 , STS1냉연 CBL Lead strip 적용 라인용접부 강건화 기술개발 , 2025-06-02 , 2025-10-17 , 2025-11-28 ,"134,744,000","134,744,000","135,520,783",1,1, 솔루션연구소 강재솔루션연구그룹 ,  , 철강솔루션연구소 접합연구그룹 , 철강솔루션연구소 접합연구그룹 , 김상훈 , (포항)STS압연부 , 유병철 , (공정)STS공정-생산성향상기술 , 2025-11-19 , 기타 , 철강분야 , 정량효과 ,0,0,0,0,0,0,0,"1,000,000,000",0,0,0,0,0,0, 실수율/품질향상 , - 과제 기여율 : 30% → 재무효과 : △10억/년(전체) * 30% = △3.0억/년 계산식 : 20만톤/년 (1냉연 생산) x 0.5% = 1000톤/년 1000톤 x Scrap가격(100만/t) = △10억/년 ,"134,744,000","1,000,000,000",4,30,"4,000,000,000",29.69, 과제종결(완료평가) 
1106,20259613, 기술전략_전략 , 2025P217 ," 액화수소 저장탱크용 고강도 316LH 후판/박판(열연, 냉연) 양산기술개발 ", 2025-07-07 , 2026-06-26 , 2026-07-07 ,"563,970,000","563,970,000","462,014,056",1,1, (포항)차세대성장시장용STS프로젝트팀 ,  , (포항)차세대성장시장용STS프로젝트팀 , 제품연구소 STS연구그룹 , 채동철 , 글로벌제품기술실 냉연제품기술그룹 , 손희만 , (제품)STS제품-양산제품개발기술 , 2029-01-01 , 철강신수요창출 , 철강분야 , 정량효과 ,0,0,0,0,0,0,"3,000,000,000",0,0,0,0,0,0,0, 신수요창출 , ‘30년 이후 예상 판매량 6천톤/년 × 예상 영업이익 500천원/톤 ,"563,970,000","3,000,000,000",4,20,"12,000,000,000",21.28, 과제종결(완료평가) 
1107,20259614, 기술전략_장기 , 2025P267 , 현대차 배터리 냉각판용 고내식/광폭 STS강 적용위한 레이저 용접기술 개발 , 2025-09-01 , 2026-07-31 , 2026-08-05 ,"571,974,000","571,974,000","611,657,766",1,1, 솔루션연구소 강재솔루션연구그룹 ,  , 솔루션연구소 강재솔루션연구그룹 , 솔루션연구소 강재솔루션연구그룹 , 이원배 , 솔루션연구소 강재솔루션연구그룹 , 홍승갑 , (이용)접합 , 2028-06-05 , 철강신수요창출 , 철강분야 , 정성효과 ,0,0,0,0,0,0,0,0,0,0,0,0,0,0,  ,  ,"571,974,000",0,  ,  ,0,0, 과제종결(완료평가) 
1108,20259620, 현안과제 , 2025W022 , 후판 고객 요구 평탄도 보증 로직 및 시스템 개발 , 2025-07-28 , 2026-01-23 , 2026-04-21 ,"61,542,000","61,542,000","103,774,956",1,1, 미래철강연구소 차세대철강연구그룹 ,  , 미래철강연구소 차세대철강연구그룹 , 미래철강연구소 차세대철강연구그룹 , 정영진 , (포항)후판부 , 박충재 , (공정)후판공정-제품양산기술 , 2026-04-30 , 기업이미지제고 , 철강분야 , 정성효과 ,0,0,0,0,0,0,0,0,0,0,0,0,0,0,  ,  ,"61,542,000",0,  ,  ,0,0, 과제종결(완료평가) 
1109,20259622, 현안과제 , 2025W021 , JS-SS400 중장비외판용 성분개선재 용접부 강건성 확보 기술개발 , 2025-06-09 , 2025-10-24 , 2025-12-10 ,"130,041,000","130,041,000","120,883,670",1,1, 솔루션연구소 강재솔루션연구그룹 ,  , 철강솔루션연구소 접합연구그룹 , 철강솔루션연구소 접합연구그룹 , 김상훈 , 글로벌제품기술실 열연제품기술그룹 , 이정희 , (이용)접합 , 2026-01-02 , 기술축적 , 철강분야 , 정성효과 ,0,0,0,0,0,0,0,0,0,0,0,0,0,0,  ,  ,"130,041,000",0,  ,  ,0,0, 과제종결(완료평가) 
1110,20259626, 현안과제 , 2025W028 , 열연 내마모강(450HB) 용접부 물성 평가 및 데이터베이스 구축 , 2025-08-25 , 2025-10-31 , 2025-11-24 ,"96,359,800","96,359,800","64,779,915",1,1, 솔루션연구소 강재솔루션연구그룹 ,  , 철강솔루션연구소 접합연구그룹 , 철강솔루션연구소 접합연구그룹 , 김흥주 , 마케팅전략실 솔루션기획그룹 , 이종민 , (이용)접합 , 2025-11-28 , 철강신수요창출 , 철강분야 , 정성효과 ,0,0,0,0,0,0,0,0,0,0,0,0,0,0,  ,  ,"96,359,800",0,  ,  ,0,0, 과제종결(완료평가) 
1111,20259628, 현안과제 , 2025N009 , AlSi 1500HPF-IB강 Mechanical trimming 적용 Feasibility 연구 , 2025-07-21 , 2025-12-12 , 2025-12-12 ,"3,581,150","3,581,150","3,121,906",1,1, (광양)GigaSteel프로젝트팀 ,  , 자동차소재연구소 자동차소재연구그룹 , 자동차소재연구소 자동차소재연구그룹 , 김상헌 , 제품연구소 자동차소재연구그룹 , 김성일 , (제품)냉연제품-품질개선기술 , 2025-12-31 , 철강신수요창출 , 철강분야 , 정성효과 ,0,0,0,0,0,0,0,0,0,0,0,0,0,0,  ,  ,"3,581,150",0,  ,  ,0,0, 과제종결(완료평가) 
1112,20259630, 현안과제 , 2025W026 , STS 4제강 전로 Purging용 N2 사용량 저감 기술 개발 , 2025-08-11 , 2026-02-27 , 2026-04-14 ,"190,562,400","190,562,400","196,441,647",1,1, 공정DX연구소 압연엔지니어링연구그룹 ,  , 공정DX연구소 엔지니어링연구그룹 , 공정DX연구소 엔지니어링연구그룹 , 이수원 , (포항)STS제강부 , 송원용 , (엔지니어링)열유체-원가절감기술 , 2026-06-15 , 기타 , 철강분야 , 정량효과 ,0,"3,120,000,000",0,0,0,0,0,0,0,0,0,0,0,0, 원단위절감 ," ○ 월 473만Nm3 과다 사용 → 2.6억원/월 손실 . 질소 저감 목표치: 473만Nm3/월, 질소 가격: 54원/Nm3 (‘25.Q2) (現 사용량: 734만Nm3/월 → 설계치: 261만Nm3/월) ","190,562,400","3,120,000,000",1,100,"3,120,000,000",16.37, 과제종결(완료평가) 
1113,20259632, 현안과제 , 2025P300 , 도요타향 PO재 도유품질 개선 기술개발 , 2025-12-01 , 2026-05-01 , 2026-05-11 ,"193,519,170","193,519,170","222,900,464",1,1, 솔루션연구소 강재솔루션연구그룹 ,  , 솔루션연구소 강재솔루션연구그룹 , 솔루션연구소 강재솔루션연구그룹 , 박교선 , 글로벌제품기술실 자동차소재기술그룹 , 김현 , (공정)냉연공정-불량율저감기술 , 2026-07-01 , 고객기술지원 , 철강분야 , 정량효과 ,0,0,0,0,0,0,0,"6,200,000,000",0,0,0,0,0,"400,000,000"," 실수율/품질향상,기타 "," ○ 정량효과 - Claim 비용 저감(400,000천원/년) - 도요타향 SPH440, SPH590 품질향상(7,400 ton/년, 62억원/년) ○ 정성효과 : 도유품질 개선을 통한 claim저감, 중대VOC자료 활용, 고객사 소명자료 활용, 고객 만조도 재고 및 당사재 Market Share 확대 ","193,519,170","6,600,000,000",4,70,"26,400,000,000",136.42, 과제종결(완료평가) 
1114,20259634, 현안과제 , 2025N010 , Al 분말 도금강판 제조기술 개발(Seed성_도전 연구테마 공모과제) , 2025-08-11 , 2026-01-02 , 2026-04-28 ,"29,200,000","29,200,000","118,382,805",1,1, 제품연구소 표면연구그룹 ,  , 제품연구소 표면연구그룹 , 제품연구소 표면연구그룹 , 이현범 , 제품연구소 표면연구그룹 , 남경훈 , (제품)표면처리제품-선도제품개발기술 , 2026-05-04 , 기술축적 , 철강분야 , 정성효과 ,0,0,0,0,0,0,0,0,0,0,0,0,0,0,  ,  ,"29,200,000",0,  ,  ,0,0, 과제종결(완료평가) 
1115,20259636, 현안과제 , 2025W023 , ATOM활용성 증대 및 투자방안 도출 , 2025-07-28 , 2025-10-24 , 2025-11-02 ,"29,907,000","29,907,000","37,005,845",1,1, 공정DX연구소 제강연구그룹 ,  , 강재연구소 제강연구그룹 , 강재연구소 제강연구그룹 , 김성줄 , (포항)제강부 , 윤정균 , (공정)제강공정-제품양산기술 , 2026-01-01 , 기술축적 , 철강분야 , 정량효과 ,0,0,0,"150,000,000",0,0,0,0,0,0,0,0,0,0, 자재수명향상 ," - 기대이익 = 150,000천원/년 (= 2,500천원/개 * 10대 * 3회/년 * 2개/대) - Ruglator교체 주기 감소 (4회/년 → 1회/년), Regulator비용 (2,500천원/EA), 래들 1기당 Regulator갯수 (2EA/대) ","29,907,000","150,000,000",1,100,"150,000,000",5.02, 과제종결(완료평가) 
1116,20259645, 현안과제 , 2025N011 , 석탄 Silo 이용률 향상을 위한 내부격벽 설치 기술개발 , 2025-08-04 , 2025-12-26 , 2025-12-30 ,"29,700,000","29,700,000","43,181,240",1,1, 공정DX연구소 압연엔지니어링연구그룹 , (포항)제선부 2제선공장 , 공정DX연구소 엔지니어링연구그룹 , 공정DX연구소 엔지니어링연구그룹 , 조운관 , 공정DX연구소 엔지니어링연구그룹 , 김신일 , (엔지니어링)기계설비-원가절감기술 , 2026-01-01 , 기술축적 , 철강분야 , 정성효과 ,0,0,0,0,0,0,0,0,0,0,0,0,0,0,  ,  ,"29,700,000",0,  ,  ,0,0, 과제종결(완료평가) 
1117,20259682, 현안과제 , 2025P238 , 코크스오븐 상승관 내부의 부착탄제거를 위한 지능형 로봇솔루션 기초 연구 , 2025-08-04 , 2026-07-31 , 2026-07-29 ,"312,519,690","312,519,690","300,001,016",1,1, 공정DX연구소 로봇AI연구그룹 ,  , 공정DX연구소 로봇AI연구그룹 , 공정DX연구소 로봇AI연구그룹 , 김현희 , 공정DX연구소 로봇AI연구그룹 , 김기원 , (엔지니어링)기계설비-Smart solution기술(AI/Big Data/IoT) , 2027-12-31 , 기술축적 , 신성장분야 , 정성효과 ,0,0,0,0,0,0,0,0,0,0,0,0,0,0,  ,  ,"312,519,690",0,  ,  ,0,0, 과제종결(완료평가) 
1118,20259683, 현안과제 , 2025P242 , 연원료 부두 낙광처리 로봇솔루션 기반기술 개발 , 2025-08-04 , 2025-10-31 , 2025-10-01 ,"891,829,230","891,829,230","73,002,087",1,1, 공정DX연구소 로봇AI연구그룹 ,  , 공정DX연구소 제조로봇연구그룹 , 공정DX연구소 제조로봇연구그룹 , 윤성원 , 공정DX연구소 로봇AI연구그룹 , 김기원 , (엔지니어링)기계설비-Smart solution기술(AI/Big Data/IoT) , 2026-09-25 , 기술축적 , 신성장분야 , 정성효과 ,0,0,0,0,0,0,0,0,0,0,0,0,0,0,  ,  ,"891,829,230",0,  ,  ,0,0, 과제종결(완료평가) 
1119,20259685, 현안과제 , 2025P236 , 멀티 다관절 로봇을 활용한 복합작업 솔루션 개발 , 2025-08-04 , 2026-01-30 , 2026-02-20 ,"350,514,400","350,514,400","405,828,525",1,1, 공정DX연구소 포장자동화TF팀 ,  , 공정DX연구소 로봇AI연구그룹 , 공정DX연구소 로봇AI연구그룹 , 류창우 , 공정DX연구소 로봇AI연구그룹 , 김기원 , (엔지니어링)제어계측-Smart solution기술(AI/Big Data/IoT) , 2028-03-03 , 기술축적 , 신성장분야 , 정성효과 ,0,0,0,0,0,0,0,0,0,0,0,0,0,0,  ,  ,"350,514,400",0,  ,  ,0,0, 과제종결(완료평가) 
1120,20259688, 현안과제 , 2025P233 , 광양 연원료 하역부두 5선석 하역기 대상 원격 자동 운전기능 개발(1인 2대 운전) , 2025-08-04 , 2026-03-27 , 2026-08-13 ,"772,711,900","772,711,900","821,165,691",1,1, 공정DX연구소 로봇AI연구그룹 ,  , 공정DX연구소 로봇AI연구그룹 , 공정DX연구소 로봇AI연구그룹 , 김민성 , (광양)제선부 , 손기완 , (공정)제선공정-생산성향상기술 , 2028-06-01 , 기술축적 , 철강분야 , 정성효과 ,0,0,0,0,0,0,0,0,0,0,0,0,0,0,  ,  ,"772,711,900",0,  ,  ,0,0, 과제종결(완료평가) 
1121,20259690, 현안과제 , 2025P230 , 연원료 B/C 핵심개소 무인감시(Smart WireBall) 체계 구축 , 2025-08-04 , 2025-11-28 , 2025-12-22 ,"983,692,400","983,692,400","935,407,408",1,1, 공정DX연구소 로봇AI연구그룹 ,  , 공정DX연구소 제조로봇연구그룹 , 공정DX연구소 제조로봇연구그룹 , 임성환 , (광양)제선부 , 손기완 , (공정)제선공정-생산성향상기술 , 2026-01-26 , 기술축적 , 철강분야 , 정성효과 ,0,0,0,0,0,0,0,0,0,0,0,0,0,0,  ,  ,"983,692,400",0,  ,  ,0,0, 과제종결(완료평가) 
1122,20259691, 현안과제 , 2025P253 , TLC 추진방향 자율주행 전방 인지를 위한 AI 비전센서팩 개발 , 2025-08-04 , 2025-12-26 , 2026-01-09 ,"685,989,100","685,989,100","640,459,831",1,1, 공정DX연구소 로봇AI연구그룹 ,  , 공정DX연구소 로봇AI연구그룹 , 공정DX연구소 로봇AI연구그룹 , 이혜민 , (포항)생산기술부 , 김우경 , (엔지니어링)제어계측-Smart solution기술(AI/Big Data/IoT) , 2026-04-06 , 기술축적 , 철강분야 , 정량효과 ,"940,000,000",0,0,0,0,0,0,0,0,0,0,0,0,0, 생산성향상 ," [원가] 철도차량 자율주행 핵심기술로 TLC Cycle Time 단축 기여 (+33분/Cycle, 온도 Save +10.6℃, +9,400,000천원/년) * TLC Cycle Time 1분 단축 시, 용선 온도 +0.32℃ Save * 용선 온도 1 ℃ Save 시, 8.9억원/년 재무효과, 전동 TLC 자율주행 총괄 과제 기대효과 中 10% 기여율 ","685,989,100","940,000,000",4,100,"3,760,000,000",5.48, 과제종결(완료평가) 
1123,20259692, 현안과제 , 2025P244 , 2문~3제강 용선 운반 자동화를 위한 기관차 자율주행 시스템 상용화 , 2025-08-04 , 2026-05-29 , 2026-05-31 ,"2,509,942,600","2,509,942,600","2,102,849,930",1,1, 공정DX연구소 로봇AI연구그룹 ,  , 공정DX연구소 로봇AI연구그룹 , 공정DX연구소 로봇AI연구그룹 , 김인한 , (광양)생산기술부 , 정대현 , (엔지니어링)제어계측-Smart solution기술(AI/Big Data/IoT) , 2026-09-01 , 기술축적 , 철강분야 , 정량효과 ,"1,600,000,000",0,0,0,0,0,0,0,0,0,0,0,0,0, 생산성향상 , 2문~3제강 전구간 기관차 4대 상시 운영시 4명/조 → 2명/조(총 8명) : 16억원/년 ,"2,509,942,600","1,600,000,000",4,100,"6,400,000,000",2.55, 과제종결(완료평가) 
1124,20259693, 현안과제 , 2025P237 , 제조현장 내화벽돌 축조 로봇 솔루션 요소 기술 개발 , 2025-08-04 , 2026-03-27 , 2026-04-02 ,"381,339,583","1,502,731,083","360,922,805",2,1, 공정DX연구소 로봇AI연구그룹 ,  , 공정DX연구소 로봇AI연구그룹 , 공정DX연구소 로봇AI연구그룹 , 김현희 , 공정DX연구소 로봇AI연구그룹 , 김기원 , (엔지니어링)기계설비-Smart solution기술(AI/Big Data/IoT) , 2027-12-31 , 기술축적 , 신성장분야 , 정성효과 ,0,0,0,0,0,0,0,0,0,0,0,0,0,0,  ,  ,"381,339,583",0,  ,  ,0,0, 과제종결(단계완료평가) 
1125,20259696, 현안과제 , 2025P248 , 다기종 로봇 자율운전 및 설비 진단 통합 관제 플랫폼 개발 , 2025-08-04 , 2026-06-26 , 2026-07-06 ,"742,236,000","742,236,000","768,011,979",1,1, 공정DX연구소 로봇AI연구그룹 ,  , 공정DX연구소 로봇AI연구그룹 , 공정DX연구소 로봇AI연구그룹 , 최자영 , 공정DX연구소 로봇AI연구그룹 , 김기원 , (엔지니어링)기계설비-Smart solution기술(AI/Big Data/IoT) , 2027-03-01 , 기술축적 , 철강분야 , 정성효과 ,0,0,0,0,0,0,0,0,0,0,0,0,0,0,  ,  ,"742,236,000",0,  ,  ,0,0, 과제종결(완료평가) 
1126,20259697, 현안과제 , 2025P247 , 다기종 로봇 복합/비주기 데이터 기반 이상진단 기술 개발 , 2025-08-04 , 2026-06-26 , 2026-07-06 ,"212,936,200","212,936,200","152,943,571",1,1, 공정DX연구소 로봇AI연구그룹 ,  , 공정DX연구소 로봇AI연구그룹 , 공정DX연구소 로봇AI연구그룹 , 이장우 , 공정DX연구소 로봇AI연구그룹 , 김기원 , (엔지니어링)기계설비-Smart solution기술(AI/Big Data/IoT) , 2026-07-01 , 기술축적 , 신성장분야 , 정성효과 ,0,0,0,0,0,0,0,0,0,0,0,0,0,0,  ,  ,"212,936,200",0,  ,  ,0,0, 과제종결(완료평가) 
1127,20259698, 현안과제 , 2025P265 , 자연어 기반 불안전상황 감지 기술 고도화 , 2025-08-04 , 2025-12-26 , 2025-12-15 ,"206,104,953","206,104,953","191,698,322",1,1, 공정DX연구소 로봇AI연구그룹 ,  , 공정DX연구소 제조AI연구그룹 , 공정DX연구소 제조AI연구그룹 , 나지훈 , 공정DX연구소 로봇AI연구그룹 , 김기원 , (엔지니어링)제어계측-Smart solution기술(AI/Big Data/IoT) , 2026-01-01 , 기술축적 , 신성장분야 , 정성효과 ,0,0,0,0,0,0,0,0,0,0,0,0,0,0,  ,  ,"206,104,953",0,  ,  ,0,0, 과제종결(완료평가) 
1128,20259699, 현안과제 , 2025P239 , 에너지 비용 시뮬레이터 기초기술 개발 , 2025-08-04 , 2026-07-24 , 2026-08-06 ,"428,033,500","428,033,500","410,487,442",1,1, 공정DX연구소 로봇AI연구그룹 ,  , 공정DX연구소 로봇AI연구그룹 , 공정DX연구소 로봇AI연구그룹 , 김민진 , 공정DX연구소 로봇AI연구그룹 , 김기원 , (환경/에너지)에너지 , 2026-12-31 , 기술축적 , 철강분야 , 정성효과 ,0,0,0,0,0,0,0,0,0,0,0,0,0,0,  ,  ,"428,033,500",0,  ,  ,0,0, 과제종결(완료평가) 
1129,20259700, 현안과제 , 2025P234 , 로봇 활용 고온 용융 설비 진단 음영지역 최소화 기술 , 2025-08-04 , 2026-03-20 , 2026-04-14 ,"540,337,800","540,337,800","524,778,766",1,1, 공정DX연구소 로봇AI연구그룹 ,  , 공정DX연구소 로봇AI연구그룹 , 공정DX연구소 로봇AI연구그룹 , 황석균 , 공정DX연구소 로봇AI연구그룹 , 김기원 , (엔지니어링)제어계측-Smart solution기술(AI/Big Data/IoT) , 2026-04-20 , 기술축적 , 신성장분야 , 정성효과 ,0,0,0,0,0,0,0,0,0,0,0,0,0,0,  ,  ,"540,337,800",0,  ,  ,0,0, 과제종결(완료평가) 
1130,20259701, 현안과제 , 2025P257 , 고로하부 차입구간 TLC 정위치 인식 및 TLC간 분리 기술 개발 , 2025-08-11 , 2025-12-26 , 2026-01-27 ,"536,118,100","536,118,100","396,919,779",1,1, 공정DX연구소 로봇AI연구그룹 ,  , 공정DX연구소 로봇AI연구그룹 , 공정DX연구소 로봇AI연구그룹 , 이형웅 , (광양)생산기술부 , 정대현 , (엔지니어링)제어계측-Smart solution기술(AI/Big Data/IoT) , 2025-12-20 , 기술축적 , 철강분야 , 정량효과 ,0,0,0,0,0,0,0,0,0,0,0,"400,000,000",0,0, 자동화에의한인력합리 ," [인력운영 효율화] 자율주행 1대 현장적용 시, 4명/조 → 2명/조, 연구기여도 50% 2억원/년 기대효과 * 현재 TO 先반영되어 있으며, 퇴직인원 발생시 자연 적용 예정 ** 직영기준 △1명 생산성 향상시, 재무효과 2억원 반영 *** 본 정량효과는 자율주행 기관차 3단계 기술개발과 연계하여 계산 되었음. ※ 경제성 분석결과 IRR 39.4%, NPV 703백만원 ","536,118,100","400,000,000",4,50,"1,600,000,000",2.98, 과제종결(완료평가) 
1131,20259704, 현안과제 , 2025P260 , 제철소 생산 연계 에너지 편성 최적화 시스템 개발(1/1) , 2025-08-04 , 2026-06-26 , 2026-07-26 ,"428,728,000","428,728,000","161,800,223",1,1, 공정DX연구소 로봇AI연구그룹 ,  , 공정DX연구소 로봇AI연구그룹 , 공정DX연구소 로봇AI연구그룹 , 백수환 , (광양)에너지부 , 옥상우 , (환경/에너지)에너지 , 2026-07-06 , 조업/기술경영자료 , 철강분야 , 정량효과 ,0,0,0,0,0,0,0,0,0,"250,000,000",0,"150,000,000",0,0," 에너지절감,자동화에의한인력합리 "," ○ 년간기대이익 산출내역 (단위: 천원) - 에너지 효율관점 수리 조정 실적 실현 이익 75억 * 기여율 2.4% (년) =2.5억 - 전문가 노하우 활용 및 업무자동화 등을 통한 인건비 절감 = 기대효과 1.5억/년 (산출근거 :전문 수배급 편성 업무 50% 자동화수배급 편성 전문가 인건비 * 0.5 = 연 0.5억,전체 수배급 편성 업무 70% 자동화 전문인력 1명 인건비 * 0.7 = 연 1억) ","428,728,000","400,000,000",3,100,"1,200,000,000",2.8, 과제종결(완료평가) 
1132,20259705, 현안과제 , 2025P252 , 전동 TLC 통합제어 기술 개발 , 2025-08-04 , 2026-05-29 , 2026-06-02 ,"907,066,900","907,066,900","923,077,791",1,1, 공정DX연구소 로봇AI연구그룹 ,  , 공정DX연구소 로봇AI연구그룹 , 공정DX연구소 로봇AI연구그룹 , 이혜민 , (포항)생산기술부 , 김우경 , (엔지니어링)제어계측-Smart solution기술(AI/Big Data/IoT) , 2026-06-01 , 기술축적 , 철강분야 , 정성효과 ,0,0,0,0,0,0,0,0,0,0,0,0,0,0,  ,  ,"907,066,900",0,  ,  ,0,0, 과제종결(완료평가) 
1133,20259706, 현안과제 , 2025P243 , 용선운반 전공정 자동화를 위한 1고로~본선구간 자율주행 시스템 개발 , 2025-08-04 , 2026-02-27 , 2026-03-20 ,"768,626,156","768,626,156","683,987,459",1,1, 공정DX연구소 로봇AI연구그룹 ,  , 공정DX연구소 로봇AI연구그룹 , 공정DX연구소 로봇AI연구그룹 , 김인한 , (광양)생산기술부 , 정대현 , (엔지니어링)제어계측-Smart solution기술(AI/Big Data/IoT) , 2026-04-06 , 기술축적 , 철강분야 , 정량효과 ,"200,000,000",0,0,0,0,0,0,0,0,0,0,0,0,0, 생산성향상 , 1고로~2문 구간 1대 기관차 상시 운영시 △0.5명/조 효율화 → 4개조 대상 총 △2명 효율화 1고로~2문 구간 총 1대 → △2명 효율화로 P/L단계 50%씩 배분 ,"768,626,156","200,000,000",4,100,"800,000,000",1.04, 과제종결(완료평가) 
1134,20259707, 현안과제 , 2025P249 , 산업현장 사고 예방을 위한 AI 기반 작업 위험도 예측 기술 개발 , 2025-08-04 , 2026-02-27 , 2026-03-05 ,"124,607,100","124,607,100","53,188,033",1,1, 공정DX연구소 로봇AI연구그룹 ,  , 공정DX연구소 로봇AI연구그룹 , 공정DX연구소 로봇AI연구그룹 , 예인수 , 안전기획실 안전진단그룹 , 기용덕 , (환경/에너지)안전공통 , 2026-03-31 , 기술축적 , 철강분야 , 정성효과 ,0,0,0,0,0,0,0,0,0,0,0,0,0,0,  ,  ,"124,607,100",0,  ,  ,0,0, 과제종결(완료평가) 
1135,20259708, 현안과제 , 2025P235 , 2연주공장 3호 연주기 래들 쉬라우드 노즐 예열 장착 자동화 , 2025-08-04 , 2026-06-26 , 2026-07-08 ,"723,789,600","723,789,600","885,875,120",1,1, 공정DX연구소 로봇AI연구그룹 ,  , 공정DX연구소 로봇AI연구그룹 , 공정DX연구소 로봇AI연구그룹 , 이종학 , (광양)제강부 , 문호정 , (엔지니어링)제어계측-생산성향상기술 , 2026-06-29 , 기술축적 , 철강분야 , 정성효과 ,0,0,0,0,0,0,0,0,0,0,0,0,0,0,  ,  ,"723,789,600",0,  ,  ,0,0, 과제종결(완료평가) 
1136,20259709, 현안과제 , 2025P263 , 풍량자동제어시스템 장기운용을 위한 적응형 모델 및 시스템 개발 , 2025-08-25 , 2026-01-02 , 2025-12-31 ,"256,003,100","256,003,100","231,010,071",1,1, 공정DX연구소 로봇AI연구그룹 ,  , 공정DX연구소 로봇AI연구그룹 , 공정DX연구소 로봇AI연구그룹 , 나지훈 , 공정DX연구소 제선연구그룹 , 류진호 , (엔지니어링)제어계측-Smart solution기술(AI/Big Data/IoT) , 2026-02-02 , 기술축적 , 철강분야 , 정량효과 ,0,"180,000,000",0,0,0,0,0,0,0,0,0,0,0,0, 원단위절감 ," ○ 년간기대이익 산출내역 - 고로가스 및 노열안정에 의한 환원재비 감소 효과 효과 = 환원제비 저감 효과 + CO2 발생량 저감 효과 – BFG 발생 원단위 변화 = 1.8억원/년 { 1. 환원제비 저감 = (’22년 2고로 출선량) * 환원재 저감량 * 환원재 단가 = 1,899,171 t-p/yr * (0.2kg/t-p) * 554원/kg = 2.1 억원 2. CO2 저감 = (’22년 2고로 출선량) * 환원재 저감량 * CO2 배출계수 * CO2 단가 = 1,899,171 t-p/yr * (0.2kg/t-p) * 3.18 kg-CO2/kg * 15원/kg-CO2('23년 1월) = 0.2 억원 3. BFG 발생원단위 변화 = (’22년 포항 2고로 출선량) x 환원제비절감원단위 x 발생원단위변화 x BFG평가단가 = 1,899,171 t-p/yr x (- 0.2kg/t-p) * 3.2Nm3/kg * 38원/Nm3 = - 0.5 억원/년) } ","256,003,100","180,000,000",3,100,"540,000,000",2.11, 과제종결(완료평가) 
1137,20259728, 현안과제 , 2025W027 , 조선 선급용 Mild강 S상한 확대를 위한 용접부 물성 확보 , 2025-08-11 , 2025-12-26 , 2026-03-11 ,"135,957,480","135,957,480","111,205,223",1,1, (광양)고Mn강프로젝트팀 ,  , 솔루션연구소 강재솔루션연구그룹 , 솔루션연구소 강재솔루션연구그룹 , 이도엽 , 글로벌제품기술실 열연제품기술그룹 , 윤철수 , (이용)접합 , 2026-02-10 , 기술축적 , 철강분야 , 정성효과 ,0,0,0,0,0,0,0,0,0,0,0,0,0,0,  ,  ,"135,957,480",0,  ,  ,0,0, 과제종결(완료평가) 
1138,20259740, 현안과제 , 2025W031 , 5CGL 아연원가절감을 위한 AI 도금량 제어 개선 , 2025-09-29 , 2026-02-20 , 2026-05-24 ,"74,787,000","74,787,000","128,797,542",1,1, 포스코홀딩스 ,  , 공정DX연구소 로봇AI연구그룹 , 공정DX연구소 로봇AI연구그룹 , 노일환 , (광양)도금부 , 민경오 , (공정)표면처리공정-원가절감기술 , 2026-07-31 , 기술축적 , 철강분야 , 정량효과 ,0,"141,239,452",0,0,0,0,0,0,0,0,0,0,0,0, 원단위절감 ," (개선전 아연초과부착원단위－개선후 아연초과부착원단위) x 생산량(25년 예상) x 아연평균사용단가(~25.8) = (0.52-0.45) [kg/톤] × 475,743 [톤/년] × 4,241.169 [원/kg] ＝ 141,239,452 [원/년] ","74,787,000","141,239,452",4,80,"564,957,808",7.55, 과제종결(완료평가) 
1139,20259742, 현안과제 , 2025N012 , Silo 석탄 자연발화 방지기술 개발 , 2025-08-18 , 2025-10-17 , 2025-10-01 ,"10,200,000","10,200,000","11,585,973",1,1, 공정DX연구소 압연엔지니어링연구그룹 ,  , 공정DX연구소 철강엔지니어링연구그룹 , 공정DX연구소 철강엔지니어링연구그룹 , 이주동 , 공정DX연구소 엔지니어링연구그룹 , 김신일 , (공정)제선공정-원가절감기술 , 2025-10-27 , 기술축적 , 철강분야 , 정성효과 ,0,0,0,0,0,0,0,0,0,0,0,0,0,0,  ,  ,"10,200,000",0,  ,  ,0,0, 과제종결(완료평가) 
1140,20259744, 현안과제 , 2025P306 , 포스세아향 베어링강 구상화 불량 및 빈탄 발생 원인규명 및 개선기술 개발 , 2025-11-24 , 2026-07-24 , 2026-08-10 ,"327,624,750","327,624,750","509,700,170",1,1, 제품연구소 열연선재후판연구그룹 ,  , 제품연구소 열연선재후판연구그룹 , 제품연구소 열연선재후판연구그룹 , 전영수 , (포항)선재부 , 정석준 , (제품)선재제품-양산제품개발기술 , 2026-08-01 , 고객기술지원 , 철강분야 , 정량효과 ,0,0,0,0,0,0,0,"190,000,000",0,0,0,0,0,0, 실수율/품질향상 , ○ 1.9억원/년: 품질개선을 통한 클레임 억제 - 쯔바키향 빈탄 클레임 1.3억/년 ('24년 1072톤) - C&U/카이밍향 구상화불량 클레임 0.6억원/년 ('25년 상반기 기준 235톤 : 470톤/년) ,"327,624,750","190,000,000",4,100,"760,000,000",2.32, 과제종결(완료평가) 
1141,20259746, 현안과제 , 2025N013 , 부유식 해상풍력 기반 수소생산 부유체 Feasibility study , 2025-08-25 , 2026-01-16 , 2026-01-26 ,"30,000,000","30,000,000","48,887,036",1,1, 솔루션연구소 강건재솔루션연구그룹 ,  , 솔루션연구소 강건재솔루션연구그룹 , 솔루션연구소 강건재솔루션연구그룹 , 박규식 , 철강솔루션연구소 구조연구그룹 , 박찬희 , (이용)강구조 , 2028-03-01 , 기술축적 , 철강분야 , 정성효과 ,0,0,0,0,0,0,0,0,0,0,0,0,0,0,  ,  ,"30,000,000",0,  ,  ,0,0, 과제종결(완료평가) 
1142,20259748, 현안과제 , 2025P286 , 열연 BP용 재압연재 표면 미세 Pit형 결함 발생 기구 규명 및 개선 , 2025-10-27 , 2026-06-26 , 2026-07-06 ,"325,280,400","325,280,400","453,892,529",1,1, 제품연구소 열연선재후판연구그룹 ,  , 제품연구소 열연선재후판연구그룹 , 제품연구소 열연선재후판연구그룹 , 김선미 , (포항)품질기술부 , 김병석 , (제품)열연제품-품질개선기술 , 2027-01-04 , 기술축적 , 철강분야 , 정량효과 ,0,0,0,0,0,0,"400,000,000","350,000,000",0,0,0,0,0,0," 실수율/품질향상,신수요창출 ", ‘24~’25년 클레임 금액 약 3.5억원 + 열연 BP재 수요확대 4억원 ,"325,280,400","750,000,000",3,20,"2,250,000,000",6.92, 과제종결(완료평가) 
1143,20259754, 현안과제 , 2025N017 , 초음파 활용 용융도금액의 Air Knife Lip 부착저감 기술 개발 , 2025-11-03 , 2026-04-24 , 2026-04-28 ,"30,000,000","30,000,000","41,882,375",1,1, 공정DX연구소 압연엔지니어링연구그룹 ,  , 공정DX연구소 엔지니어링연구그룹 , 공정DX연구소 엔지니어링연구그룹 , 최정식 , 공정DX연구소 엔지니어링연구그룹 , 김신일 , (공정)표면처리공정-불량율저감기술 , 2026-12-31 , 기술축적 , 철강분야 , 정성효과 ,0,0,0,0,0,0,0,0,0,0,0,0,0,0,  ,  ,"30,000,000",0,  ,  ,0,0, 과제종결(완료평가) 
1144,20259758, 현안과제 , 2025N014 , 자체 생산 중조 탈황 성능 Test , 2025-09-08 , 2026-01-02 , 2026-01-08 ,"20,200,000","20,200,000","23,448,750",1,1, 미래철강연구소 차세대철강연구그룹 ,  , 미래철강연구소 차세대철강연구그룹 , 미래철강연구소 차세대철강연구그룹 , 박경태 , 미래철강연구소 차세대철강연구그룹 , 김상석 , (공정)제선공정-원가절감기술 , 2026-03-01 , 기타 , 철강분야 , 정성효과 ,0,0,0,0,0,0,0,0,0,0,0,0,0,0,  ,  ,"20,200,000",0,  ,  ,0,0, 과제종결(완료평가) 
1145,20259762, 현안과제 , 2025N016 , 에어나이프 립막힘 자동판단을 위한 AI알고리즘 개발 , 2025-11-03 , 2026-03-27 , 2026-04-07 ,"30,000,000","30,000,000","36,393,747",1,1, 공정DX연구소 압연엔지니어링연구그룹 ,  , 공정DX연구소 엔지니어링연구그룹 , 공정DX연구소 엔지니어링연구그룹 , 최정식 , 공정DX연구소 엔지니어링연구그룹 , 김신일 , (공정)표면처리공정-생산성향상기술 , 2026-09-25 , 기술축적 , 철강분야 , 정성효과 ,0,0,0,0,0,0,0,0,0,0,0,0,0,0,  ,  ,"30,000,000",0,  ,  ,0,0, 과제종결(완료평가) 
1146,20259764, 현안과제 , 2025W030 , 3CGL 부유식 도금포트 탕면레벨 측정 및 스나우트 연동제어 기술개발 , 2025-10-13 , 2026-04-10 , 2026-05-02 ,"49,500,000","49,500,000","52,264,986",1,1, 공정DX연구소 압연엔지니어링연구그룹 , (광양)도금부 기술개발섹션 , 공정DX연구소 엔지니어링연구그룹 , 공정DX연구소 엔지니어링연구그룹 , 장태인 , (광양)도금부 , 민경오 , (공정)표면처리공정-생산성향상기술 , 2026-04-13 , 기술축적 , 철강분야 , 정성효과 ,0,0,0,0,0,0,0,0,0,0,0,0,0,0,  ,  ,"49,500,000",0,  ,  ,0,0, 과제종결(완료평가) 
1147,20259768, 현안과제 , 2025W029 , 포항 제선부 기송관 진단 기술 , 2025-11-03 , 2026-07-17 , 2026-07-29 ,"95,758,800","95,758,800","128,196,378",1,1, 공정DX연구소 압연엔지니어링연구그룹 ,  , 공정DX연구소 압연엔지니어링연구그룹 , 공정DX연구소 압연엔지니어링연구그룹 , 김정일 , (포항)제선부 , 김성연 , (공정)제선공정-원가절감기술 , 2026-07-27 , 기술축적 , 철강분야 , 정량효과 ,0,0,0,0,0,0,0,0,"1,550,000,000",0,"840,000,000",0,0,0," 공정개선,장치제작개발 "," 기송관 투자감소 84억 (100억 → 16억), TLC 분석 경유 제로화 155억, 기여율 10% 반영 ","95,758,800","2,390,000,000",2,100,"4,780,000,000",49.92, 과제종결(완료평가) 
1148,20259770, 현안과제 , 2025N018 , 인니청산 304 Slab 활용 제품 물성 평가 , 2025-12-08 , 2026-04-24 , 2026-04-30 ,"29,772,500","29,772,500","49,724,202",1,1, (포항)STS품질수익성향상TF팀 ,  , 제품연구소 STS연구그룹 , 제품연구소 STS연구그룹 , 하만진 , 제품연구소 STS연구그룹 , 김진석 , (공정)STS공정-원가절감기술 , 2026-06-01 , 기술축적 , 철강분야 , 정성효과 ,0,0,0,0,0,0,0,0,0,0,0,0,0,0,  ,  ,"29,772,500",0,  ,  ,0,0, 과제종결(완료평가) 
1149,20259771, 현안과제 , 2025N015 , Lidar 센서를 활용한 강판 실시간 반곡측정 기술개발 , 2025-10-13 , 2026-04-10 , 2026-04-10 ,"30,000,000","30,000,000","32,185,167",1,1, 공정DX연구소 압연엔지니어링연구그룹 , (광양)도금부 기술개발섹션 , 공정DX연구소 엔지니어링연구그룹 , 공정DX연구소 엔지니어링연구그룹 , 장태인 , 공정DX연구소 엔지니어링연구그룹 , 김신일 , (공정)표면처리공정-불량율저감기술 , 2026-10-01 , 기술축적 , 철강분야 , 정성효과 ,0,0,0,0,0,0,0,0,0,0,0,0,0,0,  ,  ,"30,000,000",0,  ,  ,0,0, 과제종결(완료평가) 
1150,20259773, 현안과제 , 2025W033 , 광양1열연 R2 폭계 실적 기반 R3 Camber 자동 제어 , 2025-11-03 , 2026-05-15 , 2026-06-10 ,"127,210,647","127,210,647","158,329,273",1,1, 공정DX연구소 압연엔지니어링연구그룹 ,  , 공정DX연구소 엔지니어링연구그룹 , 공정DX연구소 엔지니어링연구그룹 , 최정식 , (광양)열연부 , 기호중 , (공정)열연공정-불량율저감기술 , 2026-05-25 , 기술축적 , 철강분야 , 정성효과 ,0,0,0,0,0,0,0,0,0,0,0,0,0,0,  ,  ,"127,210,647",0,  ,  ,0,0, 과제종결(완료평가) 
1151,20259775, 현안과제 , 2025W032 , 흙막이벽체용 강합성 슬림박스 구조성능평가 , 2025-10-27 , 2026-04-24 , 2026-04-16 ,"68,488,000","68,488,000","84,394,147",1,1, 솔루션연구소 강건재솔루션연구그룹 ,  , 솔루션연구소 강건재솔루션연구그룹 , 솔루션연구소 강건재솔루션연구그룹 , 이종구 , 열연선재마케팅실 강관소재판매그룹 , 김재순 , (이용)강구조 , 2026-07-31 , 철강신수요창출 , 철강분야 , 정량효과 ,0,0,0,0,0,0,"250,000,000",0,0,0,0,0,0,0, 신수요창출 ," 5천톤/년(목표 판매량) x 50,000원/톤(SM355 예상 영업이익) = 2.5억/년 ","68,488,000","250,000,000",4,50,"1,000,000,000",14.6, 과제종결(완료평가) 
1152,20259779, 현안과제 , 2025W034 , 광양 1제강 노후 Teeming Crane 보수용접부 횡균열 발생원인 및 보수/보강방법 도출 , 2025-11-24 , 2026-04-17 , 2026-04-17 ,"136,517,500","136,517,500","141,715,105",1,1, 솔루션연구소 강재솔루션연구그룹 ,  , 솔루션연구소 강재솔루션연구그룹 , 솔루션연구소 강재솔루션연구그룹 , 이재익 , (광양)설비기술부 , 최승완 , (이용)접합 , 2026-04-30 , 기술축적 , 철강분야 , 정성효과 ,0,0,0,0,0,0,0,0,0,0,0,0,0,0,  ,  ,"136,517,500",0,  ,  ,0,0, 과제종결(완료평가) 
1153,20259783, 현안과제 , 2025W035 , 4냉연 PCM 자동속도제어 기술 고도화 , 2025-12-01 , 2026-04-24 , 2026-04-29 ,"98,799,600","98,799,600","118,262,264",1,1, 공정DX연구소 로봇AI연구그룹 , (광양)냉연부 기술개발섹션 , 공정DX연구소 로봇AI연구그룹 , 공정DX연구소 로봇AI연구그룹 , 박정훈 , (광양)냉연부 , 이상신 , (공정)냉연공정-생산성향상기술 , 2026-04-25 , 기술축적 , 철강분야 , 정량효과 ,"1,870,000,000",0,0,0,0,0,0,0,0,0,0,0,0,0, 생산성향상 ," ○ (정량) 생산성 3% 향상, 18.7억/년 (예상증산량 × 고정가공비 × 실수율) - 예상증산량 : 75,649톤 (339.3('24)→350.0T/hr(’26.4월), 순작업시간 7,070hr), 톤당 고정가공비('24) : 25,353원, 실수율('24) : 97.63% ","98,799,600","1,870,000,000",4,50,"7,480,000,000",75.71, 과제종결(완료평가) 
1154,20259785, 현안과제 , 2025W036 , 잔류원소 성분 격외 대응 용접 가이드라인 개발 , 2025-12-22 , 2026-03-20 , 2026-04-17 ,"99,102,400","99,102,400","81,163,322",1,1, 솔루션연구소 강재솔루션연구그룹 ,  , 솔루션연구소 강재솔루션연구그룹 , 솔루션연구소 강재솔루션연구그룹 , 한규태 , 글로벌제품기술실 열연제품기술그룹 , 윤철수 , (이용)접합 , 2026-04-20 , 조업/기술경영자료 , 철강분야 , 정량효과 ,0,"5,000,000,000",0,0,0,0,0,0,0,0,0,0,0,0, 원단위절감 ," (1) 괴광: ROH.S(단가:161,708원/톤, T.Fe:61.062) 사용불가량 10,0000톤 기준 ISD.S(단가:192,084원/톤, T.Fe:64.927) 대비 29억/년 절감 (2) 분광: ROH.F(단가:134,816원/톤, T.Fe:60.411) 사용불가량 10,0000톤 기준 WRT.F(단가:158,072원/톤, T.Fe:65.994) 대비 21억/년 절감 - 종합 50억/년 절감 ","99,102,400","5,000,000,000",4,30,"20,000,000,000",201.81, 과제종결(완료평가) 
1155,20259787, 현안과제 , 2025N019 , 자체 생산 중조 PP1(25톤/년) 설계 , 2025-12-29 , 2026-03-27 , 2026-03-30 ,"30,000,000","30,000,000","42,364,575",1,1, 미래철강연구소 차세대철강연구그룹 ,  , 미래철강연구소 차세대철강연구그룹 , 미래철강연구소 차세대철강연구그룹 , 박경태 , 미래철강연구소 차세대철강연구그룹 , 김상석 , (엔지니어링)열유체-원가절감기술 , 2026-06-01 , 기타 , 철강분야 , 정량효과 ,0,"12,560,000,000",0,0,0,0,0,0,0,0,0,0,0,0, 원단위절감 ," ○ 중조 14.8만톤 기준, 투자비 515억원, 기대이익 125.6억원/년, IRR 24.8% 예상 *중조 생산량 (14.8 만톤/년) x (생산이익(158천원/톤) - 제조원가(73.2천원/톤)) ","30,000,000","12,560,000,000",4,50,"50,240,000,000",1674.67, 과제종결(완료평가) 
1156,20269076, 기술전략_장기 , 2026P007 , 고강성 부품 일체화를 위한 핫블로우포밍 공정 요소기술 개발 , 2026-01-05 , 2026-05-15 , 2026-05-26 ,"274,980,800","274,980,800","271,808,772",1,1, 솔루션연구소 자동차소재솔루션연구그룹 ,  , 솔루션연구소 자동차소재솔루션연구그룹 , 솔루션연구소 자동차소재솔루션연구그룹 , 최종원 , 솔루션연구소 자동차소재솔루션연구그룹 , 김홍기 , (이용)가공 , 2027-02-22 , 철강신수요창출 , 철강분야 , 정성효과 ,0,0,0,0,0,0,0,0,0,0,0,0,0,0,  ,  ,"274,980,800",0,  ,  ,0,0, 과제종결(완료평가) 
1157,20269401, 현안과제 , 2026W001 , 연주 Break out 검출 안정화 기술 개발 , 2026-01-12 , 2026-07-31 , 2026-08-10 ,"48,900,000","48,900,000","62,499,479",1,1, 공정DX연구소 압연엔지니어링연구그룹 ,  , 공정DX연구소 압연엔지니어링연구그룹 , 공정DX연구소 압연엔지니어링연구그룹 , 신민철 , (포항)제강부 , 윤정균 , (공정)제강공정-원가절감기술 , 2026-08-03 , 기타 , 철강분야 , 정량효과 ,"130,000,000","50,000,000",0,0,0,0,0,0,0,0,0,0,0,0," 생산성향상,원단위절감 "," ■ 오알람 피해 저감 - 5.1억 원('25년 피해액) * 0.25(발생율, 4년 가동만에 발생) = 1.3억 원/년 ※’25년 피해 정보 상세 - 11/23(일): 225,471,171원: 감산 △2Ch, 8Str' Mold & Bender 교환 - 11/24(월): 288,201,171원: 감산 △7Ch, 8Str' Mold & Bender 교환 ■ 정비비 저감 - 0.1억 원(과제 목표) * 5 (제강부 내 BODS 설치 대수) = 0.5억 원/년 ■ 합계: 1.8억 원/년 ","48,900,000","180,000,000",4,100,"720,000,000",14.72, 과제종결(완료평가) 
1158,20269403, 현안과제 , 2026W005 , 2열연 Hyper NO 형상 개선을 위한 Roll Profile Monitoring 기술 개발 , 2026-01-19 , 2026-06-12 , 2026-06-11 ,"130,561,000","130,561,000","120,003,404",1,1, 공정DX연구소 압연엔지니어링연구그룹 ,  , 공정DX연구소 엔지니어링연구그룹 , 공정DX연구소 엔지니어링연구그룹 , 전교식 , (광양)열연부 , 기호중 , (공정)열연공정-제품양산기술 , 2027-01-31 , 기술축적 , 철강분야 , 정성효과 ,0,0,0,0,0,0,0,0,0,0,0,0,0,0,  ,  ,"130,561,000",0,  ,  ,0,0, 과제종결(완료평가) 
1159,20269409, 현안과제 , 2026W002 , 석탄 Silo 발화 방지 설비 컨셉 설계 , 2026-01-12 , 2026-04-10 , 2026-04-14 ,"159,710,000","159,710,000","192,922,020",1,1, 공정DX연구소 압연엔지니어링연구그룹 ,  , 공정DX연구소 엔지니어링연구그룹 , 공정DX연구소 엔지니어링연구그룹 , 박종인 , 공정DX연구소 엔지니어링연구그룹 , 김신일 , (엔지니어링)열유체-원가절감기술 , 2026-12-31 , 기술축적 , 철강분야 , 정성효과 ,0,0,0,0,0,0,0,0,0,0,0,0,0,0,  ,  ,"159,710,000",0,  ,  ,0,0, 과제종결(완료평가) 
1160,20269417, 현안과제 , 2026N001 , 불순원소 기초 표면 품질 영향도 분석 , 2026-02-02 , 2026-06-26 , 2026-07-01 ,"200,000","200,000","27,072,601",1,1, 제품연구소 표면연구그룹 ,  , 제품연구소 표면연구그룹 , 제품연구소 표면연구그룹 , 김도엽 , 제품연구소 표면연구그룹 , 남경훈 , (공정)표면처리공정-불량율저감기술 , 2026-06-30 , 기술축적 , 철강분야 , 정성효과 ,0,0,0,0,0,0,0,0,0,0,0,0,0,0,  ,  ,"200,000",0,  ,  ,0,0, 과제종결(완료평가) 
1161,20269419, 현안과제 , 2026W004 , 스테인리스강의 경제적 성분 설계재 품질 평가와 DB 구축 , 2026-01-19 , 2026-07-17 , 2026-07-16 ,"547,629,000","547,629,000","439,727,538",1,1, 솔루션연구소 강재솔루션연구그룹 ,  , 솔루션연구소 강재솔루션연구그룹 , 솔루션연구소 강재솔루션연구그룹 , 안덕찬 , 글로벌제품기술실 냉연제품기술그룹 , 손희만 , (이용)강재성능 , 2026-08-17 , 기타 , 철강분야 , 정성효과 ,0,0,0,0,0,0,0,0,0,0,0,0,0,0,  ,  ,"547,629,000",0,  ,  ,0,0, 과제종결(완료평가) 
1162,20269420, 현안과제 , 2026P076 , (포항) 저탄소 선재제품 생산 프로세스 구축을 위한 래들 핸들링 설비 설계 , 2026-02-23 , 2026-06-26 , 2026-07-08 ,"526,055,800","526,055,800","367,291,615",1,1, 공정DX연구소 압연엔지니어링연구그룹 ,  , 공정DX연구소 엔지니어링연구그룹 , 공정DX연구소 엔지니어링연구그룹 , 남석현 , (포항)제강부 , 윤정균 , (엔지니어링)기계설비-제품양산기술 , 2026-06-30 , 철강신수요창출 , 철강분야 , 정성효과 ,0,0,0,0,0,0,0,0,0,0,0,0,0,0,  ,  ,"526,055,800",0,  ,  ,0,0, 과제종결(완료평가) 
1163,20269426, 현안과제 , 2026W006 , W-inoculant 첨가EN-S355ML Z인장 보증재 용접성 및 CTOD 보증성 검증 , 2026-01-12 , 2026-04-10 , 2026-04-27 ,"66,780,200","66,780,200","52,277,637",1,1, 솔루션연구소 강재솔루션연구그룹 ,  , 솔루션연구소 강재솔루션연구그룹 , 솔루션연구소 강재솔루션연구그룹 , 김성호 , 제품연구소 열연선재후판연구그룹 , 고성웅 , (이용)접합 , 2026-04-24 , 기술축적 , 철강분야 , 정성효과 ,0,0,0,0,0,0,0,0,0,0,0,0,0,0,  ,  ,"66,780,200",0,  ,  ,0,0, 과제종결(완료평가) 
1164,20269428, 현안과제 , 2026W007 , 넥스틸 向 API-J55-H Hook Crack 저감을 위한 Edge 품질 영향 평가 , 2026-01-19 , 2026-06-12 , 2026-06-30 ,"148,321,600","148,321,600","148,922,881",1,1, 솔루션연구소 강재솔루션연구그룹 ,  , 솔루션연구소 강재솔루션연구그룹 , 솔루션연구소 강재솔루션연구그룹 , 강민석 , 글로벌제품기술실 열연제품기술그룹 , 윤철수 , (이용)접합 , 2026-07-01 , 고객기술지원 , 철강분야 , 정성효과 ,0,0,0,0,0,0,0,0,0,0,0,0,0,0,  ,  ,"148,321,600",0,  ,  ,0,0, 과제종결(완료평가) 
1165,20269431, 현안과제 , 2026W008 , BCA강 양산을 위한 NRL 시험 편차 저감 및 판정 가이드라인 체계화 연구 , 2026-01-19 , 2026-06-12 , 2026-07-14 ,"133,980,600","133,980,600","87,041,008",1,1, 솔루션연구소 강재솔루션연구그룹 ,  , 솔루션연구소 강재솔루션연구그룹 , 솔루션연구소 강재솔루션연구그룹 , 김성호 , (광양)품질기술부 , 장성호 , (이용)강재성능 , 2026-08-03 , 기술축적 , 철강분야 , 정성효과 ,0,0,0,0,0,0,0,0,0,0,0,0,0,0,  ,  ,"133,980,600",0,  ,  ,0,0, 과제종결(완료평가) 
1166,20269435, 현안과제 , 2026W011 , 대형 Coke Oven 건류 만족 下 공급열량 하향화 기술 , 2026-01-26 , 2026-06-19 , 2026-06-20 ,"108,381,500","108,381,500","93,087,340",1,1, 포스코홀딩스 ,  , 공정DX연구소 제선연구그룹 , 공정DX연구소 제선연구그룹 , 서승국 , (광양)화성부 , 김현수 , (공정)제선공정-원가절감기술 , 2026-06-22 , 조업/기술경영자료 , 철강분야 , 정량효과 ,0,0,0,0,0,0,0,0,0,"4,280,850,000",0,0,0,0, 에너지절감 ," 대형 Coke Oven 공급 열량 하향화로 소비열량 16.2Mcal/t-C 저감 : 16.2Mcal/t-C * 3,500,000 t-c/년 * 75.5원/Mcal = 4,280,850,000원/년 ","108,381,500","4,280,850,000",2,50,"8,561,700,000",79, 과제종결(완료평가) 
1167,20269441, 현안과제 , 2026W010 , 저불량형 EH40BCA 100t 강재 용접부 물성 및 CTOD 향상 연구 , 2026-01-26 , 2026-06-19 , 2026-07-14 ,"115,151,000","115,151,000","78,759,341",1,1, 솔루션연구소 강재솔루션연구그룹 ,  , 솔루션연구소 강재솔루션연구그룹 , 솔루션연구소 강재솔루션연구그룹 , 김성호 , 글로벌제품기술실 열연제품기술그룹 , 윤철수 , (이용)접합 , 2026-07-15 , 기술축적 , 철강분야 , 정성효과 ,0,0,0,0,0,0,0,0,0,0,0,0,0,0,  ,  ,"115,151,000",0,  ,  ,0,0, 과제종결(완료평가) 
1168,20269445, 현안과제 , 2026W009 , 원전 복수기用 S32050 생산 효율성 증대를 위한 용접솔루션 개발 , 2026-02-02 , 2026-08-21 , 2026-08-24 ,"144,008,000","144,008,000","125,174,991",1,1, 솔루션연구소 강재솔루션연구그룹 ,  , 솔루션연구소 강재솔루션연구그룹 , 솔루션연구소 강재솔루션연구그룹 , 정성훈 , (포항)STS압연부 , 이재강 , (이용)접합 , 2026-08-22 , 기술축적 , 철강분야 , 정성효과 ,0,0,0,0,0,0,0,0,0,0,0,0,0,0,  ,  ,"144,008,000",0,  ,  ,0,0, 과제종결(완료평가) 
1169,20269447, 현안과제 , 2026W013 , 석탄 사일로내 자연발화 방지 설비 기본 설계 , 2026-02-02 , 2026-06-05 , 2026-06-01 ,"49,000,000","49,000,000","51,701,597",1,1, 공정DX연구소 압연엔지니어링연구그룹 ,  , 공정DX연구소 엔지니어링연구그룹 , 공정DX연구소 엔지니어링연구그룹 , 이주동 , (포항)제선부 , 김성연 , (공정)제선공정-원가절감기술 , 2027-01-01 ,  , 철강분야 , 정량효과 ,"56,310,000,000",0,0,"6,130,000,000",0,0,0,0,0,0,0,0,0,0," 생산성향상,자재수명향상 "," 화재 1건 예방시 기준 FINEX조업손실방지를 통해 기회손실비용 △624억원 절감* *3FINEX 3성형탄 사용불가, All Coke 조업에 따른 감산 손실 563.1억원, 원료불출 벨트컨베이어 복구비용 61.3억원 ","2,649,000,000","62,440,000,000",4,50,"249,760,000,000",94.28, 과제종결(완료평가) 
1170,20269453, 현안과제 , 2026W015 , ET Car 장착용 슬라브 보열커버 개발 , 2026-02-23 , 2026-05-22 , 2026-06-02 ,"123,288,610","123,288,610","133,618,110",1,1, 공정DX연구소 압연엔지니어링연구그룹 ,  , 공정DX연구소 엔지니어링연구그룹 , 공정DX연구소 엔지니어링연구그룹 , 황종연 , (포항)생산기술부 , 김우경 , (환경/에너지)에너지 , 2026-09-30 ,  , 철강분야 , 정량효과 ,0,0,0,0,0,0,0,0,0,"506,030,000",0,0,0,0, 에너지절감 ," 수식 : 톤수x [슬라브 1℃상승시 필요열량]x [연료원단위]/[가열로효율] --> 1 톤 x 0.163 Mcal/ton℃ x 73 원/Mcal / 0.53 = 22.45원 683,364톤, 33℃ 온도 보존 = 5억603만원 ","323,288,610","506,030,000",4,30,"2,024,120,000",6.26, 과제종결(완료평가) 
1171,20269465, 현안과제 , 2026W016 ," 2ACL 상태 모니터링 로봇, 센싱기법 연구 및 로봇용 Physical AI 개발 ", 2026-03-09 , 2026-07-31 , 2026-08-11 ,"43,575,900","43,575,900","48,177,342",1,1, 공정DX연구소 압연엔지니어링연구그룹 ,  , 공정DX연구소 압연엔지니어링연구그룹 , 공정DX연구소 압연엔지니어링연구그룹 , 이도륜 , (포항)전기강판부 , 한동현 , (엔지니어링)기계설비-Smart solution기술(AI/Big Data/IoT) , 2027-12-29 , 기술축적 , 철강분야 , 정성효과 ,0,0,0,0,0,0,0,0,0,0,0,0,0,0,  ,  ,"43,575,900",0,  ,  ,0,0, 과제종결(완료평가) 
1172,20269477, 현안과제 , 2026W017 , 4-2CAL RCS 냉각 조건에 따른 Strip 온도 및 열응력 거동과 형상 변형 특성 분석 , 2026-03-23 , 2026-06-19 , 2026-06-18 ,"174,598,000","174,598,000","198,813,050",1,1, 공정DX연구소 압연엔지니어링연구그룹 ,  , 공정DX연구소 엔지니어링연구그룹 , 공정DX연구소 엔지니어링연구그룹 , 차경세 , (광양)GigaSteel프로젝트팀 , 오진근 , (제품)냉연제품-선도제품개발기술 , 2026-07-01 , 기타 , 철강분야 , 정량효과 ,0,0,0,0,0,0,0,"674,000,000",0,0,0,0,0,0, 실수율/품질향상 ," ○ 년간기대이익 산출내역 (단위:천원) - 1500MART강 생산재 기준 - ‘25년기준 영업이익[24만원/톤]x초시험불량율[11.7%]x생산량 24000톤= 674,000천원/년 ","174,598,000","674,000,000",1,25,"674,000,000",3.86, 과제종결(완료평가) 
1173,20269501, 현안과제 , 2026W019 , 2열연 Hyper NO 저크라운 대응 윤활압연 설비 개선 , 2026-03-30 , 2026-08-21 , 2026-08-27 ,"148,700,000","148,700,000","119,627,773",1,1, 공정DX연구소 압연엔지니어링연구그룹 , (광양)열연부 열연AHSS기술개발섹션 , 공정DX연구소 압연엔지니어링연구그룹 , 공정DX연구소 압연엔지니어링연구그룹 , 윤기호 , (광양)열연부 , 기호중 , (공정)열연공정-원가절감기술 , 2026-09-01 , 기술축적 , 철강분야 , 정성효과 ,0,0,0,0,0,0,0,0,0,0,0,0,0,0,  ,  ,"148,700,000",0,  ,  ,0,0, 과제종결(완료평가) 
1174,20269505, 현안과제 , 2026W018 , Finex 3공장 PC 취입 배관 유량계 내부 미분탄 부착 저감 기술 개발 , 2026-03-23 , 2026-06-19 , 2026-06-17 ,"49,992,980","49,992,980","54,410,052",1,1, 공정DX연구소 압연엔지니어링연구그룹 , (포항)제선부 2제선공장 , 공정DX연구소 엔지니어링연구그룹 , 공정DX연구소 엔지니어링연구그룹 , 조운관 , (포항)FINEX부 , 김태훈 , (공정)제선공정-원가절감기술 , 2026-07-01 , 기술축적 , 철강분야 , 정량효과 ,0,"1,644,918,143",0,0,0,0,0,0,0,0,0,0,0,0, 원단위절감 ," ○ 용선 생산량 : 201 ton/hr ① ○ Coal비 저감 : 941원/ton ([개선전] 210,058 → 209,117원/ton) ② ○ 연간 Coal비 절감액 : 16.4억원 - 210ton/hr(①) × 941원/ton(②) × 24hr/day × 365day/년 × 0.95(가동율) = 16.4억원 ","99,985,960","1,644,918,143",4,10,"6,579,672,572",65.81, 과제종결(완료평가) 
1175,20269507, 현안과제 , 2026W020 , STS후판재 활용 STS봉강 제품 개발 , 2026-03-30 , 2026-08-21 , 2026-08-26 ,"32,275,100","32,275,100","10,654,182",1,1, 제품연구소 STS연구그룹 ,  , 제품연구소 STS연구그룹 , 제품연구소 STS연구그룹 , 송석원 , 스테인리스마케팅실 STS냉연판매그룹 , 이진호 , (제품)STS제품-선도제품개발기술 , 2027-02-01 , 기술축적 , 철강분야 , 정성효과 ,0,0,0,0,0,0,0,0,0,0,0,0,0,0,  ,  ,"32,275,100",0,  ,  ,0,0, 과제종결(완료평가) 
1176,20269554, 현안과제 , 2026W024 , 지하 컬버트 화재발생 조기감지를 위한 스마트 센서 및 운영 기술개발 , 2026-05-11 , 2026-08-28 , 2026-08-19 ,"134,071,000","134,071,000","158,192,198",1,1, 공정DX연구소 로봇AI연구그룹 ,  , 공정DX연구소 로봇AI연구그룹 , 공정DX연구소 로봇AI연구그룹 , 황석균 , 공정DX연구소 로봇AI연구그룹 , 김기원 , (엔지니어링)제어계측-Smart solution기술(AI/Big Data/IoT) , 2026-12-01 , 기술축적 , 철강분야 , 정성효과 ,0,0,0,0,0,0,0,0,0,0,0,0,0,0,  ,  ,"134,071,000",0,  ,  ,0,0, 과제종결(완료평가) 
